stage,layer,n,mean_neg_score,mean_valence_score,mean_NEG,mean_NEU,mean_POS,pole_gap_NEG_minus_POS,persona_spread_within_NEG,persona_ratio_within_NEG,spearman_neg_score_vs_pole_num,spearman_valence_score_vs_pole_num,spearman_neg_score_vs_rating,spearman_valence_score_vs_rating,spearman_neg_score_vs_signed_intensity,spearman_valence_score_vs_signed_intensity
choice1,0,72,9.348221388335029,-9.348221388335029,17.582241694132488,2.695192680383722,7.767229790488879,9.815011903643608,3.001237450326208,0.3057803169053788,-0.3355807253422262,0.3355807253422262,-0.15162597382647264,0.15162597382647264,-0.24195486001561206,0.24195486001561206
choice1,1,72,19.344213088353474,-19.344213088353474,27.81763207912445,13.644550700982412,16.570456484953564,11.247175594170887,1.0628407714438257,0.09449845986175123,-0.36177239171039993,0.36177239171039993,-0.030433221730950706,0.030433221730950706,-0.15980450661843876,0.15980450661843876
choice1,2,72,22.37032295597924,-22.37032295597924,29.561447143554688,18.40135912100474,19.148162603378296,10.413284540176392,1.1984125684903795,0.11508497284086308,-0.5762166600998225,0.5762166600998225,-0.15549131369135769,0.15549131369135769,-0.31063308248277577,0.31063308248277577
choice1,3,72,20.580015513632034,-20.580015513632034,27.737475951512653,16.815261085828144,17.187309503555298,10.550166447957356,1.1383417957583484,0.10789799396754973,-0.6597025966483764,0.6597025966483764,-0.23038438347517812,0.23038438347517812,-0.33933959129818736,0.33933959129818736
choice1,4,72,17.852920413017273,-17.852920413017273,23.734005212783813,15.037716627120972,14.787039399147034,8.94696581363678,1.6922530792507586,0.18914267859070855,-0.6613395757963872,0.6613395757963872,-0.41936405651995023,0.41936405651995023,-0.4946973065338601,0.4946973065338601
choice1,5,72,6.752658023602432,-6.752658023602432,11.075425704320272,5.704979072014491,3.4775692944725356,7.597856409847736,1.465244706054654,0.19284974958930792,-0.828311448893495,0.828311448893495,-0.47776613482782015,0.47776613482782015,-0.5679540771655014,0.5679540771655014
choice1,6,72,8.000222302145428,-8.000222302145428,12.258512993653616,6.835271080334981,4.906882832447688,7.351630161205928,1.733481751630221,0.2357955601164067,-0.775109626583142,0.775109626583142,-0.4882143679123784,0.4882143679123784,-0.55952164313596,0.55952164313596
choice1,7,72,4.923206782382396,-4.923206782382396,9.067604819933573,4.135670791069667,1.5663447361439466,7.501260083789626,1.8477520172389705,0.24632555018749447,-0.8446812403736035,0.8446812403736035,-0.5406074462556235,0.5406074462556235,-0.6594262228687694,0.6594262228687694
choice1,8,72,3.741900412572755,-3.741900412572755,6.842877020438512,3.9358124335606894,0.4470117837190628,6.395865236719449,1.2706712558820517,0.19867073630428791,-0.8782393129078261,0.8782393129078261,-0.5207574913163012,0.5207574913163012,-0.6781850946649564,0.6781850946649564
choice1,9,72,1.568743009120226,-1.568743009120226,4.921689237157504,1.7658213364581268,-1.9812815462549527,6.9029707834124565,1.067945676164983,0.15470812635209333,-0.9036124897019945,0.9036124897019945,-0.5147147329249089,0.5147147329249089,-0.6473540077444454,0.6473540077444454
choice1,10,72,0.6275177001953125,-0.6275177001953125,4.867278275390466,0.42871300627787906,-3.4134381810824075,8.280716456472874,1.2854982702892706,0.15523998159415564,-0.9240747290521302,0.9240747290521302,-0.5243021261268945,0.5243021261268945,-0.671300802820526,0.671300802820526
choice1,11,72,-2.2674006509284177,2.2674006509284177,1.5841972306370735,-2.6237296300629773,-5.762669553359349,7.346866783996423,0.9149263397734458,0.12453286096957918,-0.902794000127989,0.902794000127989,-0.4661869944465488,0.4661869944465488,-0.6223860976101,0.6223860976101
choice1,12,72,-2.7823597772253885,2.7823597772253885,2.123158579071363,-3.1539591550827026,-7.316278755664825,9.439437334736189,0.9951542672755118,0.10542516804613378,-0.8954275939619402,0.8954275939619402,-0.4979030363946666,0.4979030363946666,-0.6458717439501901,0.6458717439501901
choice1,13,72,-2.009746324684885,2.009746324684885,2.053819422920545,-2.096672217051188,-5.986386179924011,8.040205602844557,0.7389135773843115,0.0919023236324815,-0.8528661361136578,0.8528661361136578,-0.47101444947430915,0.47101444947430915,-0.6056365167350147,0.6056365167350147
choice1,14,72,-1.1367243578036625,1.1367243578036625,2.8233310356736183,-1.2071000263094902,-5.026404082775116,7.849735118448734,0.9977058256768919,0.12710057226415797,-0.769380199565104,0.769380199565104,-0.4958606515752295,0.4958606515752295,-0.5610697853210711,0.5610697853210711
choice1,15,72,-0.46247370251350933,0.46247370251350933,4.574813142418861,-0.9837842000027498,-4.978450049956639,9.5532631923755,0.958907422152262,0.10037485651160225,-0.8135786365613972,0.8135786365613972,-0.5794296370383116,0.5794296370383116,-0.6516361031500719,0.6516361031500719
choice1,16,72,0.5757450984997882,-0.5757450984997882,6.0642063816388445,-0.21680488375325999,-4.12016620238622,10.184372584025065,1.1903343913201951,0.1168785196632851,-0.8078492095433591,0.8078492095433591,-0.6215432744308362,0.6215432744308362,-0.6494950554472586,0.6494950554472586
choice1,17,72,-0.06471471767872572,0.06471471767872572,4.615499378181994,-0.759146053964893,-4.050497477253278,8.66599685543527,1.2244774192763614,0.1412967763204732,-0.7939348867852668,0.7939348867852668,-0.6851272712475258,0.6851272712475258,-0.6864363631196443,0.6864363631196443
choice1,18,72,-0.32366400398314,0.32366400398314,3.6949208887914815,-1.0274398867040873,-3.6384730140368142,7.333393902828296,0.8927848182611532,0.12174237878001204,-0.7382775957528976,0.7382775957528976,-0.5700954320370827,0.5700954320370827,-0.6383286681972018,0.6383286681972018
choice1,19,72,0.09445264790621069,-0.09445264790621069,4.742026058956981,-0.8561003444095453,-3.6025677708288035,8.344593829785785,1.0540626210967592,0.12631682770877514,-0.7317296791608542,0.7317296791608542,-0.6441782995784818,0.6441782995784818,-0.6645647373555212,0.6645647373555212
choice1,20,72,0.7403530258064469,-0.7403530258064469,6.314385935664177,-0.8568943856904904,-3.236432472554346,9.550818408218523,1.179783316873013,0.12352693417956769,-0.7677432204170931,0.7677432204170931,-0.6682311786503646,0.6682311786503646,-0.659228587696202,0.659228587696202
choice1,21,72,2.261352005932066,-2.261352005932066,8.837348322073618,0.32802867889404297,-2.381320983171463,11.218669305245081,1.253924672062336,0.11177124825990609,-0.8291299384675004,0.8291299384675004,-0.7181598918395783,0.7181598918395783,-0.7066939683078005,0.7066939683078005
choice1,22,72,3.6505233419852123,-3.6505233419852123,9.615703056255976,1.6784529220312834,-0.3425859523316224,9.958289008587599,1.537110636971242,0.15435489325984655,-0.7480994706409628,0.7480994706409628,-0.7049772261868481,0.7049772261868481,-0.6214802697358329,0.6214802697358329
choice1,23,72,2.041419032547209,-2.041419032547209,9.132101704676947,-0.41562841335932416,-2.592216193675995,11.724317898352941,1.912933517699179,0.16315947198667416,-0.7399145749009085,0.7399145749009085,-0.6915413723333612,0.6915413723333612,-0.6025896411579343,0.6025896411579343
choice1,24,72,2.2252342171139188,-2.2252342171139188,9.153937369585037,-0.08903648455937703,-2.389198233683904,11.543135603268942,1.789246988391137,0.1550052819170238,-0.7816575431751854,0.7816575431751854,-0.7138219339999474,0.7138219339999474,-0.6599697195933296,0.6599697195933296
choice1,25,72,2.5080895634988942,-2.5080895634988942,9.23695303996404,0.1514997494717439,-1.864184098939101,11.101137138903141,1.94961631826484,0.17562311805270373,-0.7497364497889737,0.7497364497889737,-0.6936512740063334,0.6936512740063334,-0.5931196224724142,0.5931196224724142
choice1,26,72,3.1436625531771116,-3.1436625531771116,11.101925949255625,0.40244271450986463,-2.073381004234155,13.17530695348978,2.7260386108843924,0.20690513097779015,-0.756284366381017,0.756284366381017,-0.7470233467258377,0.7470233467258377,-0.6820719197254481,0.6820719197254481
choice1,27,72,2.101865971253978,-2.101865971253978,10.006283064683279,-0.6227013046542803,-3.0779838462670646,13.084266910950344,2.8279678982713436,0.2161349900241328,-0.7513734289369846,0.7513734289369846,-0.736456959147593,0.736456959147593,-0.6451800208462043,0.6451800208462043
choice1,28,72,2.120805937796831,-2.120805937796831,9.941902120908102,-0.4771687624355157,-3.1023155450820923,13.044217665990194,2.3155176591172575,0.17751295772642914,-0.7955718659332777,0.7955718659332777,-0.7064457177512368,0.7064457177512368,-0.6416555269354194,0.6416555269354194
choice1,29,72,1.4923275994757812,-1.4923275994757812,8.926001111666361,-1.052825205028057,-3.396193108210961,12.322194219877321,2.2147893349157766,0.17973984952639602,-0.7841130118972017,0.7841130118972017,-0.6879460998826167,0.6879460998826167,-0.6071352501269841,0.6071352501269841
choice1,30,72,0.7513839817709393,-0.7513839817709393,8.271346718072891,-1.8835944930712383,-4.133600279688835,12.404946997761726,2.121280229560955,0.1710027644570917,-0.7832945223231963,0.7832945223231963,-0.7072727992070418,0.7072727992070418,-0.6700820525896938,0.6700820525896938
choice1,31,72,2.212197135306067,-2.212197135306067,10.131112287441889,-0.7252824182311693,-2.769238463292519,12.900350750734408,2.159787740735283,0.16742085408897334,-0.7251817625688107,0.7251817625688107,-0.7225484873193604,0.7225484873193604,-0.6745617831678877,0.6745617831678877
choice1,32,72,1.5042632354630365,-1.5042632354630365,9.082354287306467,-1.1566558356086414,-3.4129087453087172,12.495263032615185,1.826725350596867,0.14619342912820174,-0.7374591061788922,0.7374591061788922,-0.7165394873547356,0.7165394873547356,-0.6872269038099138,0.6872269038099138
choice1,33,72,3.2533756784266896,-3.2533756784266896,11.215652932723364,0.4305860449870427,-1.8861119424303372,13.101764875153702,1.504663882817438,0.11484436617168235,-0.7579213455290279,0.7579213455290279,-0.7121340126615697,0.7121340126615697,-0.6986732742211078,0.6986732742211078
choice1,34,72,3.8946410396860704,-3.8946410396860704,11.51715091864268,1.2526992602894704,-1.0859270598739386,12.603077978516618,1.4095162214052939,0.1118390462875795,-0.7554658768070116,0.7554658768070116,-0.7132311615315152,0.7132311615315152,-0.7134300337728053,0.7134300337728053
choice1,35,72,4.5449458617303105,-4.5449458617303105,13.26451830069224,1.799447697897752,-1.4291284133990605,14.693646714091301,1.2680141636294076,0.08629676405744627,-0.7611953038250496,0.7611953038250496,-0.6357555720999769,0.6357555720999769,-0.6628024904001287,0.6628024904001287
choice1,36,72,4.894327049867974,-4.894327049867974,13.174548427263895,2.320372946560383,-0.8119402242203554,13.986488651484251,1.1372879026521359,0.08131332538073782,-0.7440070227709357,0.7440070227709357,-0.6511494147059819,0.6511494147059819,-0.6491821330906936,0.6491821330906936
choice1,37,72,3.977228416543868,-3.977228416543868,13.284975508848825,1.1384427001078923,-2.4917329593251147,15.77670846817394,1.3559431904212995,0.08594588618764291,-0.7440070227709357,0.7440070227709357,-0.6415451422906125,0.6415451422906125,-0.657631036717949,0.657631036717949
choice1,38,72,3.3670940071137414,-3.3670940071137414,14.954731345487138,-0.17183109559118748,-4.681618228554726,19.636349574041866,2.27885203751534,0.11605273316827952,-0.6998085857746424,0.6998085857746424,-0.6271640524876342,0.6271640524876342,-0.6399756279685966,0.6399756279685966
choice1,39,72,2.131365911828147,-2.131365911828147,14.097185800472895,-1.4364535436034203,-6.266634521385034,20.36382032185793,2.125934106891516,0.10439760679923112,-0.6867127525905555,0.6867127525905555,-0.6005624121948009,0.6005624121948009,-0.6160782416856578,0.6160782416856578
choice1,40,72,1.825605662746562,-1.825605662746562,13.387512082854906,-1.592551497121652,-6.318143597493569,19.705655680348475,2.2352683254010968,0.11343283175450107,-0.6727984298324633,0.6727984298324633,-0.5962919712087053,0.5962919712087053,-0.6164241032376508,0.6164241032376508
choice1,41,72,1.805402510282066,-1.805402510282066,12.956698422630629,-1.4696812480688095,-6.07080964371562,19.02750806634625,2.3252328705112975,0.12220375166330434,-0.6662505132404198,0.6662505132404198,-0.6100654093298676,0.6100654093298676,-0.6346230087115635,0.6346230087115635
choice1,42,72,2.131126542472177,-2.131126542472177,12.95279852549235,-1.0211863654355209,-5.538232532640298,18.49103105813265,2.211677243039876,0.11960810817345663,-0.6711614506844524,0.6711614506844524,-0.6048159739675129,0.6048159739675129,-0.6326960657790316,0.6326960657790316
choice1,43,72,2.2855566172964044,-2.2855566172964044,12.554784546295801,-0.7394794536133608,-4.958635240793228,17.513419787089028,2.0784882354131957,0.11867974734126265,-0.6670690028144253,0.6670690028144253,-0.6074491312553821,0.6074491312553821,-0.6307691228464997,0.6307691228464997
choice1,44,72,2.2406092224021754,-2.2406092224021754,12.61083577076594,-0.8374696150422096,-5.051538488517205,17.662374259283144,2.013380294358137,0.11399261870469805,-0.6621580653703927,0.6621580653703927,-0.5978448588400127,0.5978448588400127,-0.6209532426089865,0.6209532426089865
choice1,45,72,2.2772817810376487,-2.2772817810376487,12.419482320547104,-0.7518534710009893,-4.835783506433169,17.255265826980274,2.0302011782787934,0.11765690535490783,-0.6629765549443981,0.6629765549443981,-0.6006636874751036,0.6006636874751036,-0.6259435307163128,0.6259435307163128
choice1,46,72,2.305161895851294,-2.305161895851294,12.291628594199816,-0.6798740973075231,-4.69626880933841,16.987897403538227,2.0835484842663625,0.12264899150099662,-0.6654320236664144,0.6654320236664144,-0.6010350301695467,0.6010350301695467,-0.6299785821562301,0.6299785821562301
choice1,47,72,1.8979356500009696,-1.8979356500009696,11.51356699069341,-0.942936934530735,-4.876823106159766,16.390390096853178,2.152298612057196,0.1313146666637556,-0.6678874923884307,0.6678874923884307,-0.6010856678096981,0.6010856678096981,-0.6340301031938613,0.6340301031938613
choice1,48,72,1.3093612098859415,-1.3093612098859415,10.885334561268488,-1.5336877529819806,-5.423563178628683,16.30889773989717,2.0402593747012654,0.12510099745797595,-0.6687059819624361,0.6687059819624361,-0.6084281256316412,0.6084281256316412,-0.6356111845744004,0.6356111845744004
choice1,49,72,1.3201274515853987,-1.3201274515853987,10.677326733867327,-1.438362754881382,-5.278581624229749,15.955908358097076,2.128431691523982,0.13339457984815237,-0.6727984298324633,0.6727984298324633,-0.6003936200609632,0.6003936200609632,-0.6390203913011876,0.6390203913011876
choice1,50,72,1.646560924127698,-1.646560924127698,10.795195400714874,-1.0154859920342763,-4.840026636297504,15.63522203701238,2.105212700337709,0.1346455263221819,-0.6777093672764958,0.6777093672764958,-0.5986719402958178,0.5986719402958178,-0.6421166756714098,0.6421166756714098
choice1,51,72,1.312413454780148,-1.312413454780148,10.383539487918219,-1.3080257798234622,-5.138273343754311,15.52181283167253,1.996442746642244,0.1286217510991028,-0.6768908777024903,0.6768908777024903,-0.5974903953589534,0.5974903953589534,-0.6351994446315516,0.6351994446315516
choice1,52,72,1.1192546453740861,-1.1192546453740861,10.248338639736176,-1.524165153503418,-5.366409550110499,15.614748189846676,2.0782954269846297,0.1330982351887057,-0.6744354089804742,0.6744354089804742,-0.5888988757466107,0.5888988757466107,-0.6358252893446817,0.6358252893446817
choice1,53,72,0.6224716256062189,-0.6224716256062189,10.25907992819945,-2.1544948468605676,-6.2371702045202255,16.496250132719673,1.996840972032132,0.12104817494683082,-0.6564286383523547,0.6564286383523547,-0.5694033842883478,0.5694033842883478,-0.5996580527648516,0.5996580527648516
choice1,54,72,0.8375681142012278,-0.8375681142012278,10.413168589274088,-1.9174604266881943,-5.983003819982211,16.396172409256298,2.0501341883107447,0.12503736464452897,-0.6515177009083221,0.6515177009083221,-0.5634956596040257,0.5634956596040257,-0.5969240995443362,0.5969240995443362
choice1,55,72,0.7282772283587191,-0.7282772283587191,10.407877723375956,-2.094731941819191,-6.128314096480608,16.536191819856562,2.1232773331275556,0.12840183255360746,-0.645788273890284,0.645788273890284,-0.562027168039637,0.562027168039637,-0.5937125279901163,0.5937125279901163
choice1,56,72,0.9730347494284312,-0.9730347494284312,10.610937647521496,-1.8419388656814892,-5.849894533554713,16.46083218107621,2.287255039340969,0.138951361278712,-0.6466067634642895,0.6466067634642895,-0.5603392467012593,0.5603392467012593,-0.60461540167675,0.60461540167675
choice1,57,72,0.6660976451304224,-0.6660976451304224,10.329330191016197,-2.1411181141932807,-6.189919141431649,16.519249332447846,2.300707850582364,0.13927435831259058,-0.640058846872246,0.640058846872246,-0.5516126933818464,0.5516126933818464,-0.594453659887244,0.594453659887244
choice1,58,72,0.7236315897769399,-0.7236315897769399,10.442296971877417,-2.127206022540728,-6.144196180005868,16.586493151883285,2.2191316385570543,0.13379149035521634,-0.6392403572982406,0.6392403572982406,-0.5569634040245038,0.5569634040245038,-0.5958041668997878,0.5958041668997878
choice1,59,72,0.6120440881285403,-0.6120440881285403,10.30272107819716,-2.250147553781668,-6.216441260029872,16.519162338227034,2.3000411690055125,0.1392347336936681,-0.6367848885762243,0.6367848885762243,-0.5571659545851092,0.5571659545851092,-0.5992792520174308,0.5992792520174308
choice1,60,72,1.096305909463101,-1.096305909463101,10.731548517942429,-1.7306051918615897,-5.712025597691536,16.443574115633965,2.2516749414916113,0.1369334261309285,-0.635966399002219,0.635966399002219,-0.5479836625043343,0.5479836625043343,-0.5916373586781588,0.5916373586781588
choice1,61,72,0.9990050322893593,-0.9990050322893593,10.502585078279177,-1.7834446349491675,-5.722125346461932,16.224710424741108,2.1531046671267067,0.13270527551871933,-0.6351479094282135,0.6351479094282135,-0.5487938647467555,0.5487938647467555,-0.5876187768359555,0.5876187768359555
choice1,62,72,0.8756004903051589,-0.8756004903051589,10.37430058668057,-1.9176290060083072,-5.829870109756787,16.20417069643736,2.1467144851855675,0.13247913302083045,-0.6367848885762243,0.6367848885762243,-0.5487938647467555,0.5487938647467555,-0.5871740976976789,0.5871740976976789
choice1,63,72,0.8928663341535462,-0.8928663341535462,10.292711600661278,-1.848181853691737,-5.7659307445089025,16.05864234517018,2.118715463901726,0.1319361511615553,-0.6408773364462514,0.6408773364462514,-0.543527550171017,0.543527550171017,-0.5873058544793905,0.5873058544793905
choice1,64,72,1.0073002172737486,-1.0073002172737486,10.552206461628279,-1.7758406122835975,-5.754465197523435,16.306671659151714,2.1944358859081636,0.1345728872069728,-0.6367848885762243,0.6367848885762243,-0.5393077468250727,0.5393077468250727,-0.5846707188451588,0.5846707188451588
choice1,65,72,0.7211846140627232,-0.7211846140627232,10.325531343619028,-2.0524136590150497,-6.10956384241581,16.435095186034836,2.1970014058488645,0.13367743727554993,-0.6343294198542081,0.6343294198542081,-0.5296190783427844,0.5296190783427844,-0.5781816973458632,0.5781816973458632
choice1,66,72,0.7085877259572347,-0.7085877259572347,10.459614997108778,-2.117396821578344,-6.2164549976587296,16.67606999476751,2.1893271188778414,0.13128555586326945,-0.6302369719841809,0.6302369719841809,-0.5251460867960833,0.5251460867960833,-0.5733890444111043,0.5733890444111043
choice1,67,72,0.7833873662683699,-0.7833873662683699,10.508310606082281,-2.0312882413466773,-6.126860265930493,16.635170872012775,2.1650849429895938,0.13015104922259382,-0.6285999928361701,0.6285999928361701,-0.5229686682695761,0.5229686682695761,-0.5710997703288655,0.5710997703288655
choice1,68,72,0.9017827498416106,-0.9017827498416106,10.347334012389183,-1.8028382298847039,-5.839147532979648,16.18648154536883,2.1379371913015652,0.1320816500676305,-0.6253260345401483,0.6253260345401483,-0.51918772447161,0.51918772447161,-0.5661094822215392,0.5661094822215392
choice1,69,72,0.4014950684375233,-0.4014950684375233,9.671214647591114,-2.2081328431765237,-6.25859659910202,15.929811246693134,2.094481098042606,0.13148185283597752,-0.6294184824101755,0.6294184824101755,-0.5189176570574695,0.5189176570574695,-0.5665706309575298,0.5665706309575298
choice1,70,72,0.485588532148136,-0.485588532148136,9.72689606497685,-2.1567352892210088,-6.113395179311435,15.840291244288284,2.1160177916894862,0.1335845256287496,-0.6253260345401483,0.6253260345401483,-0.5189345362708533,0.5189345362708533,-0.5685305130854896,0.5685305130854896
choice1,71,72,0.2358109201822016,-0.2358109201822016,9.494364958256483,-2.4190816432237625,-6.3678505544861155,15.862215512742598,2.1846835099107134,0.13772877490888275,-0.6253260345401483,0.6253260345401483,-0.5221753452405385,0.5221753452405385,-0.5739490107333786,0.5739490107333786
choice1,72,72,0.11577352094981405,-0.11577352094981405,9.44767132649819,-2.5270854073266187,-6.573265356322129,16.02093668282032,2.222216782479785,0.13870704481734378,-0.6187781179481049,0.6187781179481049,-0.5139382891092552,0.5139382891092552,-0.5621567787701917,0.5621567787701917
choice1,73,72,0.38131310707992977,-0.38131310707992977,9.762614741921425,-2.2714282870292664,-6.3472471336523695,16.109861875573795,2.290840607974719,0.14220113280102994,-0.6179596283740995,0.6179596283740995,-0.5111700981143157,0.5111700981143157,-0.5650389583701326,0.5650389583701326
choice1,74,72,0.2919330567949348,-0.2919330567949348,9.53456478441755,-2.334094432493051,-6.324671181539695,15.859235965957243,2.262717642106877,0.14267507255481474,-0.6155041596520832,0.6155041596520832,-0.5168077553844973,0.5168077553844973,-0.5639354953232981,0.5639354953232981
choice1,75,72,0.10843577194545004,-0.10843577194545004,8.894986773530642,-2.3280947419504323,-6.241584715743859,15.136571489274502,2.239635132463817,0.14796185080952987,-0.6285999928361701,0.6285999928361701,-0.5292814940751088,0.5292814940751088,-0.5793510387835535,0.5793510387835535
choice1,76,72,-0.14107910605768362,0.14107910605768362,8.522852764154473,-2.5775853730738163,-6.368504709253709,14.891357473408181,2.157267790809689,0.14486710124728175,-0.6277815032621646,0.6277815032621646,-0.527981794644558,0.527981794644558,-0.5694198713620429,0.5694198713620429
choice1,77,72,0.15049793348751134,-0.15049793348751134,8.65834803134203,-2.3458862298478684,-5.860968001031627,14.519316032373656,2.200754811620012,0.1515742757243522,-0.6302369719841809,0.6302369719841809,-0.5340920698894854,0.5340920698894854,-0.5784287413115724,0.5784287413115724
choice1,78,72,0.06257232640766436,-0.06257232640766436,8.553420942587158,-2.4308354624857507,-5.934868500878413,14.488289443465572,2.514425273531406,0.1735488018335697,-0.645788273890284,0.645788273890284,-0.5551573281924397,0.5551573281924397,-0.608732801105237,0.608732801105237
choice1,79,72,-1.351085500791669,1.351085500791669,6.94201922416687,-4.021911084031065,-6.973364642510812,13.915383866677683,2.57142813083602,0.184790312324309,-0.6801648359985121,0.6801648359985121,-0.6433174596959091,0.6433174596959091,-0.6599861891910436,0.6599861891910436
choice2,0,72,-1.5146061558690336,1.5146061558690336,5.414042746648192,-6.558315146714449,-3.3995460675408444,8.813588814189037,2.2746143678810484,0.2580803819914013,-0.4026968704106714,0.4026968704106714,-0.2191934650017337,0.2191934650017337,-0.2568269067513072,0.2568269067513072
choice2,1,72,-8.420997215641869,8.420997215641869,-1.7279803951581318,-11.916966358820597,-11.618044892946878,9.890064497788746,1.1244514710171278,0.1136950594476443,-0.5385661396955728,0.5385661396955728,-0.10530941230138738,0.10530941230138738,-0.17937038870260913,0.17937038870260913
choice2,2,72,-1.3860679786238406,1.3860679786238406,4.107977736741304,-4.271134162942569,-3.9950475096702576,8.103025246411562,0.8793620271673258,0.1085226813968959,-0.6662505132404198,0.6662505132404198,-0.26807566696115315,0.26807566696115315,-0.3523835126876343,0.3523835126876343
choice2,3,72,-1.8252051754130258,1.8252051754130258,3.7206615010897317,-4.699626455704371,-4.496650571624438,8.21731207271417,0.7707167297326708,0.09379182911792515,-0.6654320236664144,0.6654320236664144,-0.29079508817571753,0.29079508817571753,-0.32636154829959624,0.32636154829959624
choice2,4,72,0.3921736872030629,-0.3921736872030629,4.833925720304251,-1.6859702890117962,-1.9714343696832657,6.805360089987516,1.0216219133563758,0.1501201846555411,-0.6965346274786207,0.6965346274786207,-0.41036743578639684,0.41036743578639684,-0.4069637595116584,0.4069637595116584
choice2,5,72,3.91155438663231,-3.91155438663231,7.181929796934128,2.6285679241021476,1.9241654388606548,5.257764358073473,0.9323038965328071,0.17731945234503013,-0.7718356682871202,0.7718356682871202,-0.49180964036312297,0.49180964036312297,-0.5828261239011966,0.5828261239011966
choice2,6,72,1.9222491449779935,-1.9222491449779935,5.308913841843605,0.3379860868056615,0.11984750628471375,5.189066335558891,1.2711582115829996,0.24496857996826682,-0.6965346274786207,0.6965346274786207,-0.45231228104508375,0.45231228104508375,-0.5434308461694327,0.5434308461694327
choice2,7,72,2.4351795609626503,-2.4351795609626503,5.547903160254161,1.4968377215166886,0.2607978011171023,5.287105359137058,1.1283238540334828,0.21341051055158916,-0.7832945223231963,0.7832945223231963,-0.525247362076386,0.525247362076386,-0.5960018020723551,0.5960018020723551
choice2,8,72,4.615817392865817,-4.615817392865817,6.856488128503163,4.077631553014119,2.9133324970801673,3.943155631422996,0.47596603272578303,0.12070688484441523,-0.8193080635794352,0.8193080635794352,-0.4971265925790128,0.4971265925790128,-0.610643274440055,0.610643274440055
choice2,9,72,5.405305493209097,-5.405305493209097,7.631622791290283,4.992468823989232,3.591824864347776,4.039797926942507,0.45602872457499777,0.11288404341554281,-0.8700544171677718,0.8700544171677718,-0.49766672740729373,0.49766672740729373,-0.5853624419491447,0.5853624419491447
choice2,10,72,4.780352159092824,-4.780352159092824,7.604063252607982,4.162206808725993,2.5747864159444966,5.029276836663485,0.7271264412036255,0.14457872668747632,-0.8585955631316958,0.8585955631316958,-0.5630061624158962,0.5630061624158962,-0.6404038375091593,0.6404038375091593
choice2,11,72,5.113287521733178,-5.113287521733178,7.76921941836675,4.555015216271083,3.0156279305617013,4.753591487805048,0.6968615393795609,0.1465968502273076,-0.8905166565179076,0.8905166565179076,-0.596005024581181,0.596005024581181,-0.6633130479292612,0.6633130479292612
choice2,12,72,6.008087560534477,-6.008087560534477,9.177968939145407,5.4916260441144304,3.354667698343595,5.823301240801811,0.8822782536526765,0.1515082626107104,-0.9077049375720215,0.9077049375720215,-0.6607536871213512,0.6607536871213512,-0.6955111114600298,0.6955111114600298
choice2,13,72,5.150829061865807,-5.150829061865807,7.611059546470642,4.907666643460591,2.933760995666186,4.677298550804457,0.7229505369689151,0.15456583092062268,-0.9011570209799782,0.9011570209799782,-0.6507949512249226,0.6507949512249226,-0.6829283388065733,0.6829283388065733
choice2,14,72,4.339930597692728,-4.339930597692728,6.5516471068064375,4.041414380073547,2.4267303061981997,4.124916800608238,1.005942583928067,0.24386978757480296,-0.7415515540489194,0.7415515540489194,-0.6468789737198862,0.6468789737198862,-0.6133607580628564,0.6133607580628564
choice2,15,72,3.0344469723188214,-3.0344469723188214,6.025972257057826,2.331988103687763,0.7453805562108755,5.2805917008469505,0.8629944172904579,0.16342759792468764,-0.8364963446335492,0.8364963446335492,-0.7297559114342334,0.7297559114342334,-0.7306407633838811,0.7306407633838811
choice2,16,72,1.535466106194589,-1.535466106194589,5.2494456966718035,0.6166723072528839,-1.2597196853409212,6.509165382012725,1.060017690244562,0.16285001655877265,-0.8291299384675004,0.8291299384675004,-0.7211137541817393,0.7211137541817393,-0.631279680375632,0.631279680375632
choice2,17,72,1.6090098257280059,-1.6090098257280059,4.736738562583923,0.7910241819918156,-0.7007332673917214,5.437471829975645,0.8843805540110503,0.1626455422050456,-0.8234005114494624,0.8234005114494624,-0.7036437683295297,0.7036437683295297,-0.6210355905975563,0.6210355905975563
choice2,18,72,2.9744785730209617,-2.9744785730209617,5.777359257141749,2.3262731631596885,0.8198032987614473,4.957555958380302,0.7599284645350964,0.1532869161568425,-0.8168525948574189,0.8168525948574189,-0.6168508531101461,0.6168508531101461,-0.5496892933007329,0.5496892933007329
choice2,19,72,3.8933228589594364,-3.8933228589594364,6.9012986818949384,3.1414236798882484,1.6372462150951226,5.264052466799816,0.8400305951124112,0.15957868969020597,-0.8176710844314243,0.8176710844314243,-0.6085800385520952,0.6085800385520952,-0.5347019593810401,0.5347019593810401
choice2,20,72,2.285819214044346,-2.285819214044346,5.338097323973973,1.3663185468564432,0.15304177130262056,5.185055552671352,0.8597180230322075,0.1658069068496824,-0.8242190010234678,0.8242190010234678,-0.6444314877792384,0.6444314877792384,-0.5803392146463905,0.5803392146463905
choice2,21,72,1.902174375537369,-1.902174375537369,5.163254365324974,1.1394921652972698,-0.596223404010137,5.759477769335111,0.9103687983018253,0.15806446951646463,-0.7759281161571474,0.7759281161571474,-0.6132724598727853,0.6132724598727853,-0.5582699537096999,0.5582699537096999
choice2,22,72,3.9063179658518896,-3.9063179658518896,6.788322359323502,3.141373135149479,1.7892584030826886,4.999063956240813,0.8285029711719987,0.16573162064424052,-0.7399145749009085,0.7399145749009085,-0.610487389664462,0.610487389664462,-0.5477129415750592,0.5477129415750592
choice2,23,72,0.584965530782938,-0.584965530782938,3.9860126823186874,-0.3400924615561962,-1.8910236284136772,5.877036310732365,0.9618201674457295,0.16365734642294097,-0.7701986891391094,0.7701986891391094,-0.5986888195092016,0.5986888195092016,-0.5314080398382506,0.5314080398382506
choice2,24,72,0.9286807311905755,-0.9286807311905755,4.098892380793889,0.13520276422301927,-1.448052951445182,5.546945332239071,0.9223369140627552,0.1662783494010831,-0.8127601469873917,0.8127601469873917,-0.655993748947126,0.655993748947126,-0.6196686139872986,0.6196686139872986
choice2,25,72,1.3427905616246991,-1.3427905616246991,4.405719776948293,0.5264955361684164,-0.9038436282426119,5.309563405190905,0.9831481181854346,0.18516552928330376,-0.7734726474351311,0.7734726474351311,-0.6355530215393715,0.6355530215393715,-0.5808662417732368,0.5808662417732368
choice2,26,72,-0.3275142570750581,0.3275142570750581,2.740429058050116,-1.2110563392440479,-2.5119154900312424,5.252344548081359,1.1057842579948691,0.2105315536466098,-0.7783835848791637,0.7783835848791637,-0.7172146558900867,0.7172146558900867,-0.6719760563267979,0.6719760563267979
choice2,27,72,0.24487334148337445,-0.24487334148337445,3.6732277628034353,-0.6542281120394667,-2.284379626313845,5.95760738911728,1.3573014737278464,0.22782660640028404,-0.7513734289369846,0.7513734289369846,-0.7336043720857346,0.7336043720857346,-0.6847235249573937,0.6847235249573937
choice2,28,72,-0.24098724789089626,0.24098724789089626,3.207890907302499,-0.9974762396886945,-2.9333764112864933,6.1412673185889926,1.270624722416093,0.20689943239729053,-0.7587398351030333,0.7587398351030333,-0.7303298046892818,0.7303298046892818,-0.6960710777823039,0.6960710777823039
choice2,29,72,-0.06908766200972928,0.06908766200972928,3.2764658934126296,-0.8856148806711038,-2.598113998770714,5.874579892183343,1.2864872319959337,0.21899220975915584,-0.7407330644749139,0.7407330644749139,-0.7334862175920481,0.7334862175920481,-0.6683033360365874,0.6683033360365874
choice2,30,72,0.8981123872929149,-0.8981123872929149,4.313660542170207,0.08372236043214798,-1.70304574072361,6.016706282893817,1.4652753483586978,0.2435344654474231,-0.721907804272789,0.721907804272789,-0.7294183271665579,0.7294183271665579,-0.6586686213739278,0.6586686213739278
choice2,31,72,-0.11700752853519386,0.11700752853519386,3.8620028079797826,-1.2139106690883636,-2.9991147244970002,6.861117532476783,2.0651193393795744,0.30098877181514927,-0.6850757734425447,0.6850757734425447,-0.6656824174294143,0.6656824174294143,-0.5801909882669649,0.5801909882669649
choice2,32,72,0.18680393426782554,-0.18680393426782554,3.9916133837153516,-0.7406992428004742,-2.6905023381114006,6.682115721826753,1.9026093489710936,0.2847315772692065,-0.6556101487783492,0.6556101487783492,-0.673058633678125,0.673058633678125,-0.5759418320567663,0.5759418320567663
choice2,33,72,-0.5977688535220094,0.5977688535220094,3.724827936540047,-1.7794299200177193,-3.738704577088356,7.463532513628403,1.8039916658298458,0.2417074840279397,-0.6973531170526261,0.6973531170526261,-0.6420852771188934,0.6420852771188934,-0.607481111678977,0.607481111678977
choice2,34,72,0.9108447782281373,-0.9108447782281373,5.402824620405833,-0.32820567054053146,-2.3420846151808896,7.744909235586723,1.8947970003051622,0.24465063988081973,-0.6654320236664144,0.6654320236664144,-0.6030267773488325,0.6030267773488325,-0.5259401333972198,0.5259401333972198
choice2,35,72,0.945265956223011,-0.945265956223011,6.04080805554986,-0.47977344195048016,-2.725236744930347,8.766044800480207,1.8763859093325828,0.2140515993290148,-0.6924421796085936,0.6924421796085936,-0.6157368250268168,0.6157368250268168,-0.5456213026653878,0.5456213026653878
choice2,36,72,1.3188721102972825,-1.3188721102972825,6.180785499513149,0.07024744028846423,-2.2944166089097657,8.475202108422915,1.82466581231686,0.21529466660192698,-0.6818018151465229,0.6818018151465229,-0.5922747184233662,0.5922747184233662,-0.5062095553359098,0.5062095553359098
choice2,37,72,-0.016715286403066583,0.016715286403066583,4.8225263670707745,-1.290627520531416,-3.582044705748558,8.404571072819333,1.8285664998333888,0.21756809288543405,-0.6842572838685392,0.6842572838685392,-0.617087162097519,0.617087162097519,-0.5647589752089955,0.5647589752089955
choice2,38,72,-0.6753756035533216,0.6753756035533216,4.535563912242651,-1.9677720616261165,-4.5939186612765,9.129482573519152,2.057827863975437,0.22540465436062537,-0.6842572838685392,0.6842572838685392,-0.6033981200432755,0.6033981200432755,-0.5671635364752319,0.5671635364752319
choice2,39,72,-1.3701699419567983,1.3701699419567983,3.720248281955719,-2.585859361415108,-5.244898746411006,8.965147028366726,2.0913240203296017,0.23327269633307954,-0.6719799402584579,0.6719799402584579,-0.6159900132275735,0.6159900132275735,-0.5722526421688419,0.5722526421688419
choice2,40,72,-1.1853256180054612,1.1853256180054612,4.211727083971103,-2.3763117864727974,-5.391392151514689,9.603119235485792,2.228160194388319,0.2320246307215203,-0.6539731696303384,0.6539731696303384,-0.5997184515256121,0.5997184515256121,-0.557907622559993,0.557907622559993
choice2,41,72,-0.8743495667974154,0.8743495667974154,4.432282159725825,-2.037870265543461,-5.017460594574611,9.449742754300436,2.063227587843663,0.21833690519297144,-0.6482437426123003,0.6482437426123003,-0.5923759937036689,0.5923759937036689,-0.5630626066444588,0.5630626066444588
choice2,42,72,-0.7541480804276135,0.7541480804276135,4.255348611933489,-1.8757374410827954,-4.6420554121335345,8.897404024067024,1.963005839473709,0.22062680689377245,-0.6629765549443981,0.6629765549443981,-0.6010012717427792,0.6010012717427792,-0.5759253624590523,0.5759253624590523
choice2,43,72,-0.2840937838579218,0.2840937838579218,4.6609308971092105,-1.3928594142198563,-4.1203528344631195,8.78128373157233,1.892238964659525,0.21548546004226546,-0.6621580653703927,0.6621580653703927,-0.6019465076922706,0.6019465076922706,-0.5617615084250569,0.5617615084250569
choice2,44,72,-0.16167349947823417,0.16167349947823417,4.698561571538448,-1.2433832908670108,-3.94019877910614,8.638760350644588,1.8913634422017016,0.2189392187573042,-0.6613395757963872,0.6613395757963872,-0.6098459795558785,0.6098459795558785,-0.5615968124479175,0.5615968124479175
choice2,45,72,-0.09408834969831838,0.09408834969831838,4.72408043158551,-1.1856170793374379,-3.8207284013430276,8.544808832928538,1.8512602669130456,0.21665321051759193,-0.664613534092409,0.664613534092409,-0.6148422267174767,0.6148422267174767,-0.5666035701529577,0.5666035701529577
choice2,46,72,-0.006550998013052676,0.006550998013052676,4.59868666374435,-1.0261774063110352,-3.592162251472473,8.190848915216822,1.780981832898747,0.21743556148253068,-0.6719799402584579,0.6719799402584579,-0.617542900858881,0.617542900858881,-0.5756453792979153,0.5756453792979153
choice2,47,72,0.3415901092812419,-0.3415901092812419,4.84723907460769,-0.6422899554794034,-3.180178791284561,8.02741786589225,1.7143319801009584,0.21355957902540432,-0.6564286383523547,0.6564286383523547,-0.6057612099170043,0.6057612099170043,-0.5734055140088182,0.5734055140088182
choice2,48,72,0.3794791894033551,-0.3794791894033551,4.92222012206912,-0.642630991525948,-3.141151562333107,8.063371684402227,1.7436787523653832,0.21624685312948583,-0.658884107074371,0.658884107074371,-0.6044108728463021,0.6044108728463021,-0.5612838900913525,0.5612838900913525
choice2,49,72,0.5979755140013165,-0.5979755140013165,5.001168654610713,-0.3812096230685711,-2.8260324895381927,7.827201144148906,1.6413461535808038,0.2096977097372494,-0.6637950445184035,0.6637950445184035,-0.6071790638412417,0.6071790638412417,-0.5666859181415275,0.5666859181415275
choice2,50,72,0.7205131827957101,-0.7205131827957101,5.016070432960987,-0.22170089557766914,-2.6328299889961877,7.648900421957174,1.5905859184979436,0.2079496176904013,-0.6687059819624361,0.6687059819624361,-0.6033474824031242,0.6033474824031242,-0.5660106646352555,0.5660106646352555
choice2,51,72,0.7920298439761003,-0.7920298439761003,4.992045659571886,-0.12031364192565282,-2.4956424857179322,7.487688145289818,1.546766225885665,0.20657460565564137,-0.6597025966483764,0.6597025966483764,-0.5939795189751277,0.5939795189751277,-0.5650224887724187,0.5650224887724187
choice2,52,72,0.24277596610287824,-0.24277596610287824,4.4101174287498,-0.6622332812597355,-3.0195562491814294,7.429673677931229,1.506653051216044,0.2027885902568425,-0.6662505132404198,0.6662505132404198,-0.5992964711910176,0.5992964711910176,-0.5791534036109862,0.5791534036109862
choice2,53,72,-0.4216018695798185,0.4216018695798185,3.7360204719007015,-1.360387663046519,-3.640438417593638,7.376458889494339,1.5538657662024635,0.21065199297938228,-0.6580656175003655,0.6580656175003655,-0.6321940580759998,0.6321940580759998,-0.5843083876954519,0.5843083876954519
choice2,54,72,-0.3634131509396765,0.3634131509396765,3.7274595300356546,-1.2964344198505084,-3.5212645630041757,7.24872409303983,1.5339891390921874,0.21162195158801975,-0.6613395757963872,0.6613395757963872,-0.628919490679547,0.628919490679547,-0.5861200434439863,0.5861200434439863
choice2,55,72,-0.6652872007754114,0.6652872007754114,3.4238529602686563,-1.6028828298052151,-3.8168317327896752,7.2406846930583315,1.5603929795846552,0.21550351185442573,-0.6621580653703927,0.6621580653703927,-0.6285650271984877,0.6285650271984877,-0.5830072894760501,0.5830072894760501
choice2,56,72,-0.32738671120670104,0.32738671120670104,3.6652129143476486,-1.2559448406100273,-3.3914282073577247,7.056641121705374,1.5433100596229363,0.21870320921888764,-0.6605210862223818,0.6605210862223818,-0.6361100355810362,0.6361100355810362,-0.59443719028953,0.59443719028953
choice2,57,72,-0.48925894540217185,0.48925894540217185,3.4199197627604008,-1.3954620609680812,-3.492234537998835,6.912154300759235,1.5454820815700454,0.2235890598391718,-0.6466067634642895,0.6466067634642895,-0.6348778530040204,0.6348778530040204,-0.5835507862006103,0.5835507862006103
choice2,58,72,-0.5343377743330266,0.5343377743330266,3.358771864324808,-1.4424598217010498,-3.5193253656228385,6.878097229947647,1.5394617045192522,0.22382086979177088,-0.6523361904823275,0.6523361904823275,-0.6386925552287541,0.6386925552287541,-0.5849671716040099,0.5849671716040099
choice2,59,72,-0.4818162682155768,0.4818162682155768,3.331080485135317,-1.373710575203101,-3.4028187145789466,6.733899199714264,1.5044836251728038,0.223419386087134,-0.6416958260202569,0.6416958260202569,-0.6401779260065266,0.6401779260065266,-0.5854941987308562,0.5854941987308562
choice2,60,72,-0.19942077808082104,0.19942077808082104,3.5769495697071156,-1.0854002709190052,-3.0898116330305734,6.666761202737689,1.4693744365682468,0.22040304007961944,-0.645788273890284,0.645788273890284,-0.6304554990974708,0.6304554990974708,-0.5787581332658515,0.5787581332658515
choice2,61,72,-0.05380257467428843,0.05380257467428843,3.6979685512681804,-0.9513283508519331,-2.908047924439112,6.606016475707293,1.4720389728782752,0.2228330762255126,-0.6474252530382949,0.6474252530382949,-0.6334937575065507,0.6334937575065507,-0.5658130294626882,0.5658130294626882
choice2,62,72,0.07617954019871023,-0.07617954019871023,3.8105941458294788,-0.8262059750656287,-2.7558495501677194,6.566443695997198,1.4596124267578865,0.22228355169597258,-0.6539731696303384,0.6539731696303384,-0.6386587968019866,0.6386587968019866,-0.5674270500386551,0.5674270500386551
choice2,63,72,0.3924176939245727,-0.3924176939245727,4.080770273382465,-0.49289654195308685,-2.41062064965566,6.491390923038125,1.4202388897030036,0.21878806969744138,-0.6498807217603112,0.6498807217603112,-0.635823088953512,0.635823088953512,-0.5692057665917615,0.5692057665917615
choice2,64,72,0.1447451281775203,-0.1447451281775203,3.776863283632944,-0.7581842554112276,-2.5844436436891556,6.361306927322099,1.380030168874831,0.21694129596978562,-0.6474252530382949,0.6474252530382949,-0.6413088333032396,0.6413088333032396,-0.575085412975641,0.575085412975641
choice2,65,72,0.023383544861442514,-0.023383544861442514,3.743286533591648,-0.9212082549929619,-2.7519276440143585,6.495214177606007,1.439066437753434,0.22155796535778627,-0.6474252530382949,0.6474252530382949,-0.6402116844332941,0.6402116844332941,-0.5669988404980925,0.5669988404980925
choice2,66,72,-0.4367092479434278,0.4367092479434278,3.3819808748861155,-1.4208201641837757,-3.2712884545326233,6.653269329418739,1.4874523997064113,0.2235671406130138,-0.6523361904823275,0.6523361904823275,-0.6370046338903764,0.6370046338903764,-0.5611521333096409,0.5611521333096409
choice2,67,72,-0.6645853896107938,0.6645853896107938,3.0170514347652593,-1.5828527485330899,-3.427954855064551,6.44500628982981,1.4594189261785457,0.22644181565524646,-0.6433328051682677,0.6433328051682677,-0.6454273613688813,0.6454273613688813,-0.5681846515334967,0.5681846515334967
choice2,68,72,-0.9628181012554301,0.9628181012554301,2.6369582936167717,-1.8597436814258497,-3.6656689159572124,6.302627209573984,1.4098685530839885,0.22369537435790784,-0.6441512947422732,0.6441512947422732,-0.6262019373247588,0.6262019373247588,-0.5629637890581751,0.5629637890581751
choice2,69,72,-1.1787402155912585,1.1787402155912585,2.3896393477916718,-2.06720536450545,-3.858654630059997,6.248293977851668,1.3854458005341617,0.22173185279776403,-0.6482437426123003,0.6482437426123003,-0.6285481479851039,0.6285481479851039,-0.5546466422126314,0.5546466422126314
choice2,70,72,-1.124499688545863,1.124499688545863,2.4027484680215516,-2.002835802733898,-3.773411730925242,6.176160198946794,1.3520100704575422,0.21890786943772886,-0.6466067634642895,0.6466067634642895,-0.627552274395461,0.627552274395461,-0.5643801744615747,0.5643801744615747
choice2,71,72,-1.7349623882522185,1.7349623882522185,1.8248453792184591,-2.6072738617658615,-4.422458682209253,6.247304061427712,1.334488452481049,0.21361029323360242,-0.6490622321863058,0.6490622321863058,-0.6199903867995288,0.6199903867995288,-0.5660930126238253,0.5660930126238253
choice2,72,72,-2.1968748691595263,2.1968748691595263,1.3614348315944274,-3.0707186199724674,-4.881340819100539,6.242775650694966,1.3603380278710648,0.21790596106391033,-0.6482437426123003,0.6482437426123003,-0.6301685524699465,0.6301685524699465,-0.5694692801551847,0.5694692801551847
choice2,73,72,-2.1599312911017075,2.1599312911017075,1.4334053117781878,-3.044766467064619,-4.868432718018691,6.301838029796879,1.3361040014877945,0.2120181437812771,-0.6408773364462514,0.6408773364462514,-0.6143358503159633,0.6143358503159633,-0.5720385373985606,0.5720385373985606
choice2,74,72,-2.249887071756853,2.249887071756853,1.329891302312414,-3.1251789468030133,-4.95437357077996,6.284264873092374,1.348758208052168,0.21462465941357886,-0.6376033781502297,0.6376033781502297,-0.6134750104333907,0.6134750104333907,-0.5601145486536622,0.5601145486536622
choice2,75,72,-1.827502690669563,1.827502690669563,1.580894482632478,-2.632078862438599,-4.431323692202568,6.012218174835046,1.2200801972623454,0.20293345347465208,-0.6744354089804742,0.6744354089804742,-0.6131205469523313,0.6131205469523313,-0.5915879498850171,0.5915879498850171
choice2,76,72,-1.844035633115305,1.844035633115305,1.550082561870416,-2.713953229909142,-4.368236231307189,5.918318793177605,1.1723595358139316,0.19808996047414337,-0.6768908777024903,0.6768908777024903,-0.6298647266290386,0.6298647266290386,-0.6010414989728232,0.6010414989728232
choice2,77,72,-2.030267152314385,2.030267152314385,1.4346822208414476,-2.9361052364110947,-4.5893784413735075,6.024060662214955,1.155202901574079,0.19176481884054078,-0.6908052004605827,0.6908052004605827,-0.6402285636466779,0.6402285636466779,-0.6262729226705918,0.6262729226705918
choice2,78,72,-2.4322827830910683,2.4322827830910683,1.05351339528958,-3.383719210823377,-4.966642533739408,6.020155929028988,1.1633321984417169,0.19323954597789875,-0.6899867108865773,0.6899867108865773,-0.6629479848612423,0.6629479848612423,-0.6624730984458498,0.6624730984458498
choice2,79,72,-3.743825614452362,3.743825614452362,0.6048629730939865,-5.087771872679393,-6.74856794377168,7.353430916865666,1.4366393387268153,0.19536993751199472,-0.5532989520276705,0.5532989520276705,-0.5438144967985412,0.5438144967985412,-0.3754738886825896,0.3754738886825896
manip1,0,72,-4.139306091186073,4.139306091186073,8.600936812038222,-9.079826874658465,-11.939028210937977,20.539965022976197,3.7473036365408876,0.18243963085375844,-0.35931692298838364,0.35931692298838364,-0.06940732543409278,0.06940732543409278,0.008597130006680926,-0.008597130006680926
manip1,1,72,-5.45074862241745,5.45074862241745,16.38704204559326,-11.926614145437876,-20.812673767407734,37.19971581300099,2.688272037707366,0.07226592942862851,-0.40105989126266056,0.40105989126266056,-0.1061196145438087,0.1061196145438087,-0.03488260795814215,0.03488260795814215
manip1,2,72,-10.601977679464552,10.601977679464552,12.253044684727987,-12.12519665559133,-31.933781067530315,44.1868257522583,1.4250376102924294,0.03225028243219301,-0.6621580653703927,0.6621580653703927,-0.2740509084990103,0.2740509084990103,-0.2796702387805533,0.2796702387805533
manip1,3,72,-8.940093398094177,8.940093398094177,12.548681378364563,-9.926800012588501,-29.442161560058594,41.99084293842316,1.4549194776198031,0.03464849419082508,-0.6564286383523547,0.6564286383523547,-0.2401236895976177,0.2401236895976177,-0.2557563828999006,0.2557563828999006
manip1,4,72,-12.161036312580109,12.161036312580109,8.451574464639029,-10.020042975743612,-34.91464042663574,43.36621489127477,0.2657537556375687,0.00612812892026318,-0.4927307235512687,0.4927307235512687,-0.15223362550828864,0.15223362550828864,-0.20521118751579376,0.20521118751579376
manip1,5,72,-4.631195121341282,4.631195121341282,16.250192205111187,-4.469977974891663,-25.673799594243366,41.92399179935455,0.28460194229026037,0.006788522038940052,-0.4845458278112144,0.4845458278112144,-0.16950106079989294,0.16950106079989294,-0.21550468608701134,0.21550468608701134
manip1,6,72,-3.9442725314034357,3.9442725314034357,16.251943627993267,-3.556979854901632,-24.52778136730194,40.77972499529521,0.5777445495886441,0.014167445946614376,-0.5017341088653284,0.5017341088653284,-0.1936045775119271,0.1936045775119271,-0.24966263174573977,0.24966263174573977
manip1,7,72,-4.049864768981934,4.049864768981934,18.347543557484943,-4.569829146067302,-25.927308718363445,44.27485227584839,0.8501243945942246,0.019201066765793848,-0.5099190046053828,0.5099190046053828,-0.21526060828331356,0.21526060828331356,-0.28444642211759824,0.28444642211759824
manip1,8,72,-4.986392047670153,4.986392047670153,20.52919101715088,-8.046544551849365,-27.44182260831197,47.971013625462845,0.3767000799844922,0.007852660419594325,-0.7260002521428162,0.7260002521428162,-0.40356511279273455,0.40356511279273455,-0.4070625770979421,0.4070625770979421
manip1,9,72,-4.175352891286214,4.175352891286214,21.184690713882446,-4.973705530166626,-28.737043857574463,49.92173457145691,0.15350201359542365,0.0030748533662367868,-0.721907804272789,0.721907804272789,-0.3334319811831393,0.3334319811831393,-0.3777796323625423,0.3777796323625423
manip1,10,72,-3.7665251360999212,3.7665251360999212,20.577596187591553,-3.7462050914764404,-28.130966504414875,48.708562692006424,0.3874615826430091,0.007954691356692313,-0.716178377254751,0.716178377254751,-0.3392890682273101,0.3392890682273101,-0.3993712749655283,0.3993712749655283
manip1,11,72,-4.166495124499003,4.166495124499003,20.147035042444866,-2.660259485244751,-29.986260930697124,50.13329597314199,0.2132692158569208,0.0042540433800956545,-0.5786721288218388,0.5786721288218388,-0.21090577123029897,0.21090577123029897,-0.3033699898909247,0.3033699898909247
manip1,12,72,-3.8388719823625355,3.8388719823625355,19.509403944015503,-1.791467825571696,-29.234552065531414,48.74395600954692,0.2487952587422255,0.0051041252928567555,-0.5696687435077791,0.5696687435077791,-0.21092265044368275,0.21092265044368275,-0.28535224999186537,0.28535224999186537
manip1,13,72,-4.1937909258736505,4.1937909258736505,20.735608736673992,-3.881350557009379,-29.435630957285564,50.171239693959556,0.24941010304866817,0.004971176805078952,-0.5721242122297954,0.5721242122297954,-0.20158844544245383,0.20158844544245383,-0.2834088374616195,0.2834088374616195
manip1,14,72,-4.823725514941746,4.823725514941746,19.85030722618103,-5.9128654797871905,-28.408618291219074,48.2589255174001,0.8342383781878002,0.017286716793705022,-0.7407330644749139,0.7407330644749139,-0.3799004556286786,0.3799004556286786,-0.4250309082038595,0.4250309082038595
manip1,15,72,-4.492490278349982,4.492490278349982,19.751501480738323,-4.558024366696675,-28.670947949091595,48.42244942982992,0.8607728651033628,0.01777631811770961,-0.7456440019189465,0.7456440019189465,-0.3979105763091691,0.3979105763091691,-0.44042998206640105,0.44042998206640105
manip1,16,72,-3.2630328204896717,3.2630328204896717,20.266015926996868,-2.8518160581588745,-27.203298330307007,47.46931425730388,1.1735443448466036,0.024722167640457034,-0.7366406166048868,0.7366406166048868,-0.39784305945563403,0.39784305945563403,-0.41966181934911245,0.41966181934911245
manip1,17,72,-3.3710231251186795,3.3710231251186795,21.160080353418987,-2.7644762992858887,-28.508673429489136,49.66875378290813,1.1252125062984437,0.022654333370563624,-0.6245075449661429,0.6245075449661429,-0.3388502086793319,0.3388502086793319,-0.39138352007426347,0.39138352007426347
manip1,18,72,-3.980093903011746,3.980093903011746,21.468966960906982,-4.034416675567627,-29.374831994374592,50.84379895528157,0.570559160436688,0.011221804274273632,-0.6973531170526261,0.6973531170526261,-0.34735733222475573,0.34735733222475573,-0.4012817483003463,0.4012817483003463
manip1,19,72,-3.670614653163486,3.670614653163486,22.159243663152058,-4.2515071630477905,-28.919580459594727,51.07882412274678,0.917455601040809,0.017961564636571992,-0.7538288976590007,0.7538288976590007,-0.4340320929504528,0.4340320929504528,-0.47980879020045103,0.47980879020045103
manip1,20,72,-3.416527920299106,3.416527920299106,22.867261568705242,-4.884250561396281,-28.23259476820628,51.09985633691152,0.9191813613770642,0.017987944140522013,-0.7587398351030333,0.7587398351030333,-0.4474173091637883,0.4474173091637883,-0.5084658902227208,0.5084658902227208
manip1,21,72,-4.403398666116926,4.403398666116926,19.142430782318115,-3.461792767047882,-28.890834013621014,48.03326479593913,1.0492639274032387,0.02184452653511794,-0.7480994706409628,0.7480994706409628,-0.44881828387464184,0.44881828387464184,-0.5127973944214891,0.5127973944214891
manip1,22,72,-4.8093590007887945,4.8093590007887945,18.487915515899658,-1.712946355342865,-31.203046162923176,49.69096167882283,1.310425559873947,0.026371507324488366,-0.7472809810669574,0.7472809810669574,-0.445543716478189,0.445543716478189,-0.4911728126230752,0.4911728126230752
manip1,23,72,-1.7477974825435214,1.7477974825435214,21.28744415442149,0.3721766670544942,-26.903013269106548,48.19045742352804,1.9270221248304706,0.03998762883478338,-0.7456440019189465,0.7456440019189465,-0.4197522784277771,0.4197522784277771,-0.45213986604101813,0.45213986604101813
manip1,24,72,-1.70497142109606,1.70497142109606,20.627230644226074,0.7221598575512568,-26.46430476506551,47.09153540929158,1.878661952320631,0.039893835186991036,-0.7587398351030333,0.7587398351030333,-0.44078377830396376,0.44078377830396376,-0.4909916470482218,0.4909916470482218
manip1,25,72,-2.383544009592798,2.383544009592798,20.171873450279236,-0.9380232940117518,-26.38448218504588,46.55635563532512,1.9809148876182878,0.04254875323865015,-0.7497364497889737,0.7497364497889737,-0.4323948092522264,0.4323948092522264,-0.4546267752958243,0.4546267752958243
manip1,26,72,-2.7846757570902505,2.7846757570902505,20.68399214744568,-2.9023188749949136,-26.135700543721516,46.81969269116719,2.4734627354021774,0.0528295380261821,-0.7497364497889737,0.7497364497889737,-0.47123387924829824,0.47123387924829824,-0.5095364140741274,0.5095364140741274
manip1,27,72,-2.553702665699853,2.553702665699853,20.544147789478302,-2.3705009619394937,-25.834754824638367,46.37890261411667,2.7905609869070096,0.060168758414254224,-0.7480994706409628,0.7480994706409628,-0.47369824440232977,0.47369824440232977,-0.4964101446961107,0.4964101446961107
manip1,28,72,-2.2198802104426756,2.2198802104426756,21.05146332581838,-2.4760812732080617,-25.235022683938343,46.28648600975672,2.7325078819018165,0.05903467982697653,-0.7505549393629791,0.7505549393629791,-0.4815133201990187,0.4815133201990187,-0.49449967136129275,0.49449967136129275
manip1,29,72,-2.0092784704433546,2.0092784704433546,21.182838837305706,-2.5666346177458763,-24.644039630889893,45.8268784681956,3.427742518771137,0.07479764350849319,-0.7243632729948053,0.7243632729948053,-0.4905774577861072,0.4905774577861072,-0.4894929136562525,0.4894929136562525
manip1,30,72,-2.2901799049642353,2.2901799049642353,21.25790148973465,-3.0965250432491302,-25.031916161378224,46.28981765111287,3.3887982793723093,0.07320828750965792,-0.7497364497889737,0.7497364497889737,-0.4674529354503321,0.4674529354503321,-0.4964101446961107,0.4964101446961107
manip1,31,72,-2.4587667021486492,2.4587667021486492,19.370776176452637,-2.744858751694361,-24.002217531204224,43.37299370765686,3.215192728198382,0.07412890956684845,-0.746462491492952,0.746462491492952,-0.47011985116496896,0.47011985116496896,-0.5023721390685599,0.5023721390685599
manip1,32,72,-2.901043461428748,2.901043461428748,19.55733323097229,-4.095578372478485,-24.16488524278005,43.722218473752335,2.9379810722300954,0.06719652329613254,-0.7415515540489194,0.7415515540489194,-0.4604143034692969,0.4604143034692969,-0.4985841315943519,0.4985841315943519
manip1,33,72,-3.7876391145918102,3.7876391145918102,17.510504563649494,-5.12994384765625,-23.743478059768677,41.25398262341817,3.1156080755582933,0.07552260115099027,-0.7440070227709357,0.7440070227709357,-0.45810185123571945,0.45810185123571945,-0.5009063448720186,0.5009063448720186
manip1,34,72,-4.634331312444475,4.634331312444475,15.89430026213328,-5.2513686418533325,-24.545925557613373,40.44022581974665,3.135897348079553,0.07754401179798355,-0.746462491492952,0.746462491492952,-0.4572747697799143,0.4572747697799143,-0.5037226460811037,0.5037226460811037
manip1,35,72,-5.124257316191991,5.124257316191991,13.867600480715433,-4.9748054047425585,-24.265567024548847,38.13316750526428,2.786883503023667,0.07308292715623317,-0.733366658308865,0.733366658308865,-0.42495107614998057,0.42495107614998057,-0.5138843878706097,0.5138843878706097
manip1,36,72,-5.53964004251692,5.53964004251692,14.086814284324646,-6.174017906188965,-24.531716505686443,38.61853079001109,3.4522277188729236,0.08939303614745132,-0.7169968668287564,0.7169968668287564,-0.42778678399845516,0.42778678399845516,-0.4930668163601793,0.4930668163601793
manip1,37,72,-4.955814229117499,4.955814229117499,14.845516482988993,-5.890789985656738,-23.822169184684753,38.667685667673744,3.6319835460869068,0.09392813361786613,-0.7120859293847239,0.7120859293847239,-0.4229930873974624,0.4229930873974624,-0.5020756863097089,0.5020756863097089
manip1,38,72,-4.5356261812978325,4.5356261812978325,14.608095943927765,-5.520989482601483,-22.693985005219776,37.30208094914754,4.278998346524422,0.11471205459979063,-0.7014455649226533,0.7014455649226533,-0.42966037668405443,0.42966037668405443,-0.5165195235048414,0.5165195235048414
manip1,39,72,-3.327312824833724,3.327312824833724,16.02387770016988,-4.5642026991893845,-21.44161347548167,37.46549117565155,4.446913732868793,0.1186935922451965,-0.7120859293847239,0.7120859293847239,-0.42837755646688735,0.42837755646688735,-0.5225309266704324,0.5225309266704324
manip1,40,72,-3.3516237338383994,3.3516237338383994,15.939955800771713,-4.193299760421117,-21.801527241865795,37.74148304263751,4.590667845696677,0.12163453779785184,-0.704719523218675,0.704719523218675,-0.4208663065111064,0.4208663065111064,-0.5136208743071865,0.5136208743071865
manip1,41,72,-3.3949692158235445,3.3949692158235445,16.03513143459956,-4.145232252776623,-22.074806829293568,38.10993826389313,4.775497402613434,0.1253084528645886,-0.6965346274786207,0.6965346274786207,-0.4346059862055012,0.4346059862055012,-0.5333349827707825,0.5333349827707825
manip1,42,72,-3.303478259179327,3.303478259179327,16.237179497877758,-4.072449838121732,-22.075164437294006,38.31234393517177,4.800512063042943,0.12529935707316364,-0.6965346274786207,0.6965346274786207,-0.42797245534567674,0.42797245534567674,-0.5277188499503261,0.5277188499503261
manip1,43,72,-3.039024051692751,3.039024051692751,17.2622234026591,-3.8221356868743896,-22.55715987086296,39.819383273522064,4.640195140415363,0.11653106499770591,-0.7063565023666859,0.7063565023666859,-0.43661461259817075,0.43661461259817075,-0.5336149659319196,0.5336149659319196
manip1,44,72,-3.1490070621172586,3.1490070621172586,16.937740395466488,-4.307446708281835,-22.077314873536427,39.015055269002914,4.841366879732646,0.12408970963522035,-0.693260669182599,0.693260669182599,-0.42410711548079166,0.42410711548079166,-0.526187177362929,0.526187177362929
manip1,45,72,-3.3669067236284413,3.3669067236284413,16.737242778142292,-4.516598516454299,-22.32136443257332,39.05860721071561,4.889554135902596,0.1251850612471702,-0.6924421796085936,0.6924421796085936,-0.41322002284825526,0.41322002284825526,-0.5171288986202575,0.5171288986202575
manip1,46,72,-3.2915235774384604,3.2915235774384604,16.817340165376663,-4.376895075043042,-22.315015822649002,39.132355988025665,4.766735585787468,0.12181059548896235,-0.6998085857746424,0.6998085857746424,-0.4277530255716876,0.4277530255716876,-0.5257589678223663,0.5257589678223663
manip1,47,72,-3.431542765763071,3.431542765763071,16.716771344343822,-4.660622134804726,-22.350777506828308,39.067548851172134,4.782340569237335,0.1224120967367486,-0.7014455649226533,0.7014455649226533,-0.4312301435287458,0.4312301435287458,-0.5282458770771725,0.5282458770771725
manip1,48,72,-3.2278773743245335,3.2278773743245335,16.89818638563156,-4.459034410615762,-22.1227840979894,39.02097048362096,4.774592564607297,0.12235965701087397,-0.7006270753486479,0.7006270753486479,-0.4277361463583038,0.4277361463583038,-0.5246719743732458,0.5246719743732458
manip1,49,72,-3.4185080693827734,3.4185080693827734,16.72080775598685,-4.7054244329531985,-22.270907531181972,38.99171528716882,4.864124736981319,0.12474764706188697,-0.7030825440706642,0.7030825440706642,-0.4270609778229527,0.4270609778229527,-0.5226462138544301,0.5226462138544301
manip1,50,72,-3.324912270738019,3.324912270738019,16.717559670408566,-4.276641882956028,-22.415654599666595,39.13321427007516,4.891224118156142,0.1249890715441798,-0.6998085857746424,0.6998085857746424,-0.4233475508785217,0.4233475508785217,-0.5235849809241252,0.5235849809241252
manip1,51,72,-3.209259403662549,3.209259403662549,17.04292753835519,-4.40320223942399,-22.26750350991885,39.31043104827404,4.687803428746545,0.1192508782971579,-0.7055380127926805,0.7055380127926805,-0.4303693036461731,0.4303693036461731,-0.5226132746590022,0.5226132746590022
manip1,52,72,-2.6945342645049095,2.6945342645049095,17.286149834593136,-3.815695477028688,-21.554057151079178,38.84020698567231,4.873245719555998,0.12546909756051713,-0.7137229085327347,0.7137229085327347,-0.4408512951574989,0.4408512951574989,-0.5283117554680282,0.5283117554680282
manip1,53,72,-2.0726319710827537,2.0726319710827537,17.65231169387698,-3.138808130597075,-20.731399476528168,38.38371117040515,4.929792194096705,0.1284344854568858,-0.7104489502367131,0.7104489502367131,-0.44125639627870955,0.44125639627870955,-0.5235026329355554,0.5235026329355554
manip1,54,72,-2.122596005857405,2.122596005857405,17.656829702357452,-3.2189056860903897,-20.805712033839274,38.46254173619673,5.2381472640597835,0.13618827637514694,-0.7079934815146968,0.7079934815146968,-0.4389101856183645,0.4389101856183645,-0.522382700291007,0.522382700291007
manip1,55,72,-2.2052751027254596,2.2052751027254596,17.263675831568737,-3.161530311529835,-20.717970828215282,37.98164665978402,5.3219836114205945,0.14011987576767315,-0.7079934815146968,0.7079934815146968,-0.436749646305241,0.436749646305241,-0.5223991698887209,0.5223991698887209
manip1,56,72,-2.444055281372534,2.444055281372534,17.206956213340163,-3.4286400203903518,-21.110482037067413,38.31743825040758,5.594721172433452,0.14600979156987204,-0.7104489502367131,0.7104489502367131,-0.4477886518582314,0.4477886518582314,-0.5343396282313333,0.5343396282313333
manip1,57,72,-2.2596142407920627,2.2596142407920627,17.294316086918116,-3.2319591268897057,-20.841199682404596,38.13551576932271,5.801032430963106,0.15211627046171017,-0.7088119710887022,0.7088119710887022,-0.452143488911246,0.452143488911246,-0.5370900510495626,0.5370900510495626
manip1,58,72,-2.276276228328546,2.276276228328546,17.316625587642193,-3.3871574997901917,-20.75829677283764,38.07492236047983,5.81562337238742,0.1527415687766127,-0.7088119710887022,0.7088119710887022,-0.452143488911246,0.452143488911246,-0.5370900510495626,0.5370900510495626
manip1,59,72,-2.3535525262769728,2.3535525262769728,17.12969436123967,-3.583362732703487,-20.606989207367103,37.73668356860678,5.836984457819492,0.15467666752452222,-0.7071749919406913,0.7071749919406913,-0.4522110057647811,0.4522110057647811,-0.5376335477741229,0.5376335477741229
manip1,60,72,-2.687648748720272,2.687648748720272,16.56737843543912,-3.80111026763916,-20.829214413960774,37.396592849399894,5.916555882669143,0.15821109443033354,-0.7039010336446696,0.7039010336446696,-0.4550635928266395,0.4550635928266395,-0.5424426703065958,0.5424426703065958
manip1,61,72,-2.848910522957643,2.848910522957643,16.46593854824702,-4.0005306626359625,-21.012139454483986,37.47807800273101,5.832245108678398,0.1556175081404496,-0.7030825440706642,0.7030825440706642,-0.45124889060190576,0.45124889060190576,-0.5426403054791632,0.5426403054791632
manip1,62,72,-2.8874689299199314,2.8874689299199314,16.286666202048462,-4.03741933653752,-20.911653655270737,37.1983198573192,5.789966041194473,0.1556512784287818,-0.7030825440706642,0.7030825440706642,-0.44581378389232945,0.44581378389232945,-0.5398075346723641,0.5398075346723641
manip1,63,72,-2.866647344910436,2.866647344910436,16.27800538018346,-3.8724437231818833,-21.005503691732883,37.28350907191634,5.833354013402618,0.1564593612192091,-0.6981716066266316,0.6981716066266316,-0.44297807604385486,0.44297807604385486,-0.5331373475982151,0.5331373475982151
manip1,64,72,-2.866036969754431,2.866036969754431,16.096288378039997,-3.8660157968600593,-20.82838349044323,36.92467186848323,5.729236421214414,0.15516011737681978,-0.6973531170526261,0.6973531170526261,-0.43602384012973855,0.43602384012973855,-0.5297281408714278,0.5297281408714278
manip1,65,72,-2.7008432067102857,2.7008432067102857,16.26971944173177,-3.8118196626504264,-20.5604293992122,36.83014884094397,5.88528036193407,0.1597951826735878,-0.6973531170526261,0.6973531170526261,-0.44485166872945414,0.44485166872945414,-0.5367606590952837,0.5367606590952837
manip1,66,72,-2.436172940664821,2.436172940664821,16.535609441498917,-3.764334755639235,-20.079793507854145,36.61540294935306,5.797608221715103,0.1583379603860822,-0.6957161379046153,0.6957161379046153,-0.4400242137016938,0.4400242137016938,-0.5281470594908888,0.5281470594908888
manip1,67,72,-2.373063763293127,2.373063763293127,16.51207969679187,-3.610903580362598,-20.02036740630865,36.53244710310052,5.82908348066836,0.1595590753671041,-0.698990096200637,0.698990096200637,-0.4416108597597689,0.4416108597597689,-0.5297116712737139,0.5297116712737139
manip1,68,72,-2.3824155932913222,2.3824155932913222,16.475942563265562,-3.6482052858918905,-19.97498405724764,36.4509266205132,5.7463725113053234,0.15764681570732642,-0.6940791587566044,0.6940791587566044,-0.435230517100701,0.435230517100701,-0.5335655571387777,0.5335655571387777
manip1,69,72,-1.9455443881452084,1.9455443881452084,16.585227419932682,-2.996628787368536,-19.42523179699977,36.01045921693245,5.513625671597617,0.1531117845063486,-0.6957161379046153,0.6957161379046153,-0.4331374946411126,0.4331374946411126,-0.5325938508736547,0.5325938508736547
manip1,70,72,-1.9578061662614346,1.9578061662614346,16.719867137571175,-3.1215526970724263,-19.471732939283054,36.19160007685423,5.627651530303291,0.15549606865551013,-0.7030825440706642,0.7030825440706642,-0.42400584020048904,0.42400584020048904,-0.5289376001811583,0.5289376001811583
manip1,71,72,-1.3858582973480225,1.3858582973480225,17.600100805362064,-2.894986671706041,-18.862689025700092,36.46278983106215,5.663182731153008,0.1553140271874814,-0.6924421796085936,0.6924421796085936,-0.4037001464998048,0.4037001464998048,-0.5209827844853213,0.5209827844853213
manip1,72,72,-1.1256674408084817,1.1256674408084817,17.555296873052914,-2.4670753615597882,-18.46522383391857,36.02052070697148,5.683016536961516,0.15777163753942108,-0.693260669182599,0.693260669182599,-0.4016577616803677,0.4016577616803677,-0.5222180043138674,0.5222180043138674
manip1,73,72,-1.3302606807814703,1.3302606807814703,17.33977261930704,-2.772879553337892,-18.55767510831356,35.8974477276206,5.910565197776614,0.16465140481920232,-0.6973531170526261,0.6973531170526261,-0.40358199200611833,0.40358199200611833,-0.5234038153492717,0.5234038153492717
manip1,74,72,-1.1857921282450359,1.1857921282450359,17.413917226095993,-2.536489004890124,-18.43480460594098,35.84872183203697,5.970771447894441,0.16655465363226796,-0.6965346274786207,0.6965346274786207,-0.40152272797329747,0.40152272797329747,-0.5220203691413001,0.5220203691413001
manip1,75,72,-1.618547470619281,1.618547470619281,17.713513751824696,-3.0400245810548463,-19.529131582627695,37.24264533445239,5.939974425810627,0.1594938912761839,-0.687531242164561,0.687531242164561,-0.3955812448622078,0.3955812448622078,-0.523008545004137,0.523008545004137
manip1,76,72,-1.6359041076567438,1.6359041076567438,17.659154454867046,-3.0750591357549033,-19.491807642082374,37.15096209694942,6.011319758756766,0.16180791611989973,-0.687531242164561,0.687531242164561,-0.3932687926286303,0.3932687926286303,-0.5222344739115814,0.5222344739115814
manip1,77,72,-1.8915278584592872,1.8915278584592872,17.492173162599403,-3.4071537678440413,-19.759602970133226,37.25177613273263,6.315710197848877,0.16954118309272637,-0.687531242164561,0.687531242164561,-0.40820689647327335,0.40820689647327335,-0.5358054224278747,0.5358054224278747
manip1,78,72,-2.139149830573135,2.139149830573135,17.43035814166069,-3.893090349932512,-19.954717283447582,37.38507542510827,6.758942693156421,0.1807925386347364,-0.6801648359985121,0.6801648359985121,-0.41919526438611243,0.41919526438611243,-0.5450942755385414,0.5450942755385414
manip1,79,72,-1.499634850356314,1.499634850356314,18.471998947362106,-3.802855479220549,-19.1680480192105,37.640046966572605,8.447295493998391,0.22442308590901255,-0.6531546800563329,0.6531546800563329,-0.45320687935442394,0.45320687935442394,-0.5744760378602249,0.5744760378602249
manip2,0,72,-20.52289737843805,20.52289737843805,-0.4754457399249077,-37.54281747341156,-23.55042892197768,23.074983182052772,3.89418202878018,0.16876207441004729,-0.5164669211974262,0.5164669211974262,-0.38185844438119676,0.38185844438119676,-0.3091343490908065,0.3091343490908065
manip2,1,72,-22.674787403394777,22.674787403394777,1.9772041005392869,-41.40793013572693,-28.593636174996693,30.57084027553598,1.8968965854243487,0.06204921318248233,-0.5320182231035293,0.5320182231035293,-0.3525223715201916,0.3525223715201916,-0.2840511517724635,0.2840511517724635
manip2,2,72,-20.155827147265274,20.155827147265274,1.2188675527771313,-31.325684547424316,-30.36066444714864,31.57953199992577,1.4466286969216617,0.04580906065755066,-0.7079934815146968,0.7079934815146968,-0.48591879489218465,0.48591879489218465,-0.41584087267947645,0.41584087267947645
manip2,3,72,-17.924067503876156,17.924067503876156,3.459513088067373,-26.516888459523518,-30.71482714017232,34.17434022823969,1.311595500580237,0.03837954125289625,-0.7595583246770388,0.7595583246770388,-0.4470459664693452,0.4470459664693452,-0.391861138407968,0.391861138407968
manip2,4,72,-11.054760120602118,11.054760120602118,11.998896572118005,-18.243808666865032,-26.919368267059326,38.91826483917733,1.7156567522022377,0.04408358798347968,-0.8397703029295709,0.8397703029295709,-0.4882987639792972,0.4882987639792972,-0.5291846441468675,0.5291846441468675
manip2,5,72,-9.531307501925362,9.531307501925362,17.037187725305557,-14.358434796333313,-31.272675434748333,48.309863160053894,1.715793661830495,0.035516425624017044,-0.8782393129078261,0.8782393129078261,-0.5758006061607994,0.5758006061607994,-0.6120102510503127,0.6120102510503127
manip2,6,72,-9.762718006968498,9.762718006968498,15.837585970759392,-14.969830056031546,-30.155909935633343,45.99349590639274,1.6537448737177392,0.03595605946291813,-0.8585955631316958,0.8585955631316958,-0.5679011342971916,0.5679011342971916,-0.598587528913445,0.598587528913445
manip2,7,72,-7.601359739692675,7.601359739692675,18.8676316794008,-13.941200226545334,-27.73051067193349,46.59814235133429,1.9824719141725378,0.04254401171671968,-0.8520476465396524,0.8520476465396524,-0.5653354938628574,0.5653354938628574,-0.6036766346070549,0.6036766346070549
manip2,8,72,-8.716082870960236,8.716082870960236,24.095954080422718,-16.00117627779643,-34.243026415506996,58.33898049592972,1.1618689837264287,0.019915825985465957,-0.8749653546118044,0.8749653546118044,-0.49174212350958785,0.49174212350958785,-0.5452754411133949,0.5452754411133949
manip2,9,72,-6.197329574161106,6.197329574161106,25.164561867713928,-11.980488101641336,-31.776062488555908,56.940624356269836,0.9015577288322244,0.015833295455127062,-0.9077049375720215,0.9077049375720215,-0.5187488649236317,0.5187488649236317,-0.5761065280339057,0.5761065280339057
manip2,10,72,-5.010955818825298,5.010955818825298,26.60709823668003,-10.953551332155863,-30.68641436100006,57.29351259768009,1.0576805280896062,0.018460738051037796,-0.908523427146027,0.908523427146027,-0.5300916963175302,0.5300916963175302,-0.5968088123603386,0.5968088123603386
manip2,11,72,0.06204097428255611,-0.06204097428255611,28.94080525636673,-3.0467360330124698,-25.707946300506592,54.64875155687332,0.707956121015286,0.012954662290473578,-0.9232562394781247,0.9232562394781247,-0.5296865951963196,0.5296865951963196,-0.5853953811445725,0.5853953811445725
manip2,12,72,-0.2485396299097273,0.2485396299097273,27.507295032342274,-3.1312419275442758,-25.12167199452718,52.628967026869454,0.6276432265011564,0.011925813139762298,-0.9011570209799782,0.9011570209799782,-0.5245721935410349,0.5245721935410349,-0.5734219836065322,0.5734219836065322
manip2,13,72,-1.0160035490989685,1.0160035490989685,28.675107340017956,-5.135782202084859,-26.58733578523,55.262443125247955,1.1293516875917493,0.020436151999870204,-0.8987015522579619,0.8987015522579619,-0.5050935812961558,0.5050935812961558,-0.5683328779129222,0.5683328779129222
manip2,14,72,-2.4400487906403012,2.4400487906403012,31.21378109852473,-9.103157112995783,-29.43077035744985,60.64455145597458,2.336536365046175,0.03852838068630787,-0.8471367090956198,0.8471367090956198,-0.46508984557660327,0.46508984557660327,-0.5244249304075366,0.5244249304075366
manip2,15,72,-1.4421793081694179,1.4421793081694179,31.766281599799793,-6.878268492718537,-29.214551031589508,60.980832631389305,1.9325715021614907,0.03169145809869965,-0.8872426982218858,0.8872426982218858,-0.5230868227632626,0.5230868227632626,-0.5685305130854896,0.5685305130854896
manip2,16,72,-2.0363133570386305,2.0363133570386305,29.792315502961475,-7.112462069839239,-28.78879350423813,58.5811090071996,1.8851563493462777,0.032180277589394776,-0.8896981669439021,0.8896981669439021,-0.5429030192758172,0.5429030192758172,-0.5683328779129222,0.5683328779129222
manip2,17,72,-0.7790952190342877,0.7790952190342877,28.576865916450817,-5.08486322996517,-25.829288343588512,54.40615426003933,1.9849188800998165,0.036483352060002444,-0.8716913963157826,0.8716913963157826,-0.5528448759588621,0.5528448759588621,-0.5723679293528395,0.5723679293528395
manip2,18,72,-1.487230945378542,1.487230945378542,27.143617150684197,-5.713944518317779,-25.891365468502045,53.03498261918624,1.317745577291301,0.02484672403408285,-0.8553216048356741,0.8553216048356741,-0.526310752519564,0.526310752519564,-0.5615803428502035,0.5615803428502035
manip2,19,72,-3.4783267887930074,3.4783267887930074,27.84931166966756,-7.517320209493239,-30.766971826553345,58.6162834962209,2.2044125290151566,0.037607511045241876,-0.83813332378156,0.83813332378156,-0.533366263713983,0.533366263713983,-0.5523079593372507,0.5523079593372507
manip2,20,72,-3.9859820674690933,3.9859820674690933,28.41313510139783,-8.754186820238829,-31.616894483566284,60.03002958496411,2.402413620488252,0.04002019717628111,-0.8340408759115329,0.8340408759115329,-0.5379236513276029,0.5379236513276029,-0.5521267937623973,0.5521267937623973
manip2,21,72,-2.4242047336366443,2.4242047336366443,28.68102991084258,-5.997962777813275,-29.955681333939236,58.636711244781814,2.3872106139515714,0.04071187764924339,-0.8741468650377989,0.8741468650377989,-0.5787375892895767,0.5787375892895767,-0.5878987599970926,0.5878987599970926
manip2,22,72,-3.206920241109199,3.206920241109199,27.134431211277843,-4.485200685759385,-32.269991248846054,59.4044224601239,2.574655600400659,0.04334114353403461,-0.8716913963157826,0.8716913963157826,-0.5816070555648188,0.5816070555648188,-0.5771111734944566,0.5771111734944566
manip2,23,72,-1.7897963774287038,1.7897963774287038,25.950620830679934,-2.3500839360058308,-28.969926026960213,54.92054685764015,3.196242953089119,0.0581975806135747,-0.8766023337598152,0.8766023337598152,-0.5811344375900731,0.5811344375900731,-0.5653683503244116,0.5653683503244116
manip2,24,72,-2.098316077142954,2.098316077142954,25.316050965338945,-2.7164449505507946,-28.894554246217012,54.21060521155596,3.1499963090112035,0.0581066434642889,-0.8684174380197609,0.8684174380197609,-0.6157874626669682,0.6157874626669682,-0.6001192015008422,0.6001192015008422
manip2,25,72,-2.8986129230923123,2.8986129230923123,24.085855698833864,-4.0337990547219915,-28.747895413388807,52.83375111222267,3.3992759822643808,0.06433909973653158,-0.8504106673916415,0.8504106673916415,-0.6133062182995529,0.6133062182995529,-0.5878493512039508,0.5878493512039508
manip2,26,72,-3.370739804373847,3.370739804373847,26.037085654834907,-6.306874538461368,-29.84243052949508,55.87951618432999,3.4930046003274002,0.06250957128556754,-0.8487736882436306,0.8487736882436306,-0.6322446957161512,0.6322446957161512,-0.6004485934551211,0.6004485934551211
manip2,27,72,-2.8574488171272807,2.8574488171272807,25.328274960319202,-5.545810128251712,-28.354811283449333,53.683086243768535,3.7764045257817216,0.0703462634140205,-0.8454997299476089,0.8454997299476089,-0.6448872265406005,0.6448872265406005,-0.6155676841565255,0.6155676841565255
manip2,28,72,-2.6759591824892492,2.6759591824892492,24.096929416060448,-5.097345092023413,-27.027461871504784,51.12439128756523,3.4453633573119546,0.06739177270458682,-0.8553216048356741,0.8553216048356741,-0.6529723697514298,0.6529723697514298,-0.6372910835412231,0.6372910835412231
manip2,29,72,-2.4917011708021164,2.4917011708021164,23.45450918873151,-4.728139907121658,-26.2014727940162,49.65598198274771,3.626825040293953,0.07303903569068564,-0.8667804588717501,0.8667804588717501,-0.6525672686302192,0.6525672686302192,-0.6294515550293838,0.6294515550293838
manip2,30,72,-3.0848970697261393,3.0848970697261393,23.265149305264156,-6.280343636870384,-26.23949687757219,49.504646182836346,3.437460967478305,0.06943713838056073,-0.8774208233338207,0.8774208233338207,-0.6553017011983912,0.6553017011983912,-0.6446529937193579,0.6446529937193579
manip2,31,72,-3.335782014661365,3.335782014661365,21.07734590768814,-6.414020285010338,-24.6706716666619,45.748017574350044,3.499701601345647,0.07649952472056093,-0.8725098858897881,0.8725098858897881,-0.6644333556390147,0.6644333556390147,-0.6683033360365874,0.6683033360365874
manip2,32,72,-3.23081640402476,3.23081640402476,22.022732575734455,-7.329445843895276,-24.38573594391346,46.40846851964791,3.4232703296676847,0.07376391505395999,-0.8741468650377989,0.8741468650377989,-0.671235678632677,0.671235678632677,-0.687803339729902,0.687803339729902
manip2,33,72,-3.7604209954539933,3.7604209954539933,21.548180527985096,-8.198577125867208,-24.63086638847987,46.17904691646497,3.981659103473017,0.08622220182836582,-0.879876292055837,0.879876292055837,-0.6555717686125315,0.6555717686125315,-0.6811660918511809,0.6811660918511809
manip2,34,72,-4.070762883457872,4.070762883457872,20.350864452620346,-7.371948525309563,-25.191204577684402,45.542069030304745,3.9563640721423328,0.08687273451519466,-0.8880611877958913,0.8880611877958913,-0.6550316337842507,0.6550316337842507,-0.6870292686373465,0.6870292686373465
manip2,35,72,-3.921414478785462,3.921414478785462,19.51866487165292,-7.0112501457333565,-24.27165816227595,43.79032303392887,3.4783819430921104,0.07943266233494212,-0.8954275939619402,0.8954275939619402,-0.6411062827426343,0.6411062827426343,-0.6918054519743914,0.6918054519743914
manip2,36,72,-4.523383814841509,4.523383814841509,18.711403254419565,-7.766080816586812,-24.51547388235728,43.22687713677685,4.169746669478402,0.09646189930132235,-0.8872426982218858,0.8872426982218858,-0.6521621675090086,0.6521621675090086,-0.7037129711215759,0.7037129711215759
manip2,37,72,-3.4017024462421737,3.4017024462421737,20.515252490838368,-7.148037659625213,-23.572322169939678,44.087574660778046,4.393131704602147,0.09964557448224615,-0.891335146091913,0.891335146091913,-0.6534618669395594,0.6534618669395594,-0.7196720113063917,0.7196720113063917
manip2,38,72,-2.7034786786470146,2.7034786786470146,20.14479527870814,-5.981574251006047,-22.27365706364314,42.41845234235128,4.294386993570716,0.10123865337923064,-0.8749653546118044,0.8749653546118044,-0.6501704203297228,0.6501704203297228,-0.728433837290212,0.728433837290212
manip2,39,72,-1.8633164001835718,1.8633164001835718,20.520324101050694,-4.701782320936521,-21.40849098066489,41.928815081715584,4.192594240180271,0.0999931486737527,-0.8725098858897881,0.8725098858897881,-0.651065018639063,0.651065018639063,-0.740209599655685,0.740209599655685
manip2,40,72,-1.3140067023535569,1.3140067023535569,20.327018707990646,-3.9138816309471927,-20.355157184104126,40.682175892094776,3.8990224863415426,0.09584105080031345,-0.862688011001723,0.862688011001723,-0.6526179062703705,0.6526179062703705,-0.7475715098338198,0.7475715098338198
manip2,41,72,-1.3391712326556444,1.3391712326556444,20.19785076379776,-3.756476770465573,-20.45888769129912,40.656738455096885,3.5884929729714075,0.08826317873320555,-0.8512291569656469,0.8512291569656469,-0.6456130327161029,0.6456130327161029,-0.7513759869057418,0.7513759869057418
manip2,42,72,-1.627967964650856,1.627967964650856,19.876592417558033,-3.694025544449687,-21.066470767060917,40.94306318461895,3.510908095221949,0.08575098739903002,-0.8479551986696252,0.8479551986696252,-0.6380680243335544,0.6380680243335544,-0.7499431319046284,0.7499431319046284
manip2,43,72,-2.1707104796336756,2.1707104796336756,19.436738967895508,-3.670334623505672,-22.278535783290863,41.71527475118637,3.559550964156186,0.08532967804688746,-0.8577770735576904,0.8577770735576904,-0.6418489681315205,0.6418489681315205,-0.7377556295963067,0.7377556295963067
manip2,44,72,-2.3426889893081455,2.3426889893081455,18.894328832626343,-3.849984832108021,-22.072410968442757,40.966739801069096,3.4940268770224194,0.08528935653628061,-0.8512291569656469,0.8512291569656469,-0.6447184344067627,0.6447184344067627,-0.7431082488533398,0.7431082488533398
manip2,45,72,-2.2898014990819826,2.2898014990819826,18.895977566639584,-3.9664787277579308,-21.798903336127598,40.69488090276718,3.55861319980517,0.08744621241939034,-0.8545031152616687,0.8545031152616687,-0.6482799484307397,0.6482799484307397,-0.7460398372464226,0.7460398372464226
manip2,46,72,-2.306943823066023,2.306943823066023,18.972393949826557,-3.8166227067510285,-22.076602712273598,41.04899666210015,3.486002581670373,0.08492296682342398,-0.8553216048356741,0.8553216048356741,-0.650237937183258,0.650237937183258,-0.7458586716715692,0.7458586716715692
manip2,47,72,-2.2323289923369884,2.2323289923369884,19.245327790578205,-4.027191822727521,-21.91512294486165,41.16045073543985,3.38500003518074,0.08223913914203561,-0.856958583983685,0.856958583983685,-0.6537994512072349,0.6537994512072349,-0.7506513246063281,0.7506513246063281
manip2,48,72,-1.9491282945705786,1.9491282945705786,19.257631997267406,-3.8291447746256986,-21.275872106353443,40.53350410362085,3.3465443806968485,0.08256242470775929,-0.8594140527057013,0.8594140527057013,-0.6530905242451163,0.6530905242451163,-0.746879786729834,0.746879786729834
manip2,49,72,-2.0593317738837666,2.0593317738837666,19.09591429432233,-4.154216043651104,-21.11969357232253,40.21560786664486,3.317136005578247,0.08248379625586874,-0.8585955631316958,0.8585955631316958,-0.6565676422021745,0.6565676422021745,-0.7505195678246165,0.7505195678246165
manip2,50,72,-1.9923464415801897,1.9923464415801897,18.765346725781757,-3.33672783523798,-21.405658215284348,40.1710049410661,3.3429927411002467,0.0832190468225694,-0.8553216048356741,0.8553216048356741,-0.6497315607817445,0.6497315607817445,-0.7480655977652383,0.7480655977652383
manip2,51,72,-2.043041091412306,2.043041091412306,18.569096267223358,-3.6120334478716054,-21.08618609358867,39.65528236081202,3.276438229482128,0.08262299583875757,-0.8594140527057013,0.8594140527057013,-0.6524659933499165,0.6524659933499165,-0.7498772535137725,0.7498772535137725
manip2,52,72,-1.7854688126179907,1.7854688126179907,18.529390553633373,-3.351817471285661,-20.533979520201683,39.06337007383506,3.3893172080916583,0.08676458794224333,-0.856958583983685,0.856958583983685,-0.6530567658183487,0.6530567658183487,-0.7497619663297749,0.7497619663297749
manip2,53,72,-1.251385524041123,1.251385524041123,18.856618930896122,-2.715751200914383,-19.89502430210511,38.75164323300123,3.284368802677202,0.08475431049283107,-0.8545031152616687,0.8545031152616687,-0.6529892489648136,0.6529892489648136,-0.7542416969079688,0.7542416969079688
manip2,54,72,-1.4668732720116775,1.4668732720116775,18.55940528710683,-2.913142920782169,-20.046882182359695,38.60628746946652,3.3516165775337656,0.08681530385910685,-0.8471367090956198,0.8471367090956198,-0.6446340383398438,0.6446340383398438,-0.7513430477103139,0.7513430477103139
manip2,55,72,-0.9895445480942726,0.9895445480942726,19.03312011559804,-2.536346567173799,-19.46540719270706,38.4985273083051,3.582716221219752,0.09306112393672965,-0.8536846256876632,0.8536846256876632,-0.6501872995431066,0.6501872995431066,-0.750387811042905,0.750387811042905
manip2,56,72,-1.3316542589002185,1.3316542589002185,18.64906233549118,-2.8636542012294135,-19.78037091096242,38.4294332464536,3.8968417828771638,0.10140253065628486,-0.8545031152616687,0.8545031152616687,-0.6602304315064541,0.6602304315064541,-0.7581779307616024,0.7581779307616024
manip2,57,72,-1.1443429042895634,1.1443429042895634,18.943112432956696,-2.912820170323054,-19.46332097550233,38.40643340845902,4.043189858219671,0.10527376534081288,-0.8528661361136578,0.8528661361136578,-0.662289695539275,0.662289695539275,-0.7597919513375693,0.7597919513375693
manip2,58,72,-1.3139825765457418,1.3139825765457418,18.661461154619854,-3.2460687967638173,-19.35734008749326,38.01880124211311,3.9417570706823533,0.10367915194327856,-0.8446812403736035,0.8446812403736035,-0.6636906702501285,0.6636906702501285,-0.7652598577786001,0.7652598577786001
manip2,59,72,-1.296667807425062,1.296667807425062,18.612924695014954,-3.3527588242044053,-19.150169293085735,37.76309398810069,4.039989345066327,0.10698247729222993,-0.8414072820775818,0.8414072820775818,-0.6693958443738453,0.6693958443738453,-0.7687184732985292,0.7687184732985292
manip2,60,72,-1.656541256647971,1.656541256647971,18.05769822994868,-3.7248016502708197,-19.302520349621773,37.36021857957046,3.9694442163010497,0.1062478852431459,-0.8422257716515872,0.8422257716515872,-0.6664926196718356,0.6664926196718356,-0.7729346903133,0.7729346903133
manip2,61,72,-1.6608409422139327,1.6608409422139327,18.290526847044628,-3.9583386989931264,-19.3147109746933,37.60523782173793,3.909646624092946,0.1039654806233655,-0.8422257716515872,0.8422257716515872,-0.6647540606933064,0.6647540606933064,-0.7711559737601935,0.7711559737601935
manip2,62,72,-1.6500577756928072,1.6500577756928072,18.198894023895264,-3.9759872096280255,-19.17308014134566,37.37197416524093,3.9910354284462053,0.10679220238138244,-0.8397703029295709,0.8397703029295709,-0.6622052994723561,0.6622052994723561,-0.7723911935887396,0.7723911935887396
manip2,63,72,-1.825066677812073,1.825066677812073,17.99855037530263,-4.005769904702902,-19.46798050403595,37.46653087933858,3.866486714324407,0.10319841799008493,-0.8430442612255926,0.8430442612255926,-0.6588463360089843,0.6588463360089843,-0.7660503984688696,0.7660503984688696
manip2,64,72,-1.824037928548124,1.824037928548124,17.999620298544567,-4.214050196111202,-19.257683888077736,37.25730418662231,3.8660676312449085,0.10376670335244136,-0.8471367090956198,0.8471367090956198,-0.6610237545354917,0.6610237545354917,-0.7626576613397963,0.7626576613397963
manip2,65,72,-1.6700847670435905,1.6700847670435905,18.110649526119232,-4.093640131254991,-19.027263695995014,37.13791322211425,4.0674367729361895,0.10952249116986416,-0.8454997299476089,0.8454997299476089,-0.6669989960733489,0.6669989960733489,-0.7677632366311202,0.7677632366311202
manip2,66,72,-1.6617344187365637,1.6617344187365637,18.11902181307475,-4.175535798072815,-18.928689271211624,37.04771108428638,4.015922672554632,0.10839867174028919,-0.8454997299476089,0.8454997299476089,-0.6644502348523985,0.6644502348523985,-0.7645187258814724,0.7645187258814724
manip2,67,72,-1.5634625181555748,1.5634625181555748,18.223851561546326,-4.228133124609788,-18.686105991403263,36.90995755294959,4.042183582713488,0.10951471772663862,-0.8397703029295709,0.8397703029295709,-0.6650072488940632,0.6650072488940632,-0.7718641664618933,0.7718641664618933
manip2,68,72,-1.3507743486099772,1.3507743486099772,18.365564068158466,-4.071887381374836,-18.345999732613564,36.711563800772026,4.121459466233635,0.11226597397485319,-0.83813332378156,0.83813332378156,-0.662593521380183,0.662593521380183,-0.7717488792778957,0.7717488792778957
manip2,69,72,-0.8667070608999994,0.8667070608999994,18.57978528738022,-3.496519717077414,-17.683386753002804,36.263172040383026,3.8848099940122593,0.1071282454189638,-0.8414072820775818,0.8414072820775818,-0.655234184344856,0.655234184344856,-0.7615541982929618,0.7615541982929618
manip2,70,72,-1.1223930066658392,1.1223930066658392,18.305565893650055,-3.8762023684879146,-17.796542545159657,36.10210843880971,3.9302747795582467,0.10886551920422487,-0.8356778550595437,0.8356778550595437,-0.6528879736845109,0.6528879736845109,-0.7654080841580256,0.7654080841580256
manip2,71,72,-1.002289345694913,1.002289345694913,18.17195228735606,-3.740554022292296,-17.438266302148502,35.61021858950456,3.8832277743114663,0.10904813079288354,-0.8364963446335492,0.8364963446335492,-0.6473009540544806,0.6473009540544806,-0.7654245537557396,0.7654245537557396
manip2,72,72,-0.5493313289350934,0.5493313289350934,18.475038766860962,-3.203413094083468,-16.919619659582775,35.39465842644374,3.8402084992351337,0.10849683737493201,-0.8364963446335492,0.8364963446335492,-0.6499341113423499,0.6499341113423499,-0.7661656856528672,0.7661656856528672
manip2,73,72,-0.7396792757014433,0.7396792757014433,18.103639125823975,-3.456598604718844,-16.86607834820946,34.96971747403343,4.077233231698406,0.11659325628598323,-0.8397703029295709,0.8397703029295709,-0.6503560916769443,0.6503560916769443,-0.7676479494471226,0.7676479494471226
manip2,74,72,-0.6638403344485495,0.6638403344485495,17.938754359881084,-3.4269997974236808,-16.50327556580305,34.44202992568414,4.070053187545593,0.11817111814627597,-0.8405887925035763,0.8405887925035763,-0.6495796478612906,0.6495796478612906,-0.7676479494471226,0.7676479494471226
manip2,75,72,-0.44942840188741684,0.44942840188741684,18.443309903144836,-3.360935310522715,-16.43065979828437,34.8739697014292,3.872952063509853,0.11105566979233603,-0.8422257716515872,0.8422257716515872,-0.6419840018385907,0.6419840018385907,-0.7639422899614843,0.7639422899614843
manip2,76,72,-0.3654432476808627,0.3654432476808627,18.759218623240788,-3.592784821987152,-16.262763544296224,35.02198216753701,3.999422525965182,0.11419749193043602,-0.8397703029295709,0.8397703029295709,-0.6434693726163632,0.6434693726163632,-0.765292796974028,0.765292796974028
manip2,77,72,-0.35894351990686524,0.35894351990686524,18.590066870053608,-3.7015738040208817,-15.965323625753323,34.55539049580693,3.935217194810208,0.11388142742266856,-0.8364963446335492,0.8364963446335492,-0.6457311872097893,0.6457311872097893,-0.7711724433579075,0.7711724433579075
manip2,78,72,-0.28929811902344227,0.28929811902344227,19.188844978809357,-4.686828809479873,-15.369910526399812,34.55875550520917,4.052645402766057,0.11726826801257895,-0.8168525948574189,0.8168525948574189,-0.6704929932437909,0.6704929932437909,-0.7932581738923119,0.7932581738923119
manip2,79,72,1.1283488737212286,-1.1283488737212286,20.473579088846844,-3.4860543509324393,-13.602478116750717,34.076057205597564,4.841297147496935,0.1420732779701306,-0.7914794180632505,0.7914794180632505,-0.684131397657883,0.684131397657883,-0.8089866397091324,0.8089866397091324
report,0,72,6.141894980437225,-6.141894980437225,11.314818421999613,2.0386943543950715,5.072172164916992,6.242646257082621,2.354533186869808,0.37716908661907,-0.32657734002816646,0.32657734002816646,-0.15766873221786495,0.15766873221786495,-0.19307309400061398,0.19307309400061398
report,1,72,50.67981629901462,-50.67981629901462,56.52359485626221,47.197259744008385,48.31859429677328,8.20500055948893,1.60403751135168,0.19549511297676156,-0.35522447511835653,0.35522447511835653,-0.09815262582666574,0.09815262582666574,-0.1916072998040726,0.1916072998040726
report,2,72,62.623905976613365,-62.623905976613365,67.01305866241455,59.6106333732605,61.24802589416504,5.765032768249512,1.2779481361918918,0.22167231090690342,-0.3715942665984651,0.3715942665984651,-0.17210045966099466,0.17210045966099466,-0.23735984225342052,0.23735984225342052
report,3,72,61.47703456878662,-61.47703456878662,65.82011810938518,58.674601236979164,59.93638435999552,5.8837337493896555,1.1621087941276518,0.1975121315182221,-0.46162811973906237,0.46162811973906237,-0.242149195203671,0.242149195203671,-0.27886322849256984,0.27886322849256984
report,4,72,56.63108862770928,-56.63108862770928,59.51335382461548,54.90770594278971,55.472206115722656,4.041147708892822,0.7817000687183618,0.19343516372791256,-0.5303812439555184,0.5303812439555184,-0.3145441414066924,0.3145441414066924,-0.3731516754049229,0.3731516754049229
report,5,72,38.79411559634738,-38.79411559634738,40.716507275899254,38.048012574513756,37.61782693862915,3.0986803372701033,0.5927122045161779,0.19127891231218436,-0.6858942630165501,0.6858942630165501,-0.392002851624847,0.392002851624847,-0.5275706235709006,0.5275706235709006
report,6,72,39.68019840452406,-39.68019840452406,41.39342006047567,38.99426285425822,38.652912298838295,2.7405077616373745,0.7361445446563487,0.26861611375861366,-0.6654320236664144,0.6654320236664144,-0.45899644954505964,0.45899644954505964,-0.5485364214607565,0.5485364214607565
report,7,72,36.69378344217936,-36.69378344217936,38.09332164128622,36.42085727055868,35.5671714146932,2.5261502265930176,0.6174282237944355,0.24441468971033922,-0.7440070227709357,0.7440070227709357,-0.5175504407733835,0.5175504407733835,-0.5601804270445179,0.5601804270445179
report,8,72,25.514513572057087,-25.514513572057087,26.56648278236389,25.548006772994995,24.429051160812378,2.1374316215515137,0.2724762498802551,0.12747834697161947,-0.8831502503518587,0.8831502503518587,-0.5157106065145518,0.5157106065145518,-0.6445047673399323,0.6445047673399323
report,9,72,22.605624861187405,-22.605624861187405,23.65770681699117,22.65775505701701,21.501412709554035,2.156294107437134,0.16879190157952323,0.07827870094221102,-0.9175268124600867,0.9175268124600867,-0.47655083146418814,0.47655083146418814,-0.5670811884866622,0.5670811884866622
report,10,72,18.487618022494846,-18.487618022494846,19.716737031936646,18.389786163965862,17.35633087158203,2.3604061603546143,0.3898111348168268,0.16514578777334818,-0.9052494688500053,0.9052494688500053,-0.5244371598339648,0.5244371598339648,-0.5956230013249343,0.5956230013249343
report,11,72,15.75498002105289,-15.75498002105289,17.28197407722473,15.583260456720987,14.399705529212952,2.88226854801178,0.3713856383241255,0.1288518512892601,-0.8651434797237393,0.8651434797237393,-0.5411982187240557,0.5411982187240557,-0.586169452237128,0.586169452237128
report,12,72,15.871285928620232,-15.871285928620232,17.500953674316406,15.638773361841837,14.474130749702454,3.0268229246139526,0.4055632257879971,0.13398974300411826,-0.8602325422797067,0.8602325422797067,-0.5934056257200793,0.5934056257200793,-0.6524431134380554,0.6524431134380554
report,13,72,10.352973699569702,-10.352973699569702,11.598251382509867,10.226579467455545,9.234090248743692,2.3641611337661743,0.4384343877309383,0.1854502984035188,-0.8217635323014515,0.8217635323014515,-0.5750410415585294,0.5750410415585294,-0.5580558489394186,0.5580558489394186
report,14,72,10.943215635087755,-10.943215635087755,11.893202622731527,10.92976458867391,10.006679693857828,1.886522928873699,0.5595890751187051,0.2966245819513011,-0.7153598876807455,0.7153598876807455,-0.6197709570255396,0.6197709570255396,-0.5705068648111634,0.5705068648111634
report,15,72,15.682576020558676,-15.682576020558676,17.15820248921712,15.416573206583658,14.472952365875244,2.685250123341877,0.4824313470555922,0.1796597430019634,-0.8299484280415057,0.8299484280415057,-0.7136193834393422,0.7136193834393422,-0.7277915229793681,0.7277915229793681
report,16,72,14.817240118980408,-14.817240118980408,16.470105528831482,14.4430540005366,13.538560827573141,2.931544701258341,0.8137042404981941,0.27756842327832093,-0.75219191851099,0.75219191851099,-0.7523571781551114,0.7523571781551114,-0.6394321312440363,0.6394321312440363
report,17,72,17.75714283519321,-17.75714283519321,19.113441785176594,17.345969359079998,16.81201736132304,2.301424423853554,0.730186684001091,0.31727597762191595,-0.7186338459767673,0.7186338459767673,-0.7432930405680228,0.7432930405680228,-0.6223366888169581,0.6223366888169581
report,18,72,16.8461946911282,-16.8461946911282,17.810234705607098,16.56902547677358,16.159323891003925,1.6509108146031721,0.47959994202234657,0.29050626949683384,-0.6138671805040723,0.6138671805040723,-0.6708474567248501,0.6708474567248501,-0.5026356526319832,0.5026356526319832
report,19,72,14.333155579037136,-14.333155579037136,15.46088739236196,14.033584078152975,13.504995266596476,1.9558921257654838,0.6306393256000699,0.3224305253303551,-0.6752538985544795,0.6752538985544795,-0.710446091323192,0.710446091323192,-0.565203654347272,0.565203654347272
report,20,72,11.924683928489685,-11.924683928489685,13.401679952939352,11.50492529074351,10.867446541786194,2.534233411153158,0.7122539172619804,0.28105300566528396,-0.7227262938467944,0.7227262938467944,-0.7369295771223388,0.7369295771223388,-0.6565275736711145,0.6565275736711145
report,21,72,11.261626389291552,-11.261626389291552,12.67269472281138,10.835915605227152,10.27626883983612,2.39642588297526,0.7122292204862238,0.29720477714168336,-0.6736169194064687,0.6736169194064687,-0.7667045095313222,0.7667045095313222,-0.6728983537987789,0.6728983537987789
report,22,72,15.991835223303902,-15.991835223303902,17.267795205116272,15.562380909919739,15.145329554875692,2.1224656502405796,0.7912587078286736,0.37280165534786636,-0.6040453056160071,0.6040453056160071,-0.7459937147094272,0.7459937147094272,-0.5757441968841989,0.5757441968841989
report,23,72,16.46468596988254,-16.46468596988254,18.351558725039165,15.767310738563538,15.275188446044922,3.0763702789942435,1.1874486088492942,0.38599014460557923,-0.5606653581937193,0.5606653581937193,-0.6667964455127435,0.6667964455127435,-0.4551538024226707,0.4551538024226707
report,24,72,15.431481944190132,-15.431481944190132,17.215501348177593,14.802663485209147,14.276280999183655,2.9392203489939384,1.1723707259070064,0.39887132868697495,-0.582764576691866,0.582764576691866,-0.66919329381324,0.66919329381324,-0.4690376732955289,0.4690376732955289
report,25,72,17.528544942537945,-17.528544942537945,19.15752883752187,16.91803963979085,16.510066350301106,2.647462487220764,1.1576193743135044,0.4372561952818234,-0.5516619728796597,0.5516619728796597,-0.6413425917300072,0.6413425917300072,-0.415033862391493,0.415033862391493
report,26,72,13.661427047517565,-13.661427047517565,15.401387055714926,12.97243901093801,12.61045507589976,2.7909319798151664,1.2025829790457203,0.43088939026216005,-0.5582098894717031,0.5582098894717031,-0.6420177602653583,0.6420177602653583,-0.43861832631786674,0.43861832631786674
report,27,72,15.547804103957283,-15.547804103957283,17.351751923561096,14.80508005619049,14.48658033212026,2.865171591440836,1.1889557471134418,0.4149684265561004,-0.6015898368939908,0.6015898368939908,-0.7002510464393904,0.7002510464393904,-0.5567382811223027,0.5567382811223027
report,28,72,15.114191783799065,-15.114191783799065,16.77214773495992,14.406320651372274,14.164106965065002,2.6080407698949166,1.0480903449815306,0.4018688500117889,-0.59995285774598,0.59995285774598,-0.6371903052375979,0.6371903052375979,-0.4981559220537892,0.4981559220537892
report,29,72,14.265282326274448,-14.265282326274448,15.890764474868774,13.608761310577393,13.296321193377176,2.594443281491598,1.1600364599988093,0.44712346123515206,-0.5893124932839094,0.5893124932839094,-0.6490226338196259,0.6490226338196259,-0.46424502036077003,0.46424502036077003
report,30,72,12.416523747973972,-12.416523747973972,14.106733997662863,11.689115444819132,11.45372180143992,2.6530121962229423,1.2083583007914047,0.45546654572931405,-0.59995285774598,0.59995285774598,-0.6810425016086517,0.6810425016086517,-0.5559148012366053,0.5559148012366053
report,31,72,12.055174562666151,-12.055174562666151,13.485005219777426,11.361006577809652,11.319511890411377,2.1654933293660488,1.0357669140190793,0.47830528959528196,-0.5410216084175891,0.5410216084175891,-0.6999134621717149,0.6999134621717149,-0.5568370987085864,0.5568370987085864
report,32,72,12.18113448884752,-12.18113448884752,13.736584424972534,11.374783277511597,11.432035764058432,2.3045486609141026,1.053954344701844,0.4573365546917076,-0.4886382756812416,0.4886382756812416,-0.7647296415654202,0.7647296415654202,-0.7015554538210487,0.7015554538210487
report,33,72,10.800346692403158,-10.800346692403158,12.884214758872986,9.748935063680014,9.767890254656473,3.1163245042165126,1.1008141446630122,0.3532411798493919,-0.529562754381513,0.529562754381513,-0.8232836327937441,0.8232836327937441,-0.7480985369606661,0.7480985369606661
report,34,72,9.763153851032257,-9.763153851032257,11.640713135401407,8.821215411027273,8.82753300666809,2.8131801287333165,0.9491311814301729,0.33738727631974846,-0.5402031188435836,0.5402031188435836,-0.821696986735669,0.821696986735669,-0.7511289429400326,0.7511289429400326
report,35,72,8.305388510227203,-8.305388510227203,10.121904591719309,7.396336197853088,7.397924741109212,2.723979850610097,1.0044512757557622,0.3687440182535831,-0.5271072856594967,0.5271072856594967,-0.7996358548430719,0.7996358548430719,-0.7120301179671197,0.7120301179671197
report,36,72,6.559055182668898,-6.559055182668898,8.315619945526123,5.710498134295146,5.651047468185425,2.6645724773406982,0.8735270266115547,0.32783008683004705,-0.5573913998976977,0.5573913998976977,-0.8042945177369945,0.8042945177369945,-0.7266057119439638,0.7266057119439638
report,37,72,6.582347763909234,-6.582347763909234,8.680030524730682,5.668580571810405,5.398432195186615,3.2815983295440674,0.9067694845484829,0.2763194618868745,-0.5983158785979691,0.5983158785979691,-0.8233173912205116,0.8233173912205116,-0.7736428830149997,0.7736428830149997
report,38,72,6.26558229741123,-6.26558229741123,10.427359730005264,4.835394601027171,3.5339925612012544,6.89336716880401,1.5344838155372822,0.22260294250415114,-0.6179596283740995,0.6179596283740995,-0.8172577536157356,0.8172577536157356,-0.7793084246285978,0.7793084246285978
report,39,72,8.086673491530949,-8.086673491530949,11.84365314245224,6.765219787756602,5.651147544384003,6.192505598068237,1.3708141172677466,0.22136663351509514,-0.6212335866701212,0.6212335866701212,-0.8137806356586774,0.8137806356586774,-0.7702007370927846,0.7702007370927846
report,40,72,8.753499620490604,-8.753499620490604,12.202441076437632,7.543217440446218,6.514840344587962,5.6876007318496695,1.3753003503279426,0.2418067679446057,-0.6146856700780777,0.6146856700780777,-0.7976103492370187,0.7976103492370187,-0.759561376969574,0.759561376969574
report,41,72,8.077840712335375,-8.077840712335375,11.418433566888174,6.878592828909556,5.936495741208394,5.48193782567978,1.4299731113049716,0.26085175658256393,-0.5925864515799312,0.5925864515799312,-0.7742157594871031,0.7742157594871031,-0.7419553770133634,0.7419553770133634
report,42,72,7.996962716182073,-7.996962716182073,11.434395790100098,6.731568098068237,5.824924260377884,5.609471529722214,1.414935421412681,0.25224041407742914,-0.6073192639120288,0.6073192639120288,-0.7781317369921394,0.7781317369921394,-0.7589355322564441,0.7589355322564441
report,43,72,8.468953291575113,-8.468953291575113,11.722719550132751,7.229035834471385,6.455104490121205,5.267615060011546,1.4097373479706488,0.2676234561390974,-0.6089562430600397,0.6089562430600397,-0.7733549196045305,0.7733549196045305,-0.7490373040303612,0.7490373040303612
report,44,72,8.423406481742859,-8.423406481742859,11.457617104053497,7.245131989320119,6.56747035185496,4.890146752198537,1.2833479661810903,0.2624354710017887,-0.6007713473199854,0.6007713473199854,-0.7717851527598392,0.7717851527598392,-0.7484114593172312,0.7484114593172312
report,45,72,8.39231448703342,-8.39231448703342,11.48777840534846,7.178998033205668,6.510167022546132,4.977611382802327,1.335682111565386,0.2683379655109627,-0.6015898368939908,0.6015898368939908,-0.7706204870363585,0.7706204870363585,-0.7509148381697512,0.7509148381697512
report,46,72,8.077227036158243,-8.077227036158243,11.004823366800943,6.936902383963267,6.289955357710521,4.714868009090423,1.3072824627879902,0.27726809324619606,-0.5925864515799312,0.5925864515799312,-0.7626534983192156,0.7626534983192156,-0.7446893302338788,0.7446893302338788
report,47,72,7.050891723897722,-7.050891723897722,9.918796439965567,5.947847117980321,5.286031613747279,4.6327648262182874,1.3064732141112085,0.28200723825165086,-0.5778536392478334,0.5778536392478334,-0.7647971584189553,0.7647971584189553,-0.7489384864440775,0.7489384864440775
report,48,72,6.255528353982502,-6.255528353982502,9.123604019482931,5.138946861028671,4.504034181435903,4.6195698380470285,1.2590691937270835,0.2725511763795237,-0.588494003709904,0.588494003709904,-0.7704516949025207,0.7704516949025207,-0.7480985369606661,0.7480985369606661
report,49,72,5.289111347662078,-5.289111347662078,8.053799897432327,4.223846927285194,3.5896872182687125,4.464112679163614,1.2803175170010823,0.28680224022502937,-0.5753981705258171,0.5753981705258171,-0.7716838774795365,0.7716838774795365,-0.7487408512715101,0.7487408512715101
report,50,72,4.828735876414511,-4.828735876414511,7.414808541536331,3.8264036973317466,3.2449953903754554,4.169813151160875,1.2565876545716568,0.30135346813365554,-0.5803091079698497,0.5803091079698497,-0.7708567960237314,0.7708567960237314,-0.7441128943138907,0.7441128943138907
report,51,72,4.624042829705609,-4.624042829705609,7.122266054153442,3.649254853526751,3.100607581436634,4.021658472716808,1.2956923671041103,0.32217861757634847,-0.5704872330817845,0.5704872330817845,-0.77080615838358,0.77080615838358,-0.7469786043161176,0.7469786043161176
report,52,72,4.392301791244083,-4.392301791244083,6.738973339398702,3.468925048907598,2.969006985425949,3.7699663539727526,1.2886666429592635,0.3418244413776477,-0.5672132747857628,0.5672132747857628,-0.7743676724075571,0.7743676724075571,-0.7485432160989427,0.7485432160989427
report,53,72,5.190969439016448,-5.190969439016448,7.45063974459966,4.276845653851827,3.845422918597857,3.605216826001803,1.2465739758406793,0.3457694879403783,-0.5762166600998225,0.5762166600998225,-0.7765450909340644,0.7765450909340644,-0.7466986211549805,0.7466986211549805
report,54,72,5.342399809095594,-5.342399809095594,7.549419244130452,4.461377759774526,4.016402423381805,3.5330168207486468,1.2730146598828773,0.3603194449589757,-0.5680317643597682,0.5680317643597682,-0.7752622707168974,0.7752622707168974,-0.7486255640875125,0.7486255640875125
report,55,72,4.8874115563101235,-4.8874115563101235,7.082451144854228,4.003880610068639,3.575902914007505,3.506548230846723,1.3279539604934705,0.37870688582338724,-0.5680317643597682,0.5680317643597682,-0.7844276835842885,0.7844276835842885,-0.7563498054153541,0.7563498054153541
report,56,72,4.803102662165959,-4.803102662165959,7.0116738478342695,3.900946016112963,3.4966881225506463,3.514985725283623,1.348579481615276,0.38366570649627874,-0.5606653581937193,0.5606653581937193,-0.784461442011056,0.784461442011056,-0.7576014948416142,0.7576014948416142
report,57,72,5.2899453904893665,-5.2899453904893665,7.361374527215958,4.455000092585881,4.05346155166626,3.307912975549698,1.2834569368915665,0.38799598005696806,-0.5573913998976977,0.5573913998976977,-0.7804273100123332,0.7804273100123332,-0.7599072385215669,0.7599072385215669
report,58,72,4.647169141305818,-4.647169141305818,6.720531950394313,3.804755171140035,3.416220302383105,3.304311648011208,1.3649018676852802,0.4130669298420397,-0.5524804624536651,0.5524804624536651,-0.7756336134113404,0.7756336134113404,-0.7539617137468316,0.7539617137468316
report,59,72,4.470001207457648,-4.470001207457648,6.423830181360245,3.6859097580115,3.3002636830012,3.1235664983590445,1.2831229281659098,0.41078777379639403,-0.5475695250096325,0.5475695250096325,-0.7711268634378718,0.7711268634378718,-0.7515736220783092,0.7515736220783092
report,60,72,4.359208628535271,-4.359208628535271,6.3764484624067945,3.5521971931060157,3.1489802300930023,3.227468232313792,1.3320953201378918,0.41273692698220743,-0.5475695250096325,0.5475695250096325,-0.7734055572446819,0.7734055572446819,-0.7551639943799499,0.7551639943799499
report,61,72,4.892373022105959,-4.892373022105959,6.8932746052742,4.113788992166519,3.6700554688771567,3.2232191363970437,1.2812263817002714,0.3974989994420432,-0.5516619728796597,0.5516619728796597,-0.7719370656802932,0.7719370656802932,-0.754785193632529,0.754785193632529
report,62,72,4.929660040471289,-4.929660040471289,6.908888757228851,4.144003381331761,3.736087982853254,3.1728007743755975,1.2314535177559107,0.38812822024675,-0.5459325458616217,0.5459325458616217,-0.7684261892964674,0.7684261892964674,-0.751013655756035,0.751013655756035
report,63,72,4.714582838945919,-4.714582838945919,6.684542844692866,3.9337202360232673,3.5254854361216226,3.1590574085712437,1.234984991466763,0.39093464655500304,-0.5434770771396054,0.5434770771396054,-0.7676159870540461,0.7676159870540461,-0.7477197362132453,0.7477197362132453
report,64,72,4.836240387625164,-4.836240387625164,6.857486426830292,4.019371161858241,3.6318635741869607,3.225622852643331,1.3044592354023672,0.40440537998216064,-0.5467510354356271,0.5467510354356271,-0.7702829027686829,0.7702829027686829,-0.749086712823503,0.749086712823503
report,65,72,4.848272346787983,-4.848272346787983,6.836161226034164,4.051051840186119,3.657603974143664,3.1785572518905005,1.2620689713782676,0.39705717763228293,-0.5532989520276705,0.5532989520276705,-0.7713800516386285,0.7713800516386285,-0.7540605313331153,0.7540605313331153
report,66,72,4.862764790654182,-4.862764790654182,6.8548712730407715,4.060266762971878,3.6731563359498978,3.1817149370908737,1.2172727455429742,0.38258384852539895,-0.5516619728796597,0.5516619728796597,-0.7667720263848573,0.7667720263848573,-0.753879365758262,0.753879365758262
report,67,72,5.472787506050533,-5.472787506050533,7.297677119572957,4.737398743629456,4.383286654949188,2.914390464623769,1.1334185233191632,0.3889041420760622,-0.5508434833056542,0.5508434833056542,-0.7725278381487254,0.7725278381487254,-0.7511618821354605,0.7511618821354605
report,68,72,4.704069084591335,-4.704069084591335,6.470083544651668,3.9636997282505035,3.678423980871836,2.7916595637798314,1.1588321334339198,0.4151051039564769,-0.554117441601676,0.554117441601676,-0.7755323381310377,0.7755323381310377,-0.7486420336852264,0.7486420336852264
report,69,72,4.844107660982344,-4.844107660982344,6.602435201406479,4.115570157766342,3.8143176237742105,2.7881175776322684,1.1804274491176707,0.4233779301804467,-0.563939316489741,0.563939316489741,-0.7693883044593428,0.7693883044593428,-0.7429106136807725,0.7429106136807725
report,70,72,4.823757280906041,-4.823757280906041,6.627529323101044,4.074032972256343,3.7697095473607383,2.8578197757403054,1.1663920546371538,0.40814052185463834,-0.5590283790457086,0.5590283790457086,-0.7774396892434046,0.7774396892434046,-0.7527923723091413,0.7527923723091413
report,71,72,4.772007856104109,-4.772007856104109,6.6074694494406385,4.000065128008525,3.7084889908631644,2.898980458577474,1.1421363316665705,0.39397862385971905,-0.563939316489741,0.563939316489741,-0.7844276835842885,0.7844276835842885,-0.7574203292667607,0.7574203292667607
report,72,72,5.624925911426544,-5.624925911426544,7.283137996991475,4.943372189998627,4.648267547289531,2.6348704497019444,1.1310998378810444,0.4292810062099994,-0.5524804624536651,0.5524804624536651,-0.7788406639542581,0.7788406639542581,-0.7653586753648838,0.7653586753648838
report,73,72,5.1121198038260145,-5.1121198038260145,6.730406125386556,4.414397309223811,4.191555976867676,2.53885014851888,1.1190383493237526,0.44076581281356036,-0.5262887960854913,0.5262887960854913,-0.7641895067371394,0.7641895067371394,-0.7464845163846993,0.7464845163846993
report,74,72,4.912046439117855,-4.912046439117855,6.497188021739324,4.215077102184296,4.023874193429947,2.4733138283093767,1.1328622946698694,0.4580341894761623,-0.5017341088653284,0.5017341088653284,-0.7468039169518486,0.7468039169518486,-0.7237400019417368,0.7237400019417368
report,75,72,4.367986235353682,-4.367986235353682,6.15591221054395,3.5888798038164773,3.3591666917006173,2.796745518843333,1.194834544949779,0.4272231909909108,-0.5091005150313773,0.5091005150313773,-0.7572015123962554,0.7572015123962554,-0.7317277568330017,0.7317277568330017
report,76,72,4.696827381849289,-4.696827381849289,6.426538646221161,3.913238376379013,3.750705122947693,2.675833523273468,1.2773417022083395,0.47736217186101687,-0.49191223397726325,0.49191223397726325,-0.7389382035150083,0.7389382035150083,-0.7181238691212806,0.7181238691212806
report,77,72,4.635409007469813,-4.635409007469813,6.162048776944478,3.916835824648539,3.8273424208164215,2.3347063561280565,1.1891855302808245,0.5093512197623874,-0.472268484201133,0.472268484201133,-0.708775049198198,0.708775049198198,-0.6933865333549304,0.6933865333549304
report,78,72,5.082821966873275,-5.082821966873275,7.109663893779119,4.1433316220839815,3.995470384756724,3.1141935090223947,1.5518684612918412,0.4983211405443468,-0.46653905718309496,0.46653905718309496,-0.7682236387358621,0.7682236387358621,-0.7404237044259663,0.7404237044259663
report,79,72,7.058259427547455,-7.058259427547455,9.322388887405396,6.170423219601314,5.681966175635655,3.64042271176974,1.9302694772466122,0.5302322367690754,-0.4509877552769918,0.4509877552769918,-0.7839719448229264,0.7839719448229264,-0.7505689766177583,0.7505689766177583
