split,run_id,round,test,pole,pole_num,persona,stage,band,mean_valence_score,rating,signed_intensity,c1,c2
round1_to_round2,data/round2/0_Test/0_T1_NEG_userturns_BASELINE,round2,T0_social_treatment,NEG,-1,BASELINE,choice1,L20-32,-11.390008412874662,0,-4,A,A
round1_to_round2,data/round2/0_Test/0_T1_NEG_userturns_BASELINE,round2,T0_social_treatment,NEG,-1,BASELINE,choice1,L33-40,-6.5980541706085205,0,-4,A,A
round1_to_round2,data/round2/0_Test/0_T1_NEG_userturns_BASELINE,round2,T0_social_treatment,NEG,-1,BASELINE,choice1,L55-63,-1.496153540081448,0,-4,A,A
round1_to_round2,data/round2/0_Test/0_T1_NEG_userturns_BASELINE,round2,T0_social_treatment,NEG,-1,BASELINE,choice1,L70-79,0.030706270039081572,0,-4,A,A
round1_to_round2,data/round2/0_Test/0_T1_NEG_userturns_BASELINE,round2,T0_social_treatment,NEG,-1,BASELINE,choice1,L9-13,-4.636443853378296,0,-4,A,A
round1_to_round2,data/round2/0_Test/0_T1_NEG_userturns_BASELINE,round2,T0_social_treatment,NEG,-1,BASELINE,choice2,L20-32,-4.724097105172964,0,-4,A,A
round1_to_round2,data/round2/0_Test/0_T1_NEG_userturns_BASELINE,round2,T0_social_treatment,NEG,-1,BASELINE,choice2,L33-40,-3.4223763048648834,0,-4,A,A
round1_to_round2,data/round2/0_Test/0_T1_NEG_userturns_BASELINE,round2,T0_social_treatment,NEG,-1,BASELINE,choice2,L55-63,-1.7097492218017578,0,-4,A,A
round1_to_round2,data/round2/0_Test/0_T1_NEG_userturns_BASELINE,round2,T0_social_treatment,NEG,-1,BASELINE,choice2,L70-79,-0.04916675686836243,0,-4,A,A
round1_to_round2,data/round2/0_Test/0_T1_NEG_userturns_BASELINE,round2,T0_social_treatment,NEG,-1,BASELINE,choice2,L9-13,-10.002553749084473,0,-4,A,A
round1_to_round2,data/round2/0_Test/0_T1_NEG_userturns_BASELINE,round2,T0_social_treatment,NEG,-1,BASELINE,manip1,L20-32,-44.08352866539588,0,-4,A,A
round1_to_round2,data/round2/0_Test/0_T1_NEG_userturns_BASELINE,round2,T0_social_treatment,NEG,-1,BASELINE,manip1,L33-40,-37.52857780456543,0,-4,A,A
round1_to_round2,data/round2/0_Test/0_T1_NEG_userturns_BASELINE,round2,T0_social_treatment,NEG,-1,BASELINE,manip1,L55-63,-32.5572755601671,0,-4,A,A
round1_to_round2,data/round2/0_Test/0_T1_NEG_userturns_BASELINE,round2,T0_social_treatment,NEG,-1,BASELINE,manip1,L70-79,-26.91648006439209,0,-4,A,A
round1_to_round2,data/round2/0_Test/0_T1_NEG_userturns_BASELINE,round2,T0_social_treatment,NEG,-1,BASELINE,manip1,L9-13,-38.93615951538086,0,-4,A,A
round1_to_round2,data/round2/0_Test/0_T1_NEG_userturns_BASELINE,round2,T0_social_treatment,NEG,-1,BASELINE,manip2,L20-32,-35.198397856492264,0,-4,A,A
round1_to_round2,data/round2/0_Test/0_T1_NEG_userturns_BASELINE,round2,T0_social_treatment,NEG,-1,BASELINE,manip2,L33-40,-29.6671245098114,0,-4,A,A
round1_to_round2,data/round2/0_Test/0_T1_NEG_userturns_BASELINE,round2,T0_social_treatment,NEG,-1,BASELINE,manip2,L55-63,-27.414186265733505,0,-4,A,A
round1_to_round2,data/round2/0_Test/0_T1_NEG_userturns_BASELINE,round2,T0_social_treatment,NEG,-1,BASELINE,manip2,L70-79,-23.337609100341798,0,-4,A,A
round1_to_round2,data/round2/0_Test/0_T1_NEG_userturns_BASELINE,round2,T0_social_treatment,NEG,-1,BASELINE,manip2,L9-13,-33.95208969116211,0,-4,A,A
round1_to_round2,data/round2/0_Test/0_T1_NEG_userturns_BASELINE,round2,T0_social_treatment,NEG,-1,BASELINE,report,L20-32,-17.05653300652137,0,-4,A,A
round1_to_round2,data/round2/0_Test/0_T1_NEG_userturns_BASELINE,round2,T0_social_treatment,NEG,-1,BASELINE,report,L33-40,-10.49763536453247,0,-4,A,A
round1_to_round2,data/round2/0_Test/0_T1_NEG_userturns_BASELINE,round2,T0_social_treatment,NEG,-1,BASELINE,report,L55-63,-7.613570478227404,0,-4,A,A
round1_to_round2,data/round2/0_Test/0_T1_NEG_userturns_BASELINE,round2,T0_social_treatment,NEG,-1,BASELINE,report,L70-79,-7.869547653198242,0,-4,A,A
round1_to_round2,data/round2/0_Test/0_T1_NEG_userturns_BASELINE,round2,T0_social_treatment,NEG,-1,BASELINE,report,L9-13,-18.7795259475708,0,-4,A,A
round1_to_round2,data/round2/0_Test/0_T1_NEG_userturns_SOL,round2,T0_social_treatment,NEG,-1,SOL,choice1,L20-32,-5.994437492810762,-2,-5,A,A
round1_to_round2,data/round2/0_Test/0_T1_NEG_userturns_SOL,round2,T0_social_treatment,NEG,-1,SOL,choice1,L33-40,-1.2710476741194725,-2,-5,A,A
round1_to_round2,data/round2/0_Test/0_T1_NEG_userturns_SOL,round2,T0_social_treatment,NEG,-1,SOL,choice1,L55-63,4.1381233798133,-2,-5,A,A
round1_to_round2,data/round2/0_Test/0_T1_NEG_userturns_SOL,round2,T0_social_treatment,NEG,-1,SOL,choice1,L70-79,5.284351396560669,-2,-5,A,A
round1_to_round2,data/round2/0_Test/0_T1_NEG_userturns_SOL,round2,T0_social_treatment,NEG,-1,SOL,choice1,L9-13,-1.357525384426117,-2,-5,A,A
round1_to_round2,data/round2/0_Test/0_T1_NEG_userturns_SOL,round2,T0_social_treatment,NEG,-1,SOL,choice2,L20-32,-1.8708355885285597,-2,-5,A,A
round1_to_round2,data/round2/0_Test/0_T1_NEG_userturns_SOL,round2,T0_social_treatment,NEG,-1,SOL,choice2,L33-40,-0.16255483031272888,-2,-5,A,A
round1_to_round2,data/round2/0_Test/0_T1_NEG_userturns_SOL,round2,T0_social_treatment,NEG,-1,SOL,choice2,L55-63,0.5957912868923612,-2,-5,A,A
round1_to_round2,data/round2/0_Test/0_T1_NEG_userturns_SOL,round2,T0_social_treatment,NEG,-1,SOL,choice2,L70-79,2.262450659275055,-2,-5,A,A
round1_to_round2,data/round2/0_Test/0_T1_NEG_userturns_SOL,round2,T0_social_treatment,NEG,-1,SOL,choice2,L9-13,-8.136805534362793,-2,-5,A,A
round1_to_round2,data/round2/0_Test/0_T1_NEG_userturns_SOL,round2,T0_social_treatment,NEG,-1,SOL,manip1,L20-32,-41.35104017991286,-2,-5,A,A
round1_to_round2,data/round2/0_Test/0_T1_NEG_userturns_SOL,round2,T0_social_treatment,NEG,-1,SOL,manip1,L33-40,-32.49005746841431,-2,-5,A,A
round1_to_round2,data/round2/0_Test/0_T1_NEG_userturns_SOL,round2,T0_social_treatment,NEG,-1,SOL,manip1,L55-63,-26.40602578057183,-2,-5,A,A
round1_to_round2,data/round2/0_Test/0_T1_NEG_userturns_SOL,round2,T0_social_treatment,NEG,-1,SOL,manip1,L70-79,-22.019729614257812,-2,-5,A,A
round1_to_round2,data/round2/0_Test/0_T1_NEG_userturns_SOL,round2,T0_social_treatment,NEG,-1,SOL,manip1,L9-13,-39.504173278808594,-2,-5,A,A
round1_to_round2,data/round2/0_Test/0_T1_NEG_userturns_SOL,round2,T0_social_treatment,NEG,-1,SOL,manip2,L20-32,-28.86186673091008,-2,-5,A,A
round1_to_round2,data/round2/0_Test/0_T1_NEG_userturns_SOL,round2,T0_social_treatment,NEG,-1,SOL,manip2,L33-40,-21.43912672996521,-2,-5,A,A
round1_to_round2,data/round2/0_Test/0_T1_NEG_userturns_SOL,round2,T0_social_treatment,NEG,-1,SOL,manip2,L55-63,-21.16562334696452,-2,-5,A,A
round1_to_round2,data/round2/0_Test/0_T1_NEG_userturns_SOL,round2,T0_social_treatment,NEG,-1,SOL,manip2,L70-79,-20.780655097961425,-2,-5,A,A
round1_to_round2,data/round2/0_Test/0_T1_NEG_userturns_SOL,round2,T0_social_treatment,NEG,-1,SOL,manip2,L9-13,-32.06527214050293,-2,-5,A,A
round1_to_round2,data/round2/0_Test/0_T1_NEG_userturns_SOL,round2,T0_social_treatment,NEG,-1,SOL,report,L20-32,-14.890237147991474,-2,-5,A,A
round1_to_round2,data/round2/0_Test/0_T1_NEG_userturns_SOL,round2,T0_social_treatment,NEG,-1,SOL,report,L33-40,-9.048189401626587,-2,-5,A,A
round1_to_round2,data/round2/0_Test/0_T1_NEG_userturns_SOL,round2,T0_social_treatment,NEG,-1,SOL,report,L55-63,-5.587017748090956,-2,-5,A,A
round1_to_round2,data/round2/0_Test/0_T1_NEG_userturns_SOL,round2,T0_social_treatment,NEG,-1,SOL,report,L70-79,-5.60417160987854,-2,-5,A,A
round1_to_round2,data/round2/0_Test/0_T1_NEG_userturns_SOL,round2,T0_social_treatment,NEG,-1,SOL,report,L9-13,-17.9047492980957,-2,-5,A,A
round1_to_round2,data/round2/0_Test/0_T1_NEG_userturns_STATIC,round2,T0_social_treatment,NEG,-1,STATIC,choice1,L20-32,-6.223342161912185,2,-5,A,A
round1_to_round2,data/round2/0_Test/0_T1_NEG_userturns_STATIC,round2,T0_social_treatment,NEG,-1,STATIC,choice1,L33-40,-7.78992086648941,2,-5,A,A
round1_to_round2,data/round2/0_Test/0_T1_NEG_userturns_STATIC,round2,T0_social_treatment,NEG,-1,STATIC,choice1,L55-63,-6.982599682278103,2,-5,A,A
round1_to_round2,data/round2/0_Test/0_T1_NEG_userturns_STATIC,round2,T0_social_treatment,NEG,-1,STATIC,choice1,L70-79,-5.951365852355957,2,-5,A,A
round1_to_round2,data/round2/0_Test/0_T1_NEG_userturns_STATIC,round2,T0_social_treatment,NEG,-1,STATIC,choice1,L9-13,-2.9148467779159546,2,-5,A,A
round1_to_round2,data/round2/0_Test/0_T1_NEG_userturns_STATIC,round2,T0_social_treatment,NEG,-1,STATIC,choice2,L20-32,-2.6406421065330505,2,-5,A,A
round1_to_round2,data/round2/0_Test/0_T1_NEG_userturns_STATIC,round2,T0_social_treatment,NEG,-1,STATIC,choice2,L33-40,-1.7526069171726704,2,-5,A,A
round1_to_round2,data/round2/0_Test/0_T1_NEG_userturns_STATIC,round2,T0_social_treatment,NEG,-1,STATIC,choice2,L55-63,-1.7012447118759155,2,-5,A,A
round1_to_round2,data/round2/0_Test/0_T1_NEG_userturns_STATIC,round2,T0_social_treatment,NEG,-1,STATIC,choice2,L70-79,-0.029529044032096864,2,-5,A,A
round1_to_round2,data/round2/0_Test/0_T1_NEG_userturns_STATIC,round2,T0_social_treatment,NEG,-1,STATIC,choice2,L9-13,-8.529275703430176,2,-5,A,A
round1_to_round2,data/round2/0_Test/0_T1_NEG_userturns_STATIC,round2,T0_social_treatment,NEG,-1,STATIC,manip1,L20-32,-36.00987801185021,2,-5,A,A
round1_to_round2,data/round2/0_Test/0_T1_NEG_userturns_STATIC,round2,T0_social_treatment,NEG,-1,STATIC,manip1,L33-40,-28.51458764076233,2,-5,A,A
round1_to_round2,data/round2/0_Test/0_T1_NEG_userturns_STATIC,round2,T0_social_treatment,NEG,-1,STATIC,manip1,L55-63,-29.5019408331977,2,-5,A,A
round1_to_round2,data/round2/0_Test/0_T1_NEG_userturns_STATIC,round2,T0_social_treatment,NEG,-1,STATIC,manip1,L70-79,-28.38632469177246,2,-5,A,A
round1_to_round2,data/round2/0_Test/0_T1_NEG_userturns_STATIC,round2,T0_social_treatment,NEG,-1,STATIC,manip1,L9-13,-37.53486785888672,2,-5,A,A
round1_to_round2,data/round2/0_Test/0_T1_NEG_userturns_STATIC,round2,T0_social_treatment,NEG,-1,STATIC,manip2,L20-32,-18.616725628192608,2,-5,A,A
round1_to_round2,data/round2/0_Test/0_T1_NEG_userturns_STATIC,round2,T0_social_treatment,NEG,-1,STATIC,manip2,L33-40,-15.923396825790405,2,-5,A,A
round1_to_round2,data/round2/0_Test/0_T1_NEG_userturns_STATIC,round2,T0_social_treatment,NEG,-1,STATIC,manip2,L55-63,-23.058210796780056,2,-5,A,A
round1_to_round2,data/round2/0_Test/0_T1_NEG_userturns_STATIC,round2,T0_social_treatment,NEG,-1,STATIC,manip2,L70-79,-23.66628646850586,2,-5,A,A
round1_to_round2,data/round2/0_Test/0_T1_NEG_userturns_STATIC,round2,T0_social_treatment,NEG,-1,STATIC,manip2,L9-13,-31.197611999511718,2,-5,A,A
round1_to_round2,data/round2/0_Test/0_T1_NEG_userturns_STATIC,round2,T0_social_treatment,NEG,-1,STATIC,report,L20-32,-13.956381430992714,2,-5,A,A
round1_to_round2,data/round2/0_Test/0_T1_NEG_userturns_STATIC,round2,T0_social_treatment,NEG,-1,STATIC,report,L33-40,-8.722443521022797,2,-5,A,A
round1_to_round2,data/round2/0_Test/0_T1_NEG_userturns_STATIC,round2,T0_social_treatment,NEG,-1,STATIC,report,L55-63,-5.530801349216038,2,-5,A,A
round1_to_round2,data/round2/0_Test/0_T1_NEG_userturns_STATIC,round2,T0_social_treatment,NEG,-1,STATIC,report,L70-79,-5.583814573287964,2,-5,A,A
round1_to_round2,data/round2/0_Test/0_T1_NEG_userturns_STATIC,round2,T0_social_treatment,NEG,-1,STATIC,report,L9-13,-17.799076080322266,2,-5,A,A
round1_to_round2,data/round2/0_Test/0_T1_NEG_userturns_SWARM,round2,T0_social_treatment,NEG,-1,SWARM,choice1,L20-32,-5.924176848851717,0,-5,A,A
round1_to_round2,data/round2/0_Test/0_T1_NEG_userturns_SWARM,round2,T0_social_treatment,NEG,-1,SWARM,choice1,L33-40,-1.8903279826045036,0,-5,A,A
round1_to_round2,data/round2/0_Test/0_T1_NEG_userturns_SWARM,round2,T0_social_treatment,NEG,-1,SWARM,choice1,L55-63,3.593183437983195,0,-5,A,A
round1_to_round2,data/round2/0_Test/0_T1_NEG_userturns_SWARM,round2,T0_social_treatment,NEG,-1,SWARM,choice1,L70-79,4.449096536636352,0,-5,A,A
round1_to_round2,data/round2/0_Test/0_T1_NEG_userturns_SWARM,round2,T0_social_treatment,NEG,-1,SWARM,choice1,L9-13,-2.667414164543152,0,-5,A,A
round1_to_round2,data/round2/0_Test/0_T1_NEG_userturns_SWARM,round2,T0_social_treatment,NEG,-1,SWARM,choice2,L20-32,-2.090952975818744,0,-5,A,A
round1_to_round2,data/round2/0_Test/0_T1_NEG_userturns_SWARM,round2,T0_social_treatment,NEG,-1,SWARM,choice2,L33-40,0.4747748067602515,0,-5,A,A
round1_to_round2,data/round2/0_Test/0_T1_NEG_userturns_SWARM,round2,T0_social_treatment,NEG,-1,SWARM,choice2,L55-63,1.1754969822035894,0,-5,A,A
round1_to_round2,data/round2/0_Test/0_T1_NEG_userturns_SWARM,round2,T0_social_treatment,NEG,-1,SWARM,choice2,L70-79,2.7729556560516357,0,-5,A,A
round1_to_round2,data/round2/0_Test/0_T1_NEG_userturns_SWARM,round2,T0_social_treatment,NEG,-1,SWARM,choice2,L9-13,-7.658887958526611,0,-5,A,A
round1_to_round2,data/round2/0_Test/0_T1_NEG_userturns_SWARM,round2,T0_social_treatment,NEG,-1,SWARM,manip1,L20-32,-38.55749746469351,0,-5,A,A
round1_to_round2,data/round2/0_Test/0_T1_NEG_userturns_SWARM,round2,T0_social_treatment,NEG,-1,SWARM,manip1,L33-40,-27.928051233291626,0,-5,A,A
round1_to_round2,data/round2/0_Test/0_T1_NEG_userturns_SWARM,round2,T0_social_treatment,NEG,-1,SWARM,manip1,L55-63,-21.415655348036026,0,-5,A,A
round1_to_round2,data/round2/0_Test/0_T1_NEG_userturns_SWARM,round2,T0_social_treatment,NEG,-1,SWARM,manip1,L70-79,-17.750890445709228,0,-5,A,A
round1_to_round2,data/round2/0_Test/0_T1_NEG_userturns_SWARM,round2,T0_social_treatment,NEG,-1,SWARM,manip1,L9-13,-38.4028923034668,0,-5,A,A
round1_to_round2,data/round2/0_Test/0_T1_NEG_userturns_SWARM,round2,T0_social_treatment,NEG,-1,SWARM,manip2,L20-32,-24.472740760216347,0,-5,A,A
round1_to_round2,data/round2/0_Test/0_T1_NEG_userturns_SWARM,round2,T0_social_treatment,NEG,-1,SWARM,manip2,L33-40,-15.457529664039612,0,-5,A,A
round1_to_round2,data/round2/0_Test/0_T1_NEG_userturns_SWARM,round2,T0_social_treatment,NEG,-1,SWARM,manip2,L55-63,-11.66582457224528,0,-5,A,A
round1_to_round2,data/round2/0_Test/0_T1_NEG_userturns_SWARM,round2,T0_social_treatment,NEG,-1,SWARM,manip2,L70-79,-10.59944944381714,0,-5,A,A
round1_to_round2,data/round2/0_Test/0_T1_NEG_userturns_SWARM,round2,T0_social_treatment,NEG,-1,SWARM,manip2,L9-13,-32.450822830200195,0,-5,A,A
round1_to_round2,data/round2/0_Test/0_T1_NEG_userturns_SWARM,round2,T0_social_treatment,NEG,-1,SWARM,report,L20-32,-14.573109406691332,0,-5,A,A
round1_to_round2,data/round2/0_Test/0_T1_NEG_userturns_SWARM,round2,T0_social_treatment,NEG,-1,SWARM,report,L33-40,-8.959517002105713,0,-5,A,A
round1_to_round2,data/round2/0_Test/0_T1_NEG_userturns_SWARM,round2,T0_social_treatment,NEG,-1,SWARM,report,L55-63,-5.153510994381374,0,-5,A,A
round1_to_round2,data/round2/0_Test/0_T1_NEG_userturns_SWARM,round2,T0_social_treatment,NEG,-1,SWARM,report,L70-79,-5.196003818511963,0,-5,A,A
round1_to_round2,data/round2/0_Test/0_T1_NEG_userturns_SWARM,round2,T0_social_treatment,NEG,-1,SWARM,report,L9-13,-17.61220932006836,0,-5,A,A
round1_to_round2,data/round2/0_Test/1_T1_NEU_userturns_BASELINE,round2,T0_social_treatment,NEU,0,BASELINE,choice1,L20-32,-4.129376448117769,0,0,A,A
round1_to_round2,data/round2/0_Test/1_T1_NEU_userturns_BASELINE,round2,T0_social_treatment,NEU,0,BASELINE,choice1,L33-40,1.019232127815485,0,0,A,A
round1_to_round2,data/round2/0_Test/1_T1_NEU_userturns_BASELINE,round2,T0_social_treatment,NEU,0,BASELINE,choice1,L55-63,5.646052837371826,0,0,A,A
round1_to_round2,data/round2/0_Test/1_T1_NEU_userturns_BASELINE,round2,T0_social_treatment,NEU,0,BASELINE,choice1,L70-79,6.268098163604736,0,0,A,A
round1_to_round2,data/round2/0_Test/1_T1_NEU_userturns_BASELINE,round2,T0_social_treatment,NEU,0,BASELINE,choice1,L9-13,1.6663490653038024,0,0,A,A
round1_to_round2,data/round2/0_Test/1_T1_NEU_userturns_BASELINE,round2,T0_social_treatment,NEU,0,BASELINE,choice2,L20-32,-1.223446834545869,0,0,A,A
round1_to_round2,data/round2/0_Test/1_T1_NEU_userturns_BASELINE,round2,T0_social_treatment,NEU,0,BASELINE,choice2,L33-40,1.8403156250715256,0,0,A,A
round1_to_round2,data/round2/0_Test/1_T1_NEU_userturns_BASELINE,round2,T0_social_treatment,NEU,0,BASELINE,choice2,L55-63,1.21123649014367,0,0,A,A
round1_to_round2,data/round2/0_Test/1_T1_NEU_userturns_BASELINE,round2,T0_social_treatment,NEU,0,BASELINE,choice2,L70-79,3.0958593606948854,0,0,A,A
round1_to_round2,data/round2/0_Test/1_T1_NEU_userturns_BASELINE,round2,T0_social_treatment,NEU,0,BASELINE,choice2,L9-13,-5.079042530059814,0,0,A,A
round1_to_round2,data/round2/0_Test/1_T1_NEU_userturns_BASELINE,round2,T0_social_treatment,NEU,0,BASELINE,manip1,L20-32,3.1379147057349863,0,0,A,A
round1_to_round2,data/round2/0_Test/1_T1_NEU_userturns_BASELINE,round2,T0_social_treatment,NEU,0,BASELINE,manip1,L33-40,2.0222462974488735,0,0,A,A
round1_to_round2,data/round2/0_Test/1_T1_NEU_userturns_BASELINE,round2,T0_social_treatment,NEU,0,BASELINE,manip1,L55-63,-1.6567424005932279,0,0,A,A
round1_to_round2,data/round2/0_Test/1_T1_NEU_userturns_BASELINE,round2,T0_social_treatment,NEU,0,BASELINE,manip1,L70-79,1.1485163420438766,0,0,A,A
round1_to_round2,data/round2/0_Test/1_T1_NEU_userturns_BASELINE,round2,T0_social_treatment,NEU,0,BASELINE,manip1,L9-13,8.425062656402588,0,0,A,A
round1_to_round2,data/round2/0_Test/1_T1_NEU_userturns_BASELINE,round2,T0_social_treatment,NEU,0,BASELINE,manip2,L20-32,3.0089713655985317,0,0,A,A
round1_to_round2,data/round2/0_Test/1_T1_NEU_userturns_BASELINE,round2,T0_social_treatment,NEU,0,BASELINE,manip2,L33-40,1.2610088288784027,0,0,A,A
round1_to_round2,data/round2/0_Test/1_T1_NEU_userturns_BASELINE,round2,T0_social_treatment,NEU,0,BASELINE,manip2,L55-63,0.17942292160458034,0,0,A,A
round1_to_round2,data/round2/0_Test/1_T1_NEU_userturns_BASELINE,round2,T0_social_treatment,NEU,0,BASELINE,manip2,L70-79,2.6484851598739625,0,0,A,A
round1_to_round2,data/round2/0_Test/1_T1_NEU_userturns_BASELINE,round2,T0_social_treatment,NEU,0,BASELINE,manip2,L9-13,11.865304565429687,0,0,A,A
round1_to_round2,data/round2/0_Test/1_T1_NEU_userturns_BASELINE,round2,T0_social_treatment,NEU,0,BASELINE,report,L20-32,-14.883648432218111,0,0,A,A
round1_to_round2,data/round2/0_Test/1_T1_NEU_userturns_BASELINE,round2,T0_social_treatment,NEU,0,BASELINE,report,L33-40,-9.231812536716461,0,0,A,A
round1_to_round2,data/round2/0_Test/1_T1_NEU_userturns_BASELINE,round2,T0_social_treatment,NEU,0,BASELINE,report,L55-63,-6.552202383677165,0,0,A,A
round1_to_round2,data/round2/0_Test/1_T1_NEU_userturns_BASELINE,round2,T0_social_treatment,NEU,0,BASELINE,report,L70-79,-6.625265121459961,0,0,A,A
round1_to_round2,data/round2/0_Test/1_T1_NEU_userturns_BASELINE,round2,T0_social_treatment,NEU,0,BASELINE,report,L9-13,-15.954500007629395,0,0,A,A
round1_to_round2,data/round2/0_Test/1_T1_NEU_userturns_SOL,round2,T0_social_treatment,NEU,0,SOL,choice1,L20-32,2.0834059520409656,2,4,A,A
round1_to_round2,data/round2/0_Test/1_T1_NEU_userturns_SOL,round2,T0_social_treatment,NEU,0,SOL,choice1,L33-40,5.220996469259262,2,4,A,A
round1_to_round2,data/round2/0_Test/1_T1_NEU_userturns_SOL,round2,T0_social_treatment,NEU,0,SOL,choice1,L55-63,9.362013392978245,2,4,A,A
round1_to_round2,data/round2/0_Test/1_T1_NEU_userturns_SOL,round2,T0_social_treatment,NEU,0,SOL,choice1,L70-79,9.75669002532959,2,4,A,A
round1_to_round2,data/round2/0_Test/1_T1_NEU_userturns_SOL,round2,T0_social_treatment,NEU,0,SOL,choice1,L9-13,2.178649455308914,2,4,A,A
round1_to_round2,data/round2/0_Test/1_T1_NEU_userturns_SOL,round2,T0_social_treatment,NEU,0,SOL,choice2,L20-32,1.9458661996401274,2,4,A,A
round1_to_round2,data/round2/0_Test/1_T1_NEU_userturns_SOL,round2,T0_social_treatment,NEU,0,SOL,choice2,L33-40,4.053127408027649,2,4,A,A
round1_to_round2,data/round2/0_Test/1_T1_NEU_userturns_SOL,round2,T0_social_treatment,NEU,0,SOL,choice2,L55-63,2.5340070724487305,2,4,A,A
round1_to_round2,data/round2/0_Test/1_T1_NEU_userturns_SOL,round2,T0_social_treatment,NEU,0,SOL,choice2,L70-79,4.596642231941223,2,4,A,A
round1_to_round2,data/round2/0_Test/1_T1_NEU_userturns_SOL,round2,T0_social_treatment,NEU,0,SOL,choice2,L9-13,-4.112368535995484,2,4,A,A
round1_to_round2,data/round2/0_Test/1_T1_NEU_userturns_SOL,round2,T0_social_treatment,NEU,0,SOL,manip1,L20-32,9.820237233088566,2,4,A,A
round1_to_round2,data/round2/0_Test/1_T1_NEU_userturns_SOL,round2,T0_social_treatment,NEU,0,SOL,manip1,L33-40,12.527878403663635,2,4,A,A
round1_to_round2,data/round2/0_Test/1_T1_NEU_userturns_SOL,round2,T0_social_treatment,NEU,0,SOL,manip1,L55-63,13.129853990342882,2,4,A,A
round1_to_round2,data/round2/0_Test/1_T1_NEU_userturns_SOL,round2,T0_social_treatment,NEU,0,SOL,manip1,L70-79,12.64608211517334,2,4,A,A
round1_to_round2,data/round2/0_Test/1_T1_NEU_userturns_SOL,round2,T0_social_treatment,NEU,0,SOL,manip1,L9-13,9.431636810302734,2,4,A,A
round1_to_round2,data/round2/0_Test/1_T1_NEU_userturns_SOL,round2,T0_social_treatment,NEU,0,SOL,manip2,L20-32,9.299692447368916,2,4,A,A
round1_to_round2,data/round2/0_Test/1_T1_NEU_userturns_SOL,round2,T0_social_treatment,NEU,0,SOL,manip2,L33-40,9.441671967506409,2,4,A,A
round1_to_round2,data/round2/0_Test/1_T1_NEU_userturns_SOL,round2,T0_social_treatment,NEU,0,SOL,manip2,L55-63,11.102707862854004,2,4,A,A
round1_to_round2,data/round2/0_Test/1_T1_NEU_userturns_SOL,round2,T0_social_treatment,NEU,0,SOL,manip2,L70-79,12.641518497467041,2,4,A,A
round1_to_round2,data/round2/0_Test/1_T1_NEU_userturns_SOL,round2,T0_social_treatment,NEU,0,SOL,manip2,L9-13,14.82250747680664,2,4,A,A
round1_to_round2,data/round2/0_Test/1_T1_NEU_userturns_SOL,round2,T0_social_treatment,NEU,0,SOL,report,L20-32,-12.422243118286133,2,4,A,A
round1_to_round2,data/round2/0_Test/1_T1_NEU_userturns_SOL,round2,T0_social_treatment,NEU,0,SOL,report,L33-40,-5.174126029014587,2,4,A,A
round1_to_round2,data/round2/0_Test/1_T1_NEU_userturns_SOL,round2,T0_social_treatment,NEU,0,SOL,report,L55-63,-2.223424540625678,2,4,A,A
round1_to_round2,data/round2/0_Test/1_T1_NEU_userturns_SOL,round2,T0_social_treatment,NEU,0,SOL,report,L70-79,-2.925940012931824,2,4,A,A
round1_to_round2,data/round2/0_Test/1_T1_NEU_userturns_SOL,round2,T0_social_treatment,NEU,0,SOL,report,L9-13,-15.855109214782715,2,4,A,A
round1_to_round2,data/round2/0_Test/1_T1_NEU_userturns_STATIC,round2,T0_social_treatment,NEU,0,STATIC,choice1,L20-32,0.5417613845605117,2,4,B,B
round1_to_round2,data/round2/0_Test/1_T1_NEU_userturns_STATIC,round2,T0_social_treatment,NEU,0,STATIC,choice1,L33-40,0.5665909312665462,2,4,B,B
round1_to_round2,data/round2/0_Test/1_T1_NEU_userturns_STATIC,round2,T0_social_treatment,NEU,0,STATIC,choice1,L55-63,1.741131239467197,2,4,B,B
round1_to_round2,data/round2/0_Test/1_T1_NEU_userturns_STATIC,round2,T0_social_treatment,NEU,0,STATIC,choice1,L70-79,1.7270043253898621,2,4,B,B
round1_to_round2,data/round2/0_Test/1_T1_NEU_userturns_STATIC,round2,T0_social_treatment,NEU,0,STATIC,choice1,L9-13,0.6225977897644043,2,4,B,B
round1_to_round2,data/round2/0_Test/1_T1_NEU_userturns_STATIC,round2,T0_social_treatment,NEU,0,STATIC,choice2,L20-32,-1.2960932105779648,2,4,B,B
round1_to_round2,data/round2/0_Test/1_T1_NEU_userturns_STATIC,round2,T0_social_treatment,NEU,0,STATIC,choice2,L33-40,-6.761840209364891,2,4,B,B
round1_to_round2,data/round2/0_Test/1_T1_NEU_userturns_STATIC,round2,T0_social_treatment,NEU,0,STATIC,choice2,L55-63,-9.538757748074001,2,4,B,B
round1_to_round2,data/round2/0_Test/1_T1_NEU_userturns_STATIC,round2,T0_social_treatment,NEU,0,STATIC,choice2,L70-79,-5.978732013702393,2,4,B,B
round1_to_round2,data/round2/0_Test/1_T1_NEU_userturns_STATIC,round2,T0_social_treatment,NEU,0,STATIC,choice2,L9-13,-5.807652187347412,2,4,B,B
round1_to_round2,data/round2/0_Test/1_T1_NEU_userturns_STATIC,round2,T0_social_treatment,NEU,0,STATIC,manip1,L20-32,10.352714318495531,2,4,B,B
round1_to_round2,data/round2/0_Test/1_T1_NEU_userturns_STATIC,round2,T0_social_treatment,NEU,0,STATIC,manip1,L33-40,6.943344980478287,2,4,B,B
round1_to_round2,data/round2/0_Test/1_T1_NEU_userturns_STATIC,round2,T0_social_treatment,NEU,0,STATIC,manip1,L55-63,1.42217128806644,2,4,B,B
round1_to_round2,data/round2/0_Test/1_T1_NEU_userturns_STATIC,round2,T0_social_treatment,NEU,0,STATIC,manip1,L70-79,-1.8862256228923797,2,4,B,B
round1_to_round2,data/round2/0_Test/1_T1_NEU_userturns_STATIC,round2,T0_social_treatment,NEU,0,STATIC,manip1,L9-13,9.167519569396973,2,4,B,B
round1_to_round2,data/round2/0_Test/1_T1_NEU_userturns_STATIC,round2,T0_social_treatment,NEU,0,STATIC,manip2,L20-32,11.970569610595703,2,4,B,B
round1_to_round2,data/round2/0_Test/1_T1_NEU_userturns_STATIC,round2,T0_social_treatment,NEU,0,STATIC,manip2,L33-40,5.793455474078655,2,4,B,B
round1_to_round2,data/round2/0_Test/1_T1_NEU_userturns_STATIC,round2,T0_social_treatment,NEU,0,STATIC,manip2,L55-63,-1.239147961139679,2,4,B,B
round1_to_round2,data/round2/0_Test/1_T1_NEU_userturns_STATIC,round2,T0_social_treatment,NEU,0,STATIC,manip2,L70-79,-3.616452360153198,2,4,B,B
round1_to_round2,data/round2/0_Test/1_T1_NEU_userturns_STATIC,round2,T0_social_treatment,NEU,0,STATIC,manip2,L9-13,10.728931427001953,2,4,B,B
round1_to_round2,data/round2/0_Test/1_T1_NEU_userturns_STATIC,round2,T0_social_treatment,NEU,0,STATIC,report,L20-32,-13.009237729586088,2,4,B,B
round1_to_round2,data/round2/0_Test/1_T1_NEU_userturns_STATIC,round2,T0_social_treatment,NEU,0,STATIC,report,L33-40,-7.1135571002960205,2,4,B,B
round1_to_round2,data/round2/0_Test/1_T1_NEU_userturns_STATIC,round2,T0_social_treatment,NEU,0,STATIC,report,L55-63,-4.294580936431885,2,4,B,B
round1_to_round2,data/round2/0_Test/1_T1_NEU_userturns_STATIC,round2,T0_social_treatment,NEU,0,STATIC,report,L70-79,-4.873725366592407,2,4,B,B
round1_to_round2,data/round2/0_Test/1_T1_NEU_userturns_STATIC,round2,T0_social_treatment,NEU,0,STATIC,report,L9-13,-16.27504119873047,2,4,B,B
round1_to_round2,data/round2/0_Test/1_T1_NEU_userturns_SWARM,round2,T0_social_treatment,NEU,0,SWARM,choice1,L20-32,0.33316575105373675,2,5,A,A
round1_to_round2,data/round2/0_Test/1_T1_NEU_userturns_SWARM,round2,T0_social_treatment,NEU,0,SWARM,choice1,L33-40,3.563211604952812,2,5,A,A
round1_to_round2,data/round2/0_Test/1_T1_NEU_userturns_SWARM,round2,T0_social_treatment,NEU,0,SWARM,choice1,L55-63,8.755972862243652,2,5,A,A
round1_to_round2,data/round2/0_Test/1_T1_NEU_userturns_SWARM,round2,T0_social_treatment,NEU,0,SWARM,choice1,L70-79,9.714606475830077,2,5,A,A
round1_to_round2,data/round2/0_Test/1_T1_NEU_userturns_SWARM,round2,T0_social_treatment,NEU,0,SWARM,choice1,L9-13,1.2610511481761932,2,5,A,A
round1_to_round2,data/round2/0_Test/1_T1_NEU_userturns_SWARM,round2,T0_social_treatment,NEU,0,SWARM,choice2,L20-32,0.9422835547190446,2,5,A,A
round1_to_round2,data/round2/0_Test/1_T1_NEU_userturns_SWARM,round2,T0_social_treatment,NEU,0,SWARM,choice2,L33-40,5.134925216436386,2,5,A,A
round1_to_round2,data/round2/0_Test/1_T1_NEU_userturns_SWARM,round2,T0_social_treatment,NEU,0,SWARM,choice2,L55-63,4.348772154914008,2,5,A,A
round1_to_round2,data/round2/0_Test/1_T1_NEU_userturns_SWARM,round2,T0_social_treatment,NEU,0,SWARM,choice2,L70-79,6.199897336959839,2,5,A,A
round1_to_round2,data/round2/0_Test/1_T1_NEU_userturns_SWARM,round2,T0_social_treatment,NEU,0,SWARM,choice2,L9-13,-4.287489175796509,2,5,A,A
round1_to_round2,data/round2/0_Test/1_T1_NEU_userturns_SWARM,round2,T0_social_treatment,NEU,0,SWARM,manip1,L20-32,10.06116192157452,2,5,A,A
round1_to_round2,data/round2/0_Test/1_T1_NEU_userturns_SWARM,round2,T0_social_treatment,NEU,0,SWARM,manip1,L33-40,10.842875123023987,2,5,A,A
round1_to_round2,data/round2/0_Test/1_T1_NEU_userturns_SWARM,round2,T0_social_treatment,NEU,0,SWARM,manip1,L55-63,10.20378197564019,2,5,A,A
round1_to_round2,data/round2/0_Test/1_T1_NEU_userturns_SWARM,round2,T0_social_treatment,NEU,0,SWARM,manip1,L70-79,10.604286766052246,2,5,A,A
round1_to_round2,data/round2/0_Test/1_T1_NEU_userturns_SWARM,round2,T0_social_treatment,NEU,0,SWARM,manip1,L9-13,9.865333366394044,2,5,A,A
round1_to_round2,data/round2/0_Test/1_T1_NEU_userturns_SWARM,round2,T0_social_treatment,NEU,0,SWARM,manip2,L20-32,8.812420184795673,2,5,A,A
round1_to_round2,data/round2/0_Test/1_T1_NEU_userturns_SWARM,round2,T0_social_treatment,NEU,0,SWARM,manip2,L33-40,6.954276919364929,2,5,A,A
round1_to_round2,data/round2/0_Test/1_T1_NEU_userturns_SWARM,round2,T0_social_treatment,NEU,0,SWARM,manip2,L55-63,6.1583709716796875,2,5,A,A
round1_to_round2,data/round2/0_Test/1_T1_NEU_userturns_SWARM,round2,T0_social_treatment,NEU,0,SWARM,manip2,L70-79,8.038889646530151,2,5,A,A
round1_to_round2,data/round2/0_Test/1_T1_NEU_userturns_SWARM,round2,T0_social_treatment,NEU,0,SWARM,manip2,L9-13,17.59921989440918,2,5,A,A
round1_to_round2,data/round2/0_Test/1_T1_NEU_userturns_SWARM,round2,T0_social_treatment,NEU,0,SWARM,report,L20-32,-12.858246216407188,2,5,A,A
round1_to_round2,data/round2/0_Test/1_T1_NEU_userturns_SWARM,round2,T0_social_treatment,NEU,0,SWARM,report,L33-40,-5.187426894903183,2,5,A,A
round1_to_round2,data/round2/0_Test/1_T1_NEU_userturns_SWARM,round2,T0_social_treatment,NEU,0,SWARM,report,L55-63,-2.7259192731645374,2,5,A,A
round1_to_round2,data/round2/0_Test/1_T1_NEU_userturns_SWARM,round2,T0_social_treatment,NEU,0,SWARM,report,L70-79,-2.977920579910278,2,5,A,A
round1_to_round2,data/round2/0_Test/1_T1_NEU_userturns_SWARM,round2,T0_social_treatment,NEU,0,SWARM,report,L9-13,-16.234688568115235,2,5,A,A
round1_to_round2,data/round2/0_Test/2_T1_POS_userturns_BASELINE,round2,T0_social_treatment,POS,1,BASELINE,choice1,L20-32,0.30855924578813404,2,4,A,A
round1_to_round2,data/round2/0_Test/2_T1_POS_userturns_BASELINE,round2,T0_social_treatment,POS,1,BASELINE,choice1,L33-40,3.6214475855231285,2,4,A,A
round1_to_round2,data/round2/0_Test/2_T1_POS_userturns_BASELINE,round2,T0_social_treatment,POS,1,BASELINE,choice1,L55-63,8.230489783816868,2,4,A,A
round1_to_round2,data/round2/0_Test/2_T1_POS_userturns_BASELINE,round2,T0_social_treatment,POS,1,BASELINE,choice1,L70-79,8.498160362243652,2,4,A,A
round1_to_round2,data/round2/0_Test/2_T1_POS_userturns_BASELINE,round2,T0_social_treatment,POS,1,BASELINE,choice1,L9-13,5.2891175746917725,2,4,A,A
round1_to_round2,data/round2/0_Test/2_T1_POS_userturns_BASELINE,round2,T0_social_treatment,POS,1,BASELINE,choice2,L20-32,0.33797388122631955,2,4,A,A
round1_to_round2,data/round2/0_Test/2_T1_POS_userturns_BASELINE,round2,T0_social_treatment,POS,1,BASELINE,choice2,L33-40,3.4035395979881287,2,4,A,A
round1_to_round2,data/round2/0_Test/2_T1_POS_userturns_BASELINE,round2,T0_social_treatment,POS,1,BASELINE,choice2,L55-63,2.427841239505344,2,4,A,A
round1_to_round2,data/round2/0_Test/2_T1_POS_userturns_BASELINE,round2,T0_social_treatment,POS,1,BASELINE,choice2,L70-79,4.246823334693909,2,4,A,A
round1_to_round2,data/round2/0_Test/2_T1_POS_userturns_BASELINE,round2,T0_social_treatment,POS,1,BASELINE,choice2,L9-13,-3.9035584926605225,2,4,A,A
round1_to_round2,data/round2/0_Test/2_T1_POS_userturns_BASELINE,round2,T0_social_treatment,POS,1,BASELINE,manip1,L20-32,36.71910462012658,2,4,A,A
round1_to_round2,data/round2/0_Test/2_T1_POS_userturns_BASELINE,round2,T0_social_treatment,POS,1,BASELINE,manip1,L33-40,21.566874265670776,2,4,A,A
round1_to_round2,data/round2/0_Test/2_T1_POS_userturns_BASELINE,round2,T0_social_treatment,POS,1,BASELINE,manip1,L55-63,18.023687574598526,2,4,A,A
round1_to_round2,data/round2/0_Test/2_T1_POS_userturns_BASELINE,round2,T0_social_treatment,POS,1,BASELINE,manip1,L70-79,16.146242713928224,2,4,A,A
round1_to_round2,data/round2/0_Test/2_T1_POS_userturns_BASELINE,round2,T0_social_treatment,POS,1,BASELINE,manip1,L9-13,17.702344703674317,2,4,A,A
round1_to_round2,data/round2/0_Test/2_T1_POS_userturns_BASELINE,round2,T0_social_treatment,POS,1,BASELINE,manip2,L20-32,45.617901435265175,2,4,A,A
round1_to_round2,data/round2/0_Test/2_T1_POS_userturns_BASELINE,round2,T0_social_treatment,POS,1,BASELINE,manip2,L33-40,28.572436809539795,2,4,A,A
round1_to_round2,data/round2/0_Test/2_T1_POS_userturns_BASELINE,round2,T0_social_treatment,POS,1,BASELINE,manip2,L55-63,25.960929022894966,2,4,A,A
round1_to_round2,data/round2/0_Test/2_T1_POS_userturns_BASELINE,round2,T0_social_treatment,POS,1,BASELINE,manip2,L70-79,19.98411407470703,2,4,A,A
round1_to_round2,data/round2/0_Test/2_T1_POS_userturns_BASELINE,round2,T0_social_treatment,POS,1,BASELINE,manip2,L9-13,29.146244049072266,2,4,A,A
round1_to_round2,data/round2/0_Test/2_T1_POS_userturns_BASELINE,round2,T0_social_treatment,POS,1,BASELINE,report,L20-32,-14.505005176250751,2,4,A,A
round1_to_round2,data/round2/0_Test/2_T1_POS_userturns_BASELINE,round2,T0_social_treatment,POS,1,BASELINE,report,L33-40,-7.790251791477203,2,4,A,A
round1_to_round2,data/round2/0_Test/2_T1_POS_userturns_BASELINE,round2,T0_social_treatment,POS,1,BASELINE,report,L55-63,-5.05755795372857,2,4,A,A
round1_to_round2,data/round2/0_Test/2_T1_POS_userturns_BASELINE,round2,T0_social_treatment,POS,1,BASELINE,report,L70-79,-5.450574588775635,2,4,A,A
round1_to_round2,data/round2/0_Test/2_T1_POS_userturns_BASELINE,round2,T0_social_treatment,POS,1,BASELINE,report,L9-13,-16.036839866638182,2,4,A,A
round1_to_round2,data/round2/0_Test/2_T1_POS_userturns_SOL,round2,T0_social_treatment,POS,1,SOL,choice1,L20-32,5.8856694881732645,3,6,A,A
round1_to_round2,data/round2/0_Test/2_T1_POS_userturns_SOL,round2,T0_social_treatment,POS,1,SOL,choice1,L33-40,6.791565418243408,3,6,A,A
round1_to_round2,data/round2/0_Test/2_T1_POS_userturns_SOL,round2,T0_social_treatment,POS,1,SOL,choice1,L55-63,10.683262083265516,3,6,A,A
round1_to_round2,data/round2/0_Test/2_T1_POS_userturns_SOL,round2,T0_social_treatment,POS,1,SOL,choice1,L70-79,10.78588171005249,3,6,A,A
round1_to_round2,data/round2/0_Test/2_T1_POS_userturns_SOL,round2,T0_social_treatment,POS,1,SOL,choice1,L9-13,5.20499050617218,3,6,A,A
round1_to_round2,data/round2/0_Test/2_T1_POS_userturns_SOL,round2,T0_social_treatment,POS,1,SOL,choice2,L20-32,3.2574750918608446,3,6,A,A
round1_to_round2,data/round2/0_Test/2_T1_POS_userturns_SOL,round2,T0_social_treatment,POS,1,SOL,choice2,L33-40,5.001310288906097,3,6,A,A
round1_to_round2,data/round2/0_Test/2_T1_POS_userturns_SOL,round2,T0_social_treatment,POS,1,SOL,choice2,L55-63,3.1306056711408825,3,6,A,A
round1_to_round2,data/round2/0_Test/2_T1_POS_userturns_SOL,round2,T0_social_treatment,POS,1,SOL,choice2,L70-79,5.21822600364685,3,6,A,A
round1_to_round2,data/round2/0_Test/2_T1_POS_userturns_SOL,round2,T0_social_treatment,POS,1,SOL,choice2,L9-13,-4.292233467102051,3,6,A,A
round1_to_round2,data/round2/0_Test/2_T1_POS_userturns_SOL,round2,T0_social_treatment,POS,1,SOL,manip1,L20-32,43.27911817110502,3,6,A,A
round1_to_round2,data/round2/0_Test/2_T1_POS_userturns_SOL,round2,T0_social_treatment,POS,1,SOL,manip1,L33-40,33.155356645584106,3,6,A,A
round1_to_round2,data/round2/0_Test/2_T1_POS_userturns_SOL,round2,T0_social_treatment,POS,1,SOL,manip1,L55-63,36.37937461005317,3,6,A,A
round1_to_round2,data/round2/0_Test/2_T1_POS_userturns_SOL,round2,T0_social_treatment,POS,1,SOL,manip1,L70-79,29.568804359436037,3,6,A,A
round1_to_round2,data/round2/0_Test/2_T1_POS_userturns_SOL,round2,T0_social_treatment,POS,1,SOL,manip1,L9-13,20.058758544921876,3,6,A,A
round1_to_round2,data/round2/0_Test/2_T1_POS_userturns_SOL,round2,T0_social_treatment,POS,1,SOL,manip2,L20-32,51.08963834322416,3,6,A,A
round1_to_round2,data/round2/0_Test/2_T1_POS_userturns_SOL,round2,T0_social_treatment,POS,1,SOL,manip2,L33-40,37.54417181015015,3,6,A,A
round1_to_round2,data/round2/0_Test/2_T1_POS_userturns_SOL,round2,T0_social_treatment,POS,1,SOL,manip2,L55-63,38.01817830403646,3,6,A,A
round1_to_round2,data/round2/0_Test/2_T1_POS_userturns_SOL,round2,T0_social_treatment,POS,1,SOL,manip2,L70-79,30.1600248336792,3,6,A,A
round1_to_round2,data/round2/0_Test/2_T1_POS_userturns_SOL,round2,T0_social_treatment,POS,1,SOL,manip2,L9-13,31.273681640625,3,6,A,A
round1_to_round2,data/round2/0_Test/2_T1_POS_userturns_SOL,round2,T0_social_treatment,POS,1,SOL,report,L20-32,-11.780196483318623,3,6,A,A
round1_to_round2,data/round2/0_Test/2_T1_POS_userturns_SOL,round2,T0_social_treatment,POS,1,SOL,report,L33-40,-4.477289032191038,3,6,A,A
round1_to_round2,data/round2/0_Test/2_T1_POS_userturns_SOL,round2,T0_social_treatment,POS,1,SOL,report,L55-63,-1.7679125600390964,3,6,A,A
round1_to_round2,data/round2/0_Test/2_T1_POS_userturns_SOL,round2,T0_social_treatment,POS,1,SOL,report,L70-79,-2.6940755367279055,3,6,A,A
round1_to_round2,data/round2/0_Test/2_T1_POS_userturns_SOL,round2,T0_social_treatment,POS,1,SOL,report,L9-13,-15.582902526855468,3,6,A,A
round1_to_round2,data/round2/0_Test/2_T1_POS_userturns_STATIC,round2,T0_social_treatment,POS,1,STATIC,choice1,L20-32,3.05134340432974,1,0,A,A
round1_to_round2,data/round2/0_Test/2_T1_POS_userturns_STATIC,round2,T0_social_treatment,POS,1,STATIC,choice1,L33-40,-0.8596418537199497,1,0,A,A
round1_to_round2,data/round2/0_Test/2_T1_POS_userturns_STATIC,round2,T0_social_treatment,POS,1,STATIC,choice1,L55-63,-0.3894111182954576,1,0,A,A
round1_to_round2,data/round2/0_Test/2_T1_POS_userturns_STATIC,round2,T0_social_treatment,POS,1,STATIC,choice1,L70-79,-0.12425483763217926,1,0,A,A
round1_to_round2,data/round2/0_Test/2_T1_POS_userturns_STATIC,round2,T0_social_treatment,POS,1,STATIC,choice1,L9-13,3.7841030061244965,1,0,A,A
round1_to_round2,data/round2/0_Test/2_T1_POS_userturns_STATIC,round2,T0_social_treatment,POS,1,STATIC,choice2,L20-32,1.8318220285268931,1,0,A,A
round1_to_round2,data/round2/0_Test/2_T1_POS_userturns_STATIC,round2,T0_social_treatment,POS,1,STATIC,choice2,L33-40,4.223869740962982,1,0,A,A
round1_to_round2,data/round2/0_Test/2_T1_POS_userturns_STATIC,round2,T0_social_treatment,POS,1,STATIC,choice2,L55-63,2.603339089287652,1,0,A,A
round1_to_round2,data/round2/0_Test/2_T1_POS_userturns_STATIC,round2,T0_social_treatment,POS,1,STATIC,choice2,L70-79,4.5221182346344,1,0,A,A
round1_to_round2,data/round2/0_Test/2_T1_POS_userturns_STATIC,round2,T0_social_treatment,POS,1,STATIC,choice2,L9-13,-3.717301273345947,1,0,A,A
round1_to_round2,data/round2/0_Test/2_T1_POS_userturns_STATIC,round2,T0_social_treatment,POS,1,STATIC,manip1,L20-32,38.52378493088942,1,0,A,A
round1_to_round2,data/round2/0_Test/2_T1_POS_userturns_STATIC,round2,T0_social_treatment,POS,1,STATIC,manip1,L33-40,22.544578790664673,1,0,A,A
round1_to_round2,data/round2/0_Test/2_T1_POS_userturns_STATIC,round2,T0_social_treatment,POS,1,STATIC,manip1,L55-63,14.090082168579102,1,0,A,A
round1_to_round2,data/round2/0_Test/2_T1_POS_userturns_STATIC,round2,T0_social_treatment,POS,1,STATIC,manip1,L70-79,8.25666127204895,1,0,A,A
round1_to_round2,data/round2/0_Test/2_T1_POS_userturns_STATIC,round2,T0_social_treatment,POS,1,STATIC,manip1,L9-13,20.581569290161134,1,0,A,A
round1_to_round2,data/round2/0_Test/2_T1_POS_userturns_STATIC,round2,T0_social_treatment,POS,1,STATIC,manip2,L20-32,38.73514806307279,1,0,A,A
round1_to_round2,data/round2/0_Test/2_T1_POS_userturns_STATIC,round2,T0_social_treatment,POS,1,STATIC,manip2,L33-40,16.473280906677246,1,0,A,A
round1_to_round2,data/round2/0_Test/2_T1_POS_userturns_STATIC,round2,T0_social_treatment,POS,1,STATIC,manip2,L55-63,5.534450213114421,1,0,A,A
round1_to_round2,data/round2/0_Test/2_T1_POS_userturns_STATIC,round2,T0_social_treatment,POS,1,STATIC,manip2,L70-79,-0.5493936851620674,1,0,A,A
round1_to_round2,data/round2/0_Test/2_T1_POS_userturns_STATIC,round2,T0_social_treatment,POS,1,STATIC,manip2,L9-13,31.169941711425782,1,0,A,A
round1_to_round2,data/round2/0_Test/2_T1_POS_userturns_STATIC,round2,T0_social_treatment,POS,1,STATIC,report,L20-32,-12.180971292349009,1,0,A,A
round1_to_round2,data/round2/0_Test/2_T1_POS_userturns_STATIC,round2,T0_social_treatment,POS,1,STATIC,report,L33-40,-6.630259454250336,1,0,A,A
round1_to_round2,data/round2/0_Test/2_T1_POS_userturns_STATIC,round2,T0_social_treatment,POS,1,STATIC,report,L55-63,-3.875338395436605,1,0,A,A
round1_to_round2,data/round2/0_Test/2_T1_POS_userturns_STATIC,round2,T0_social_treatment,POS,1,STATIC,report,L70-79,-4.5198222398757935,1,0,A,A
round1_to_round2,data/round2/0_Test/2_T1_POS_userturns_STATIC,round2,T0_social_treatment,POS,1,STATIC,report,L9-13,-15.321492195129395,1,0,A,A
round1_to_round2,data/round2/0_Test/2_T1_POS_userturns_SWARM,round2,T0_social_treatment,POS,1,SWARM,choice1,L20-32,3.9174921833551846,3,5,A,A
round1_to_round2,data/round2/0_Test/2_T1_POS_userturns_SWARM,round2,T0_social_treatment,POS,1,SWARM,choice1,L33-40,5.468291461467743,3,5,A,A
round1_to_round2,data/round2/0_Test/2_T1_POS_userturns_SWARM,round2,T0_social_treatment,POS,1,SWARM,choice1,L55-63,10.466283480326334,3,5,A,A
round1_to_round2,data/round2/0_Test/2_T1_POS_userturns_SWARM,round2,T0_social_treatment,POS,1,SWARM,choice1,L70-79,10.761628341674804,3,5,A,A
round1_to_round2,data/round2/0_Test/2_T1_POS_userturns_SWARM,round2,T0_social_treatment,POS,1,SWARM,choice1,L9-13,3.5166267067193986,3,5,A,A
round1_to_round2,data/round2/0_Test/2_T1_POS_userturns_SWARM,round2,T0_social_treatment,POS,1,SWARM,choice2,L20-32,2.187331974506378,3,5,A,A
round1_to_round2,data/round2/0_Test/2_T1_POS_userturns_SWARM,round2,T0_social_treatment,POS,1,SWARM,choice2,L33-40,5.060365229845047,3,5,A,A
round1_to_round2,data/round2/0_Test/2_T1_POS_userturns_SWARM,round2,T0_social_treatment,POS,1,SWARM,choice2,L55-63,3.679069916407267,3,5,A,A
round1_to_round2,data/round2/0_Test/2_T1_POS_userturns_SWARM,round2,T0_social_treatment,POS,1,SWARM,choice2,L70-79,5.900497674942017,3,5,A,A
round1_to_round2,data/round2/0_Test/2_T1_POS_userturns_SWARM,round2,T0_social_treatment,POS,1,SWARM,choice2,L9-13,-4.107723999023437,3,5,A,A
round1_to_round2,data/round2/0_Test/2_T1_POS_userturns_SWARM,round2,T0_social_treatment,POS,1,SWARM,manip1,L20-32,39.31111409113957,3,5,A,A
round1_to_round2,data/round2/0_Test/2_T1_POS_userturns_SWARM,round2,T0_social_treatment,POS,1,SWARM,manip1,L33-40,23.55933141708374,3,5,A,A
round1_to_round2,data/round2/0_Test/2_T1_POS_userturns_SWARM,round2,T0_social_treatment,POS,1,SWARM,manip1,L55-63,24.82122018602159,3,5,A,A
round1_to_round2,data/round2/0_Test/2_T1_POS_userturns_SWARM,round2,T0_social_treatment,POS,1,SWARM,manip1,L70-79,20.146963119506836,3,5,A,A
round1_to_round2,data/round2/0_Test/2_T1_POS_userturns_SWARM,round2,T0_social_treatment,POS,1,SWARM,manip1,L9-13,19.19479446411133,3,5,A,A
round1_to_round2,data/round2/0_Test/2_T1_POS_userturns_SWARM,round2,T0_social_treatment,POS,1,SWARM,manip2,L20-32,44.99670820969801,3,5,A,A
round1_to_round2,data/round2/0_Test/2_T1_POS_userturns_SWARM,round2,T0_social_treatment,POS,1,SWARM,manip2,L33-40,29.371392011642456,3,5,A,A
round1_to_round2,data/round2/0_Test/2_T1_POS_userturns_SWARM,round2,T0_social_treatment,POS,1,SWARM,manip2,L55-63,29.93631468878852,3,5,A,A
round1_to_round2,data/round2/0_Test/2_T1_POS_userturns_SWARM,round2,T0_social_treatment,POS,1,SWARM,manip2,L70-79,22.2062255859375,3,5,A,A
round1_to_round2,data/round2/0_Test/2_T1_POS_userturns_SWARM,round2,T0_social_treatment,POS,1,SWARM,manip2,L9-13,29.32731399536133,3,5,A,A
round1_to_round2,data/round2/0_Test/2_T1_POS_userturns_SWARM,round2,T0_social_treatment,POS,1,SWARM,report,L20-32,-12.319715940035307,3,5,A,A
round1_to_round2,data/round2/0_Test/2_T1_POS_userturns_SWARM,round2,T0_social_treatment,POS,1,SWARM,report,L33-40,-4.859799228608608,3,5,A,A
round1_to_round2,data/round2/0_Test/2_T1_POS_userturns_SWARM,round2,T0_social_treatment,POS,1,SWARM,report,L55-63,-2.2792554563946195,3,5,A,A
round1_to_round2,data/round2/0_Test/2_T1_POS_userturns_SWARM,round2,T0_social_treatment,POS,1,SWARM,report,L70-79,-2.9234840154647825,3,5,A,A
round1_to_round2,data/round2/0_Test/2_T1_POS_userturns_SWARM,round2,T0_social_treatment,POS,1,SWARM,report,L9-13,-15.82972469329834,3,5,A,A
round1_to_round2,data/round2/1_Test/Test1_NEG_userturns_BASELINE,round2,T1_task_valence,NEG,-1,BASELINE,choice1,L20-32,-7.411606550216675,0,0,B,A
round1_to_round2,data/round2/1_Test/Test1_NEG_userturns_BASELINE,round2,T1_task_valence,NEG,-1,BASELINE,choice1,L33-40,-15.881805777549744,0,0,B,A
round1_to_round2,data/round2/1_Test/Test1_NEG_userturns_BASELINE,round2,T1_task_valence,NEG,-1,BASELINE,choice1,L55-63,-13.848053932189941,0,0,B,A
round1_to_round2,data/round2/1_Test/Test1_NEG_userturns_BASELINE,round2,T1_task_valence,NEG,-1,BASELINE,choice1,L70-79,-13.169398593902589,0,0,B,A
round1_to_round2,data/round2/1_Test/Test1_NEG_userturns_BASELINE,round2,T1_task_valence,NEG,-1,BASELINE,choice1,L9-13,1.5561808109283448,0,0,B,A
round1_to_round2,data/round2/1_Test/Test1_NEG_userturns_BASELINE,round2,T1_task_valence,NEG,-1,BASELINE,choice2,L20-32,-4.487413938228901,0,0,B,A
round1_to_round2,data/round2/1_Test/Test1_NEG_userturns_BASELINE,round2,T1_task_valence,NEG,-1,BASELINE,choice2,L33-40,-5.000751286745071,0,0,B,A
round1_to_round2,data/round2/1_Test/Test1_NEG_userturns_BASELINE,round2,T1_task_valence,NEG,-1,BASELINE,choice2,L55-63,-3.292161570654975,0,0,B,A
round1_to_round2,data/round2/1_Test/Test1_NEG_userturns_BASELINE,round2,T1_task_valence,NEG,-1,BASELINE,choice2,L70-79,-0.8211620718240737,0,0,B,A
round1_to_round2,data/round2/1_Test/Test1_NEG_userturns_BASELINE,round2,T1_task_valence,NEG,-1,BASELINE,choice2,L9-13,-7.523792266845703,0,0,B,A
round1_to_round2,data/round2/1_Test/Test1_NEG_userturns_BASELINE,round2,T1_task_valence,NEG,-1,BASELINE,manip1,L20-32,-37.2004635150616,0,0,B,A
round1_to_round2,data/round2/1_Test/Test1_NEG_userturns_BASELINE,round2,T1_task_valence,NEG,-1,BASELINE,manip1,L33-40,-32.46145582199097,0,0,B,A
round1_to_round2,data/round2/1_Test/Test1_NEG_userturns_BASELINE,round2,T1_task_valence,NEG,-1,BASELINE,manip1,L55-63,-40.06793551974826,0,0,B,A
round1_to_round2,data/round2/1_Test/Test1_NEG_userturns_BASELINE,round2,T1_task_valence,NEG,-1,BASELINE,manip1,L70-79,-43.43889389038086,0,0,B,A
round1_to_round2,data/round2/1_Test/Test1_NEG_userturns_BASELINE,round2,T1_task_valence,NEG,-1,BASELINE,manip1,L9-13,-44.65905075073242,0,0,B,A
round1_to_round2,data/round2/1_Test/Test1_NEG_userturns_BASELINE,round2,T1_task_valence,NEG,-1,BASELINE,manip2,L20-32,-4.5089272535764255,0,0,B,A
round1_to_round2,data/round2/1_Test/Test1_NEG_userturns_BASELINE,round2,T1_task_valence,NEG,-1,BASELINE,manip2,L33-40,-6.868450582027435,0,0,B,A
round1_to_round2,data/round2/1_Test/Test1_NEG_userturns_BASELINE,round2,T1_task_valence,NEG,-1,BASELINE,manip2,L55-63,-9.027174419826931,0,0,B,A
round1_to_round2,data/round2/1_Test/Test1_NEG_userturns_BASELINE,round2,T1_task_valence,NEG,-1,BASELINE,manip2,L70-79,-11.187244987487793,0,0,B,A
round1_to_round2,data/round2/1_Test/Test1_NEG_userturns_BASELINE,round2,T1_task_valence,NEG,-1,BASELINE,manip2,L9-13,-4.47377872467041,0,0,B,A
round1_to_round2,data/round2/1_Test/Test1_NEG_userturns_BASELINE,round2,T1_task_valence,NEG,-1,BASELINE,report,L20-32,-15.448510610140287,0,0,B,A
round1_to_round2,data/round2/1_Test/Test1_NEG_userturns_BASELINE,round2,T1_task_valence,NEG,-1,BASELINE,report,L33-40,-10.21506816148758,0,0,B,A
round1_to_round2,data/round2/1_Test/Test1_NEG_userturns_BASELINE,round2,T1_task_valence,NEG,-1,BASELINE,report,L55-63,-7.238437228732639,0,0,B,A
round1_to_round2,data/round2/1_Test/Test1_NEG_userturns_BASELINE,round2,T1_task_valence,NEG,-1,BASELINE,report,L70-79,-7.23135781288147,0,0,B,A
round1_to_round2,data/round2/1_Test/Test1_NEG_userturns_BASELINE,round2,T1_task_valence,NEG,-1,BASELINE,report,L9-13,-16.998374938964844,0,0,B,A
round1_to_round2,data/round2/1_Test/Test1_NEG_userturns_SOL,round2,T1_task_valence,NEG,-1,SOL,choice1,L20-32,-4.142886932079609,2,5,B,A
round1_to_round2,data/round2/1_Test/Test1_NEG_userturns_SOL,round2,T1_task_valence,NEG,-1,SOL,choice1,L33-40,-14.099067568778992,2,5,B,A
round1_to_round2,data/round2/1_Test/Test1_NEG_userturns_SOL,round2,T1_task_valence,NEG,-1,SOL,choice1,L55-63,-12.932255003187391,2,5,B,A
round1_to_round2,data/round2/1_Test/Test1_NEG_userturns_SOL,round2,T1_task_valence,NEG,-1,SOL,choice1,L70-79,-12.910414123535157,2,5,B,A
round1_to_round2,data/round2/1_Test/Test1_NEG_userturns_SOL,round2,T1_task_valence,NEG,-1,SOL,choice1,L9-13,2.623418074846268,2,5,B,A
round1_to_round2,data/round2/1_Test/Test1_NEG_userturns_SOL,round2,T1_task_valence,NEG,-1,SOL,choice2,L20-32,-1.9674778145093184,2,5,B,A
round1_to_round2,data/round2/1_Test/Test1_NEG_userturns_SOL,round2,T1_task_valence,NEG,-1,SOL,choice2,L33-40,-0.4811854884028435,2,5,B,A
round1_to_round2,data/round2/1_Test/Test1_NEG_userturns_SOL,round2,T1_task_valence,NEG,-1,SOL,choice2,L55-63,1.0466972357696958,2,5,B,A
round1_to_round2,data/round2/1_Test/Test1_NEG_userturns_SOL,round2,T1_task_valence,NEG,-1,SOL,choice2,L70-79,2.667145037651062,2,5,B,A
round1_to_round2,data/round2/1_Test/Test1_NEG_userturns_SOL,round2,T1_task_valence,NEG,-1,SOL,choice2,L9-13,-6.679716873168945,2,5,B,A
round1_to_round2,data/round2/1_Test/Test1_NEG_userturns_SOL,round2,T1_task_valence,NEG,-1,SOL,manip1,L20-32,-37.09653619619516,2,5,B,A
round1_to_round2,data/round2/1_Test/Test1_NEG_userturns_SOL,round2,T1_task_valence,NEG,-1,SOL,manip1,L33-40,-31.83646559715271,2,5,B,A
round1_to_round2,data/round2/1_Test/Test1_NEG_userturns_SOL,round2,T1_task_valence,NEG,-1,SOL,manip1,L55-63,-38.66423077053494,2,5,B,A
round1_to_round2,data/round2/1_Test/Test1_NEG_userturns_SOL,round2,T1_task_valence,NEG,-1,SOL,manip1,L70-79,-43.0565299987793,2,5,B,A
round1_to_round2,data/round2/1_Test/Test1_NEG_userturns_SOL,round2,T1_task_valence,NEG,-1,SOL,manip1,L9-13,-46.71733703613281,2,5,B,A
round1_to_round2,data/round2/1_Test/Test1_NEG_userturns_SOL,round2,T1_task_valence,NEG,-1,SOL,manip2,L20-32,-1.8100778575126941,2,5,B,A
round1_to_round2,data/round2/1_Test/Test1_NEG_userturns_SOL,round2,T1_task_valence,NEG,-1,SOL,manip2,L33-40,-3.564518615603447,2,5,B,A
round1_to_round2,data/round2/1_Test/Test1_NEG_userturns_SOL,round2,T1_task_valence,NEG,-1,SOL,manip2,L55-63,-4.493366400400798,2,5,B,A
round1_to_round2,data/round2/1_Test/Test1_NEG_userturns_SOL,round2,T1_task_valence,NEG,-1,SOL,manip2,L70-79,-10.758004856109618,2,5,B,A
round1_to_round2,data/round2/1_Test/Test1_NEG_userturns_SOL,round2,T1_task_valence,NEG,-1,SOL,manip2,L9-13,-3.9304150581359862,2,5,B,A
round1_to_round2,data/round2/1_Test/Test1_NEG_userturns_SOL,round2,T1_task_valence,NEG,-1,SOL,report,L20-32,-13.26535386305589,2,5,B,A
round1_to_round2,data/round2/1_Test/Test1_NEG_userturns_SOL,round2,T1_task_valence,NEG,-1,SOL,report,L33-40,-7.082376837730408,2,5,B,A
round1_to_round2,data/round2/1_Test/Test1_NEG_userturns_SOL,round2,T1_task_valence,NEG,-1,SOL,report,L55-63,-3.3009325133429632,2,5,B,A
round1_to_round2,data/round2/1_Test/Test1_NEG_userturns_SOL,round2,T1_task_valence,NEG,-1,SOL,report,L70-79,-3.7850976943969727,2,5,B,A
round1_to_round2,data/round2/1_Test/Test1_NEG_userturns_SOL,round2,T1_task_valence,NEG,-1,SOL,report,L9-13,-16.617332458496094,2,5,B,A
round1_to_round2,data/round2/1_Test/Test1_NEG_userturns_STATIC,round2,T1_task_valence,NEG,-1,STATIC,choice1,L20-32,-5.0479563153707065,0,-4,B,A
round1_to_round2,data/round2/1_Test/Test1_NEG_userturns_STATIC,round2,T1_task_valence,NEG,-1,STATIC,choice1,L33-40,-17.835796356201172,0,-4,B,A
round1_to_round2,data/round2/1_Test/Test1_NEG_userturns_STATIC,round2,T1_task_valence,NEG,-1,STATIC,choice1,L55-63,-19.794098960028755,0,-4,B,A
round1_to_round2,data/round2/1_Test/Test1_NEG_userturns_STATIC,round2,T1_task_valence,NEG,-1,STATIC,choice1,L70-79,-20.418480682373048,0,-4,B,A
round1_to_round2,data/round2/1_Test/Test1_NEG_userturns_STATIC,round2,T1_task_valence,NEG,-1,STATIC,choice1,L9-13,-0.8591208457946777,0,-4,B,A
round1_to_round2,data/round2/1_Test/Test1_NEG_userturns_STATIC,round2,T1_task_valence,NEG,-1,STATIC,choice2,L20-32,-1.7404715281266432,0,-4,B,A
round1_to_round2,data/round2/1_Test/Test1_NEG_userturns_STATIC,round2,T1_task_valence,NEG,-1,STATIC,choice2,L33-40,-0.10570945497602224,0,-4,B,A
round1_to_round2,data/round2/1_Test/Test1_NEG_userturns_STATIC,round2,T1_task_valence,NEG,-1,STATIC,choice2,L55-63,1.4826626314057245,0,-4,B,A
round1_to_round2,data/round2/1_Test/Test1_NEG_userturns_STATIC,round2,T1_task_valence,NEG,-1,STATIC,choice2,L70-79,2.9179526805877685,0,-4,B,A
round1_to_round2,data/round2/1_Test/Test1_NEG_userturns_STATIC,round2,T1_task_valence,NEG,-1,STATIC,choice2,L9-13,-7.575942134857177,0,-4,B,A
round1_to_round2,data/round2/1_Test/Test1_NEG_userturns_STATIC,round2,T1_task_valence,NEG,-1,STATIC,manip1,L20-32,-35.68345113900992,0,-4,B,A
round1_to_round2,data/round2/1_Test/Test1_NEG_userturns_STATIC,round2,T1_task_valence,NEG,-1,STATIC,manip1,L33-40,-28.97449517250061,0,-4,B,A
round1_to_round2,data/round2/1_Test/Test1_NEG_userturns_STATIC,round2,T1_task_valence,NEG,-1,STATIC,manip1,L55-63,-35.29452345106337,0,-4,B,A
round1_to_round2,data/round2/1_Test/Test1_NEG_userturns_STATIC,round2,T1_task_valence,NEG,-1,STATIC,manip1,L70-79,-41.43756103515625,0,-4,B,A
round1_to_round2,data/round2/1_Test/Test1_NEG_userturns_STATIC,round2,T1_task_valence,NEG,-1,STATIC,manip1,L9-13,-46.55752792358398,0,-4,B,A
round1_to_round2,data/round2/1_Test/Test1_NEG_userturns_STATIC,round2,T1_task_valence,NEG,-1,STATIC,manip2,L20-32,-1.070113411316505,0,-4,B,A
round1_to_round2,data/round2/1_Test/Test1_NEG_userturns_STATIC,round2,T1_task_valence,NEG,-1,STATIC,manip2,L33-40,-2.952134557068348,0,-4,B,A
round1_to_round2,data/round2/1_Test/Test1_NEG_userturns_STATIC,round2,T1_task_valence,NEG,-1,STATIC,manip2,L55-63,-9.482641379038492,0,-4,B,A
round1_to_round2,data/round2/1_Test/Test1_NEG_userturns_STATIC,round2,T1_task_valence,NEG,-1,STATIC,manip2,L70-79,-15.913838577270507,0,-4,B,A
round1_to_round2,data/round2/1_Test/Test1_NEG_userturns_STATIC,round2,T1_task_valence,NEG,-1,STATIC,manip2,L9-13,-3.596188449859619,0,-4,B,A
round1_to_round2,data/round2/1_Test/Test1_NEG_userturns_STATIC,round2,T1_task_valence,NEG,-1,STATIC,report,L20-32,-12.99374925173246,0,-4,B,A
round1_to_round2,data/round2/1_Test/Test1_NEG_userturns_STATIC,round2,T1_task_valence,NEG,-1,STATIC,report,L33-40,-8.94252723455429,0,-4,B,A
round1_to_round2,data/round2/1_Test/Test1_NEG_userturns_STATIC,round2,T1_task_valence,NEG,-1,STATIC,report,L55-63,-5.857819239298503,0,-4,B,A
round1_to_round2,data/round2/1_Test/Test1_NEG_userturns_STATIC,round2,T1_task_valence,NEG,-1,STATIC,report,L70-79,-5.523957920074463,0,-4,B,A
round1_to_round2,data/round2/1_Test/Test1_NEG_userturns_STATIC,round2,T1_task_valence,NEG,-1,STATIC,report,L9-13,-16.83776798248291,0,-4,B,A
round1_to_round2,data/round2/1_Test/Test1_NEG_userturns_SWARM,round2,T1_task_valence,NEG,-1,SWARM,choice1,L20-32,-2.0152868811900797,3,5,B,A
round1_to_round2,data/round2/1_Test/Test1_NEG_userturns_SWARM,round2,T1_task_valence,NEG,-1,SWARM,choice1,L33-40,-9.365585148334503,3,5,B,A
round1_to_round2,data/round2/1_Test/Test1_NEG_userturns_SWARM,round2,T1_task_valence,NEG,-1,SWARM,choice1,L55-63,-8.638363520304361,3,5,B,A
round1_to_round2,data/round2/1_Test/Test1_NEG_userturns_SWARM,round2,T1_task_valence,NEG,-1,SWARM,choice1,L70-79,-8.028641271591187,3,5,B,A
round1_to_round2,data/round2/1_Test/Test1_NEG_userturns_SWARM,round2,T1_task_valence,NEG,-1,SWARM,choice1,L9-13,1.1818445682525636,3,5,B,A
round1_to_round2,data/round2/1_Test/Test1_NEG_userturns_SWARM,round2,T1_task_valence,NEG,-1,SWARM,choice2,L20-32,-1.8992024339162386,3,5,B,A
round1_to_round2,data/round2/1_Test/Test1_NEG_userturns_SWARM,round2,T1_task_valence,NEG,-1,SWARM,choice2,L33-40,1.3266561292111874,3,5,B,A
round1_to_round2,data/round2/1_Test/Test1_NEG_userturns_SWARM,round2,T1_task_valence,NEG,-1,SWARM,choice2,L55-63,2.8179262744055853,3,5,B,A
round1_to_round2,data/round2/1_Test/Test1_NEG_userturns_SWARM,round2,T1_task_valence,NEG,-1,SWARM,choice2,L70-79,4.143251705169678,3,5,B,A
round1_to_round2,data/round2/1_Test/Test1_NEG_userturns_SWARM,round2,T1_task_valence,NEG,-1,SWARM,choice2,L9-13,-6.332044315338135,3,5,B,A
round1_to_round2,data/round2/1_Test/Test1_NEG_userturns_SWARM,round2,T1_task_valence,NEG,-1,SWARM,manip1,L20-32,-36.394903916579025,3,5,B,A
round1_to_round2,data/round2/1_Test/Test1_NEG_userturns_SWARM,round2,T1_task_valence,NEG,-1,SWARM,manip1,L33-40,-25.2823269367218,3,5,B,A
round1_to_round2,data/round2/1_Test/Test1_NEG_userturns_SWARM,round2,T1_task_valence,NEG,-1,SWARM,manip1,L55-63,-18.99369324578179,3,5,B,A
round1_to_round2,data/round2/1_Test/Test1_NEG_userturns_SWARM,round2,T1_task_valence,NEG,-1,SWARM,manip1,L70-79,-21.65383701324463,3,5,B,A
round1_to_round2,data/round2/1_Test/Test1_NEG_userturns_SWARM,round2,T1_task_valence,NEG,-1,SWARM,manip1,L9-13,-46.217857360839844,3,5,B,A
round1_to_round2,data/round2/1_Test/Test1_NEG_userturns_SWARM,round2,T1_task_valence,NEG,-1,SWARM,manip2,L20-32,1.5230582058429718,3,5,B,A
round1_to_round2,data/round2/1_Test/Test1_NEG_userturns_SWARM,round2,T1_task_valence,NEG,-1,SWARM,manip2,L33-40,5.023672521114349,3,5,B,A
round1_to_round2,data/round2/1_Test/Test1_NEG_userturns_SWARM,round2,T1_task_valence,NEG,-1,SWARM,manip2,L55-63,6.7912265989515515,3,5,B,A
round1_to_round2,data/round2/1_Test/Test1_NEG_userturns_SWARM,round2,T1_task_valence,NEG,-1,SWARM,manip2,L70-79,6.595608234405518,3,5,B,A
round1_to_round2,data/round2/1_Test/Test1_NEG_userturns_SWARM,round2,T1_task_valence,NEG,-1,SWARM,manip2,L9-13,-1.896044874191284,3,5,B,A
round1_to_round2,data/round2/1_Test/Test1_NEG_userturns_SWARM,round2,T1_task_valence,NEG,-1,SWARM,report,L20-32,-13.289288080655611,3,5,B,A
round1_to_round2,data/round2/1_Test/Test1_NEG_userturns_SWARM,round2,T1_task_valence,NEG,-1,SWARM,report,L33-40,-6.046679377555847,3,5,B,A
round1_to_round2,data/round2/1_Test/Test1_NEG_userturns_SWARM,round2,T1_task_valence,NEG,-1,SWARM,report,L55-63,-2.899688720703125,3,5,B,A
round1_to_round2,data/round2/1_Test/Test1_NEG_userturns_SWARM,round2,T1_task_valence,NEG,-1,SWARM,report,L70-79,-3.201549506187439,3,5,B,A
round1_to_round2,data/round2/1_Test/Test1_NEG_userturns_SWARM,round2,T1_task_valence,NEG,-1,SWARM,report,L9-13,-16.913187980651855,3,5,B,A
round1_to_round2,data/round2/1_Test/Test1_NEU_userturns_BASELINE,round2,T1_task_valence,NEU,0,BASELINE,choice1,L20-32,-4.0154714446801405,0,0,B,A
round1_to_round2,data/round2/1_Test/Test1_NEU_userturns_BASELINE,round2,T1_task_valence,NEU,0,BASELINE,choice1,L33-40,-8.450211524963379,0,0,B,A
round1_to_round2,data/round2/1_Test/Test1_NEU_userturns_BASELINE,round2,T1_task_valence,NEU,0,BASELINE,choice1,L55-63,-7.4126865598890515,0,0,B,A
round1_to_round2,data/round2/1_Test/Test1_NEU_userturns_BASELINE,round2,T1_task_valence,NEU,0,BASELINE,choice1,L70-79,-6.885029006004333,0,0,B,A
round1_to_round2,data/round2/1_Test/Test1_NEU_userturns_BASELINE,round2,T1_task_valence,NEU,0,BASELINE,choice1,L9-13,1.4316720962524414,0,0,B,A
round1_to_round2,data/round2/1_Test/Test1_NEU_userturns_BASELINE,round2,T1_task_valence,NEU,0,BASELINE,choice2,L20-32,-3.8535955319037805,0,0,B,A
round1_to_round2,data/round2/1_Test/Test1_NEU_userturns_BASELINE,round2,T1_task_valence,NEU,0,BASELINE,choice2,L33-40,-7.6408811211586,0,0,B,A
round1_to_round2,data/round2/1_Test/Test1_NEU_userturns_BASELINE,round2,T1_task_valence,NEU,0,BASELINE,choice2,L55-63,-6.044100390540229,0,0,B,A
round1_to_round2,data/round2/1_Test/Test1_NEU_userturns_BASELINE,round2,T1_task_valence,NEU,0,BASELINE,choice2,L70-79,-2.5366512298583985,0,0,B,A
round1_to_round2,data/round2/1_Test/Test1_NEU_userturns_BASELINE,round2,T1_task_valence,NEU,0,BASELINE,choice2,L9-13,-7.027030181884766,0,0,B,A
round1_to_round2,data/round2/1_Test/Test1_NEU_userturns_BASELINE,round2,T1_task_valence,NEU,0,BASELINE,manip1,L20-32,-17.552674733675442,0,0,B,A
round1_to_round2,data/round2/1_Test/Test1_NEU_userturns_BASELINE,round2,T1_task_valence,NEU,0,BASELINE,manip1,L33-40,-9.489592909812927,0,0,B,A
round1_to_round2,data/round2/1_Test/Test1_NEU_userturns_BASELINE,round2,T1_task_valence,NEU,0,BASELINE,manip1,L55-63,-8.337239265441895,0,0,B,A
round1_to_round2,data/round2/1_Test/Test1_NEU_userturns_BASELINE,round2,T1_task_valence,NEU,0,BASELINE,manip1,L70-79,-9.183723258972169,0,0,B,A
round1_to_round2,data/round2/1_Test/Test1_NEU_userturns_BASELINE,round2,T1_task_valence,NEU,0,BASELINE,manip1,L9-13,-23.089755249023437,0,0,B,A
round1_to_round2,data/round2/1_Test/Test1_NEU_userturns_BASELINE,round2,T1_task_valence,NEU,0,BASELINE,manip2,L20-32,0.4087386956581703,0,0,B,A
round1_to_round2,data/round2/1_Test/Test1_NEU_userturns_BASELINE,round2,T1_task_valence,NEU,0,BASELINE,manip2,L33-40,3.3133026510477066,0,0,B,A
round1_to_round2,data/round2/1_Test/Test1_NEU_userturns_BASELINE,round2,T1_task_valence,NEU,0,BASELINE,manip2,L55-63,-1.0241421858469646,0,0,B,A
round1_to_round2,data/round2/1_Test/Test1_NEU_userturns_BASELINE,round2,T1_task_valence,NEU,0,BASELINE,manip2,L70-79,-0.04663812518119812,0,0,B,A
round1_to_round2,data/round2/1_Test/Test1_NEU_userturns_BASELINE,round2,T1_task_valence,NEU,0,BASELINE,manip2,L9-13,-0.4151633262634277,0,0,B,A
round1_to_round2,data/round2/1_Test/Test1_NEU_userturns_BASELINE,round2,T1_task_valence,NEU,0,BASELINE,report,L20-32,-15.041570590092586,0,0,B,A
round1_to_round2,data/round2/1_Test/Test1_NEU_userturns_BASELINE,round2,T1_task_valence,NEU,0,BASELINE,report,L33-40,-9.792587280273438,0,0,B,A
round1_to_round2,data/round2/1_Test/Test1_NEU_userturns_BASELINE,round2,T1_task_valence,NEU,0,BASELINE,report,L55-63,-6.971728907691108,0,0,B,A
round1_to_round2,data/round2/1_Test/Test1_NEU_userturns_BASELINE,round2,T1_task_valence,NEU,0,BASELINE,report,L70-79,-6.819380092620849,0,0,B,A
round1_to_round2,data/round2/1_Test/Test1_NEU_userturns_BASELINE,round2,T1_task_valence,NEU,0,BASELINE,report,L9-13,-17.03212699890137,0,0,B,A
round1_to_round2,data/round2/1_Test/Test1_NEU_userturns_SOL,round2,T1_task_valence,NEU,0,SOL,choice1,L20-32,1.0734554563577359,2,4,B,A
round1_to_round2,data/round2/1_Test/Test1_NEU_userturns_SOL,round2,T1_task_valence,NEU,0,SOL,choice1,L33-40,-3.355740237981081,2,4,B,A
round1_to_round2,data/round2/1_Test/Test1_NEU_userturns_SOL,round2,T1_task_valence,NEU,0,SOL,choice1,L55-63,-4.21970338291592,2,4,B,A
round1_to_round2,data/round2/1_Test/Test1_NEU_userturns_SOL,round2,T1_task_valence,NEU,0,SOL,choice1,L70-79,-4.469040560722351,2,4,B,A
round1_to_round2,data/round2/1_Test/Test1_NEU_userturns_SOL,round2,T1_task_valence,NEU,0,SOL,choice1,L9-13,2.9353936553001403,2,4,B,A
round1_to_round2,data/round2/1_Test/Test1_NEU_userturns_SOL,round2,T1_task_valence,NEU,0,SOL,choice2,L20-32,-1.3332535578654363,2,4,B,A
round1_to_round2,data/round2/1_Test/Test1_NEU_userturns_SOL,round2,T1_task_valence,NEU,0,SOL,choice2,L33-40,-1.3607746697962284,2,4,B,A
round1_to_round2,data/round2/1_Test/Test1_NEU_userturns_SOL,round2,T1_task_valence,NEU,0,SOL,choice2,L55-63,-0.4212588436073727,2,4,B,A
round1_to_round2,data/round2/1_Test/Test1_NEU_userturns_SOL,round2,T1_task_valence,NEU,0,SOL,choice2,L70-79,1.898374766111374,2,4,B,A
round1_to_round2,data/round2/1_Test/Test1_NEU_userturns_SOL,round2,T1_task_valence,NEU,0,SOL,choice2,L9-13,-5.507016181945801,2,4,B,A
round1_to_round2,data/round2/1_Test/Test1_NEU_userturns_SOL,round2,T1_task_valence,NEU,0,SOL,manip1,L20-32,-16.45220507108248,2,4,B,A
round1_to_round2,data/round2/1_Test/Test1_NEU_userturns_SOL,round2,T1_task_valence,NEU,0,SOL,manip1,L33-40,-6.164638698101044,2,4,B,A
round1_to_round2,data/round2/1_Test/Test1_NEU_userturns_SOL,round2,T1_task_valence,NEU,0,SOL,manip1,L55-63,-3.013700008392334,2,4,B,A
round1_to_round2,data/round2/1_Test/Test1_NEU_userturns_SOL,round2,T1_task_valence,NEU,0,SOL,manip1,L70-79,-4.169303166866302,2,4,B,A
round1_to_round2,data/round2/1_Test/Test1_NEU_userturns_SOL,round2,T1_task_valence,NEU,0,SOL,manip1,L9-13,-23.061723709106445,2,4,B,A
round1_to_round2,data/round2/1_Test/Test1_NEU_userturns_SOL,round2,T1_task_valence,NEU,0,SOL,manip2,L20-32,4.6832862083728495,2,4,B,A
round1_to_round2,data/round2/1_Test/Test1_NEU_userturns_SOL,round2,T1_task_valence,NEU,0,SOL,manip2,L33-40,12.436718225479126,2,4,B,A
round1_to_round2,data/round2/1_Test/Test1_NEU_userturns_SOL,round2,T1_task_valence,NEU,0,SOL,manip2,L55-63,11.28802596198188,2,4,B,A
round1_to_round2,data/round2/1_Test/Test1_NEU_userturns_SOL,round2,T1_task_valence,NEU,0,SOL,manip2,L70-79,10.0733491897583,2,4,B,A
round1_to_round2,data/round2/1_Test/Test1_NEU_userturns_SOL,round2,T1_task_valence,NEU,0,SOL,manip2,L9-13,0.36513633728027345,2,4,B,A
round1_to_round2,data/round2/1_Test/Test1_NEU_userturns_SOL,round2,T1_task_valence,NEU,0,SOL,report,L20-32,-13.15331481053279,2,4,B,A
round1_to_round2,data/round2/1_Test/Test1_NEU_userturns_SOL,round2,T1_task_valence,NEU,0,SOL,report,L33-40,-5.631303399801254,2,4,B,A
round1_to_round2,data/round2/1_Test/Test1_NEU_userturns_SOL,round2,T1_task_valence,NEU,0,SOL,report,L55-63,-2.4772297541300454,2,4,B,A
round1_to_round2,data/round2/1_Test/Test1_NEU_userturns_SOL,round2,T1_task_valence,NEU,0,SOL,report,L70-79,-2.867168402671814,2,4,B,A
round1_to_round2,data/round2/1_Test/Test1_NEU_userturns_SOL,round2,T1_task_valence,NEU,0,SOL,report,L9-13,-16.212458419799805,2,4,B,A
round1_to_round2,data/round2/1_Test/Test1_NEU_userturns_STATIC,round2,T1_task_valence,NEU,0,STATIC,choice1,L20-32,2.52694257406088,2,-4,B,A
round1_to_round2,data/round2/1_Test/Test1_NEU_userturns_STATIC,round2,T1_task_valence,NEU,0,STATIC,choice1,L33-40,-6.587999761104584,2,-4,B,A
round1_to_round2,data/round2/1_Test/Test1_NEU_userturns_STATIC,round2,T1_task_valence,NEU,0,STATIC,choice1,L55-63,-9.341184404161242,2,-4,B,A
round1_to_round2,data/round2/1_Test/Test1_NEU_userturns_STATIC,round2,T1_task_valence,NEU,0,STATIC,choice1,L70-79,-9.953819608688354,2,-4,B,A
round1_to_round2,data/round2/1_Test/Test1_NEU_userturns_STATIC,round2,T1_task_valence,NEU,0,STATIC,choice1,L9-13,0.9376986026763916,2,-4,B,A
round1_to_round2,data/round2/1_Test/Test1_NEU_userturns_STATIC,round2,T1_task_valence,NEU,0,STATIC,choice2,L20-32,-1.0719405911289728,2,-4,B,A
round1_to_round2,data/round2/1_Test/Test1_NEU_userturns_STATIC,round2,T1_task_valence,NEU,0,STATIC,choice2,L33-40,0.766830787062645,2,-4,B,A
round1_to_round2,data/round2/1_Test/Test1_NEU_userturns_STATIC,round2,T1_task_valence,NEU,0,STATIC,choice2,L55-63,1.0533595946100023,2,-4,B,A
round1_to_round2,data/round2/1_Test/Test1_NEU_userturns_STATIC,round2,T1_task_valence,NEU,0,STATIC,choice2,L70-79,2.6976548433303833,2,-4,B,A
round1_to_round2,data/round2/1_Test/Test1_NEU_userturns_STATIC,round2,T1_task_valence,NEU,0,STATIC,choice2,L9-13,-6.0746299743652346,2,-4,B,A
round1_to_round2,data/round2/1_Test/Test1_NEU_userturns_STATIC,round2,T1_task_valence,NEU,0,STATIC,manip1,L20-32,-15.674676748422476,2,-4,B,A
round1_to_round2,data/round2/1_Test/Test1_NEU_userturns_STATIC,round2,T1_task_valence,NEU,0,STATIC,manip1,L33-40,-7.7482200264930725,2,-4,B,A
round1_to_round2,data/round2/1_Test/Test1_NEU_userturns_STATIC,round2,T1_task_valence,NEU,0,STATIC,manip1,L55-63,-11.137985547383627,2,-4,B,A
round1_to_round2,data/round2/1_Test/Test1_NEU_userturns_STATIC,round2,T1_task_valence,NEU,0,STATIC,manip1,L70-79,-13.520764350891113,2,-4,B,A
round1_to_round2,data/round2/1_Test/Test1_NEU_userturns_STATIC,round2,T1_task_valence,NEU,0,STATIC,manip1,L9-13,-22.962666702270507,2,-4,B,A
round1_to_round2,data/round2/1_Test/Test1_NEU_userturns_STATIC,round2,T1_task_valence,NEU,0,STATIC,manip2,L20-32,9.319452946002666,2,-4,B,A
round1_to_round2,data/round2/1_Test/Test1_NEU_userturns_STATIC,round2,T1_task_valence,NEU,0,STATIC,manip2,L33-40,7.099762737751007,2,-4,B,A
round1_to_round2,data/round2/1_Test/Test1_NEU_userturns_STATIC,round2,T1_task_valence,NEU,0,STATIC,manip2,L55-63,-1.0342401597234938,2,-4,B,A
round1_to_round2,data/round2/1_Test/Test1_NEU_userturns_STATIC,round2,T1_task_valence,NEU,0,STATIC,manip2,L70-79,-4.45988712310791,2,-4,B,A
round1_to_round2,data/round2/1_Test/Test1_NEU_userturns_STATIC,round2,T1_task_valence,NEU,0,STATIC,manip2,L9-13,1.7920226573944091,2,-4,B,A
round1_to_round2,data/round2/1_Test/Test1_NEU_userturns_STATIC,round2,T1_task_valence,NEU,0,STATIC,report,L20-32,-12.49776084606464,2,-4,B,A
round1_to_round2,data/round2/1_Test/Test1_NEU_userturns_STATIC,round2,T1_task_valence,NEU,0,STATIC,report,L33-40,-7.2774540185928345,2,-4,B,A
round1_to_round2,data/round2/1_Test/Test1_NEU_userturns_STATIC,round2,T1_task_valence,NEU,0,STATIC,report,L55-63,-4.123251650068495,2,-4,B,A
round1_to_round2,data/round2/1_Test/Test1_NEU_userturns_STATIC,round2,T1_task_valence,NEU,0,STATIC,report,L70-79,-4.474284267425537,2,-4,B,A
round1_to_round2,data/round2/1_Test/Test1_NEU_userturns_STATIC,round2,T1_task_valence,NEU,0,STATIC,report,L9-13,-16.740299797058107,2,-4,B,A
round1_to_round2,data/round2/1_Test/Test1_NEU_userturns_SWARM,round2,T1_task_valence,NEU,0,SWARM,choice1,L20-32,2.697343807954055,2,5,B,A
round1_to_round2,data/round2/1_Test/Test1_NEU_userturns_SWARM,round2,T1_task_valence,NEU,0,SWARM,choice1,L33-40,-0.30439525097608566,2,5,B,A
round1_to_round2,data/round2/1_Test/Test1_NEU_userturns_SWARM,round2,T1_task_valence,NEU,0,SWARM,choice1,L55-63,1.4174780050913494,2,5,B,A
round1_to_round2,data/round2/1_Test/Test1_NEU_userturns_SWARM,round2,T1_task_valence,NEU,0,SWARM,choice1,L70-79,2.1559465944767,2,5,B,A
round1_to_round2,data/round2/1_Test/Test1_NEU_userturns_SWARM,round2,T1_task_valence,NEU,0,SWARM,choice1,L9-13,2.9362855792045592,2,5,B,A
round1_to_round2,data/round2/1_Test/Test1_NEU_userturns_SWARM,round2,T1_task_valence,NEU,0,SWARM,choice2,L20-32,-0.9975397311724149,2,5,B,A
round1_to_round2,data/round2/1_Test/Test1_NEU_userturns_SWARM,round2,T1_task_valence,NEU,0,SWARM,choice2,L33-40,-1.832667987793684,2,5,B,A
round1_to_round2,data/round2/1_Test/Test1_NEU_userturns_SWARM,round2,T1_task_valence,NEU,0,SWARM,choice2,L55-63,-1.607933587498135,2,5,B,A
round1_to_round2,data/round2/1_Test/Test1_NEU_userturns_SWARM,round2,T1_task_valence,NEU,0,SWARM,choice2,L70-79,0.9323453694581986,2,5,B,A
round1_to_round2,data/round2/1_Test/Test1_NEU_userturns_SWARM,round2,T1_task_valence,NEU,0,SWARM,choice2,L9-13,-5.202694606781006,2,5,B,A
round1_to_round2,data/round2/1_Test/Test1_NEU_userturns_SWARM,round2,T1_task_valence,NEU,0,SWARM,manip1,L20-32,-16.172709538386417,2,5,B,A
round1_to_round2,data/round2/1_Test/Test1_NEU_userturns_SWARM,round2,T1_task_valence,NEU,0,SWARM,manip1,L33-40,-6.443193852901459,2,5,B,A
round1_to_round2,data/round2/1_Test/Test1_NEU_userturns_SWARM,round2,T1_task_valence,NEU,0,SWARM,manip1,L55-63,-0.7531950804922316,2,5,B,A
round1_to_round2,data/round2/1_Test/Test1_NEU_userturns_SWARM,round2,T1_task_valence,NEU,0,SWARM,manip1,L70-79,2.2975340098142625,2,5,B,A
round1_to_round2,data/round2/1_Test/Test1_NEU_userturns_SWARM,round2,T1_task_valence,NEU,0,SWARM,manip1,L9-13,-22.944869232177734,2,5,B,A
round1_to_round2,data/round2/1_Test/Test1_NEU_userturns_SWARM,round2,T1_task_valence,NEU,0,SWARM,manip2,L20-32,9.92938522192148,2,5,B,A
round1_to_round2,data/round2/1_Test/Test1_NEU_userturns_SWARM,round2,T1_task_valence,NEU,0,SWARM,manip2,L33-40,13.206713676452637,2,5,B,A
round1_to_round2,data/round2/1_Test/Test1_NEU_userturns_SWARM,round2,T1_task_valence,NEU,0,SWARM,manip2,L55-63,11.39519903394911,2,5,B,A
round1_to_round2,data/round2/1_Test/Test1_NEU_userturns_SWARM,round2,T1_task_valence,NEU,0,SWARM,manip2,L70-79,11.465595245361328,2,5,B,A
round1_to_round2,data/round2/1_Test/Test1_NEU_userturns_SWARM,round2,T1_task_valence,NEU,0,SWARM,manip2,L9-13,2.8960670948028566,2,5,B,A
round1_to_round2,data/round2/1_Test/Test1_NEU_userturns_SWARM,round2,T1_task_valence,NEU,0,SWARM,report,L20-32,-12.926233364985539,2,5,B,A
round1_to_round2,data/round2/1_Test/Test1_NEU_userturns_SWARM,round2,T1_task_valence,NEU,0,SWARM,report,L33-40,-5.751635789871216,2,5,B,A
round1_to_round2,data/round2/1_Test/Test1_NEU_userturns_SWARM,round2,T1_task_valence,NEU,0,SWARM,report,L55-63,-2.6843096945020886,2,5,B,A
round1_to_round2,data/round2/1_Test/Test1_NEU_userturns_SWARM,round2,T1_task_valence,NEU,0,SWARM,report,L70-79,-2.7516757369041445,2,5,B,A
round1_to_round2,data/round2/1_Test/Test1_NEU_userturns_SWARM,round2,T1_task_valence,NEU,0,SWARM,report,L9-13,-16.849687767028808,2,5,B,A
round1_to_round2,data/round2/1_Test/Test1_POS_userturns_BASELINE,round2,T1_task_valence,POS,1,BASELINE,choice1,L20-32,-2.7683820884961348,0,2,A,A
round1_to_round2,data/round2/1_Test/Test1_POS_userturns_BASELINE,round2,T1_task_valence,POS,1,BASELINE,choice1,L33-40,-3.2911937534809113,0,2,A,A
round1_to_round2,data/round2/1_Test/Test1_POS_userturns_BASELINE,round2,T1_task_valence,POS,1,BASELINE,choice1,L55-63,-1.5484526687198215,0,2,A,A
round1_to_round2,data/round2/1_Test/Test1_POS_userturns_BASELINE,round2,T1_task_valence,POS,1,BASELINE,choice1,L70-79,-0.7170019507408142,0,2,A,A
round1_to_round2,data/round2/1_Test/Test1_POS_userturns_BASELINE,round2,T1_task_valence,POS,1,BASELINE,choice1,L9-13,3.652913045883179,0,2,A,A
round1_to_round2,data/round2/1_Test/Test1_POS_userturns_BASELINE,round2,T1_task_valence,POS,1,BASELINE,choice2,L20-32,-0.42950710425010097,0,2,A,A
round1_to_round2,data/round2/1_Test/Test1_POS_userturns_BASELINE,round2,T1_task_valence,POS,1,BASELINE,choice2,L33-40,1.899567123502493,0,2,A,A
round1_to_round2,data/round2/1_Test/Test1_POS_userturns_BASELINE,round2,T1_task_valence,POS,1,BASELINE,choice2,L55-63,3.0150866243574352,0,2,A,A
round1_to_round2,data/round2/1_Test/Test1_POS_userturns_BASELINE,round2,T1_task_valence,POS,1,BASELINE,choice2,L70-79,5.863545751571655,0,2,A,A
round1_to_round2,data/round2/1_Test/Test1_POS_userturns_BASELINE,round2,T1_task_valence,POS,1,BASELINE,choice2,L9-13,-3.8505563735961914,0,2,A,A
round1_to_round2,data/round2/1_Test/Test1_POS_userturns_BASELINE,round2,T1_task_valence,POS,1,BASELINE,manip1,L20-32,21.15376120347243,0,2,A,A
round1_to_round2,data/round2/1_Test/Test1_POS_userturns_BASELINE,round2,T1_task_valence,POS,1,BASELINE,manip1,L33-40,27.816670417785645,0,2,A,A
round1_to_round2,data/round2/1_Test/Test1_POS_userturns_BASELINE,round2,T1_task_valence,POS,1,BASELINE,manip1,L55-63,30.885051727294922,0,2,A,A
round1_to_round2,data/round2/1_Test/Test1_POS_userturns_BASELINE,round2,T1_task_valence,POS,1,BASELINE,manip1,L70-79,34.07872047424316,0,2,A,A
round1_to_round2,data/round2/1_Test/Test1_POS_userturns_BASELINE,round2,T1_task_valence,POS,1,BASELINE,manip1,L9-13,43.52202529907227,0,2,A,A
round1_to_round2,data/round2/1_Test/Test1_POS_userturns_BASELINE,round2,T1_task_valence,POS,1,BASELINE,manip2,L20-32,1.4671249504272754,0,2,A,A
round1_to_round2,data/round2/1_Test/Test1_POS_userturns_BASELINE,round2,T1_task_valence,POS,1,BASELINE,manip2,L33-40,3.261878415942192,0,2,A,A
round1_to_round2,data/round2/1_Test/Test1_POS_userturns_BASELINE,round2,T1_task_valence,POS,1,BASELINE,manip2,L55-63,0.36095547676086426,0,2,A,A
round1_to_round2,data/round2/1_Test/Test1_POS_userturns_BASELINE,round2,T1_task_valence,POS,1,BASELINE,manip2,L70-79,2.8528592228889464,0,2,A,A
round1_to_round2,data/round2/1_Test/Test1_POS_userturns_BASELINE,round2,T1_task_valence,POS,1,BASELINE,manip2,L9-13,11.023617935180663,0,2,A,A
round1_to_round2,data/round2/1_Test/Test1_POS_userturns_BASELINE,round2,T1_task_valence,POS,1,BASELINE,report,L20-32,-14.786943435668945,0,2,A,A
round1_to_round2,data/round2/1_Test/Test1_POS_userturns_BASELINE,round2,T1_task_valence,POS,1,BASELINE,report,L33-40,-9.5612211227417,0,2,A,A
round1_to_round2,data/round2/1_Test/Test1_POS_userturns_BASELINE,round2,T1_task_valence,POS,1,BASELINE,report,L55-63,-6.730308532714844,0,2,A,A
round1_to_round2,data/round2/1_Test/Test1_POS_userturns_BASELINE,round2,T1_task_valence,POS,1,BASELINE,report,L70-79,-6.792425203323364,0,2,A,A
round1_to_round2,data/round2/1_Test/Test1_POS_userturns_BASELINE,round2,T1_task_valence,POS,1,BASELINE,report,L9-13,-15.218761253356934,0,2,A,A
round1_to_round2,data/round2/1_Test/Test1_POS_userturns_SOL,round2,T1_task_valence,POS,1,SOL,choice1,L20-32,3.7673993477454553,2,5,B,A
round1_to_round2,data/round2/1_Test/Test1_POS_userturns_SOL,round2,T1_task_valence,POS,1,SOL,choice1,L33-40,2.764885738492012,2,5,B,A
round1_to_round2,data/round2/1_Test/Test1_POS_userturns_SOL,round2,T1_task_valence,POS,1,SOL,choice1,L55-63,3.6133594512939453,2,5,B,A
round1_to_round2,data/round2/1_Test/Test1_POS_userturns_SOL,round2,T1_task_valence,POS,1,SOL,choice1,L70-79,3.805798077583313,2,5,B,A
round1_to_round2,data/round2/1_Test/Test1_POS_userturns_SOL,round2,T1_task_valence,POS,1,SOL,choice1,L9-13,5.720201301574707,2,5,B,A
round1_to_round2,data/round2/1_Test/Test1_POS_userturns_SOL,round2,T1_task_valence,POS,1,SOL,choice2,L20-32,0.1496757589853727,2,5,B,A
round1_to_round2,data/round2/1_Test/Test1_POS_userturns_SOL,round2,T1_task_valence,POS,1,SOL,choice2,L33-40,1.816638559103012,2,5,B,A
round1_to_round2,data/round2/1_Test/Test1_POS_userturns_SOL,round2,T1_task_valence,POS,1,SOL,choice2,L55-63,3.421030706829495,2,5,B,A
round1_to_round2,data/round2/1_Test/Test1_POS_userturns_SOL,round2,T1_task_valence,POS,1,SOL,choice2,L70-79,4.810515403747559,2,5,B,A
round1_to_round2,data/round2/1_Test/Test1_POS_userturns_SOL,round2,T1_task_valence,POS,1,SOL,choice2,L9-13,-4.028771781921387,2,5,B,A
round1_to_round2,data/round2/1_Test/Test1_POS_userturns_SOL,round2,T1_task_valence,POS,1,SOL,manip1,L20-32,26.20250569857084,2,5,B,A
round1_to_round2,data/round2/1_Test/Test1_POS_userturns_SOL,round2,T1_task_valence,POS,1,SOL,manip1,L33-40,35.9271297454834,2,5,B,A
round1_to_round2,data/round2/1_Test/Test1_POS_userturns_SOL,round2,T1_task_valence,POS,1,SOL,manip1,L55-63,36.99796634250217,2,5,B,A
round1_to_round2,data/round2/1_Test/Test1_POS_userturns_SOL,round2,T1_task_valence,POS,1,SOL,manip1,L70-79,35.35721549987793,2,5,B,A
round1_to_round2,data/round2/1_Test/Test1_POS_userturns_SOL,round2,T1_task_valence,POS,1,SOL,manip1,L9-13,43.17143859863281,2,5,B,A
round1_to_round2,data/round2/1_Test/Test1_POS_userturns_SOL,round2,T1_task_valence,POS,1,SOL,manip2,L20-32,9.390200211451603,2,5,B,A
round1_to_round2,data/round2/1_Test/Test1_POS_userturns_SOL,round2,T1_task_valence,POS,1,SOL,manip2,L33-40,15.25467312335968,2,5,B,A
round1_to_round2,data/round2/1_Test/Test1_POS_userturns_SOL,round2,T1_task_valence,POS,1,SOL,manip2,L55-63,17.774047003851997,2,5,B,A
round1_to_round2,data/round2/1_Test/Test1_POS_userturns_SOL,round2,T1_task_valence,POS,1,SOL,manip2,L70-79,17.06964464187622,2,5,B,A
round1_to_round2,data/round2/1_Test/Test1_POS_userturns_SOL,round2,T1_task_valence,POS,1,SOL,manip2,L9-13,11.51160831451416,2,5,B,A
round1_to_round2,data/round2/1_Test/Test1_POS_userturns_SOL,round2,T1_task_valence,POS,1,SOL,report,L20-32,-12.692854221050556,2,5,B,A
round1_to_round2,data/round2/1_Test/Test1_POS_userturns_SOL,round2,T1_task_valence,POS,1,SOL,report,L33-40,-5.519015669822693,2,5,B,A
round1_to_round2,data/round2/1_Test/Test1_POS_userturns_SOL,round2,T1_task_valence,POS,1,SOL,report,L55-63,-2.2275869184070163,2,5,B,A
round1_to_round2,data/round2/1_Test/Test1_POS_userturns_SOL,round2,T1_task_valence,POS,1,SOL,report,L70-79,-2.8049320220947265,2,5,B,A
round1_to_round2,data/round2/1_Test/Test1_POS_userturns_SOL,round2,T1_task_valence,POS,1,SOL,report,L9-13,-15.016517448425294,2,5,B,A
round1_to_round2,data/round2/1_Test/Test1_POS_userturns_STATIC,round2,T1_task_valence,POS,1,STATIC,choice1,L20-32,3.5460412318889913,2,4,B,A
round1_to_round2,data/round2/1_Test/Test1_POS_userturns_STATIC,round2,T1_task_valence,POS,1,STATIC,choice1,L33-40,0.2641848772764206,2,4,B,A
round1_to_round2,data/round2/1_Test/Test1_POS_userturns_STATIC,round2,T1_task_valence,POS,1,STATIC,choice1,L55-63,-1.2332899967829387,2,4,B,A
round1_to_round2,data/round2/1_Test/Test1_POS_userturns_STATIC,round2,T1_task_valence,POS,1,STATIC,choice1,L70-79,-1.0890230119228363,2,4,B,A
round1_to_round2,data/round2/1_Test/Test1_POS_userturns_STATIC,round2,T1_task_valence,POS,1,STATIC,choice1,L9-13,3.985799527168274,2,4,B,A
round1_to_round2,data/round2/1_Test/Test1_POS_userturns_STATIC,round2,T1_task_valence,POS,1,STATIC,choice2,L20-32,-0.176655657016314,2,4,B,A
round1_to_round2,data/round2/1_Test/Test1_POS_userturns_STATIC,round2,T1_task_valence,POS,1,STATIC,choice2,L33-40,1.9456070475280285,2,4,B,A
round1_to_round2,data/round2/1_Test/Test1_POS_userturns_STATIC,round2,T1_task_valence,POS,1,STATIC,choice2,L55-63,3.4858832359313965,2,4,B,A
round1_to_round2,data/round2/1_Test/Test1_POS_userturns_STATIC,round2,T1_task_valence,POS,1,STATIC,choice2,L70-79,4.7128739833831785,2,4,B,A
round1_to_round2,data/round2/1_Test/Test1_POS_userturns_STATIC,round2,T1_task_valence,POS,1,STATIC,choice2,L9-13,-3.52504358291626,2,4,B,A
round1_to_round2,data/round2/1_Test/Test1_POS_userturns_STATIC,round2,T1_task_valence,POS,1,STATIC,manip1,L20-32,23.264907103318436,2,4,B,A
round1_to_round2,data/round2/1_Test/Test1_POS_userturns_STATIC,round2,T1_task_valence,POS,1,STATIC,manip1,L33-40,25.4097797870636,2,4,B,A
round1_to_round2,data/round2/1_Test/Test1_POS_userturns_STATIC,round2,T1_task_valence,POS,1,STATIC,manip1,L55-63,18.560585233900284,2,4,B,A
round1_to_round2,data/round2/1_Test/Test1_POS_userturns_STATIC,round2,T1_task_valence,POS,1,STATIC,manip1,L70-79,17.031284713745116,2,4,B,A
round1_to_round2,data/round2/1_Test/Test1_POS_userturns_STATIC,round2,T1_task_valence,POS,1,STATIC,manip1,L9-13,42.48347091674805,2,4,B,A
round1_to_round2,data/round2/1_Test/Test1_POS_userturns_STATIC,round2,T1_task_valence,POS,1,STATIC,manip2,L20-32,8.03105119558481,2,4,B,A
round1_to_round2,data/round2/1_Test/Test1_POS_userturns_STATIC,round2,T1_task_valence,POS,1,STATIC,manip2,L33-40,7.58941525220871,2,4,B,A
round1_to_round2,data/round2/1_Test/Test1_POS_userturns_STATIC,round2,T1_task_valence,POS,1,STATIC,manip2,L55-63,1.920915510919359,2,4,B,A
round1_to_round2,data/round2/1_Test/Test1_POS_userturns_STATIC,round2,T1_task_valence,POS,1,STATIC,manip2,L70-79,-1.7019692420959474,2,4,B,A
round1_to_round2,data/round2/1_Test/Test1_POS_userturns_STATIC,round2,T1_task_valence,POS,1,STATIC,manip2,L9-13,9.530371379852294,2,4,B,A
round1_to_round2,data/round2/1_Test/Test1_POS_userturns_STATIC,round2,T1_task_valence,POS,1,STATIC,report,L20-32,-12.398288360008827,2,4,B,A
round1_to_round2,data/round2/1_Test/Test1_POS_userturns_STATIC,round2,T1_task_valence,POS,1,STATIC,report,L33-40,-6.736402869224548,2,4,B,A
round1_to_round2,data/round2/1_Test/Test1_POS_userturns_STATIC,round2,T1_task_valence,POS,1,STATIC,report,L55-63,-3.7817649046579995,2,4,B,A
round1_to_round2,data/round2/1_Test/Test1_POS_userturns_STATIC,round2,T1_task_valence,POS,1,STATIC,report,L70-79,-4.4320632219314575,2,4,B,A
round1_to_round2,data/round2/1_Test/Test1_POS_userturns_STATIC,round2,T1_task_valence,POS,1,STATIC,report,L9-13,-15.264224815368653,2,4,B,A
round1_to_round2,data/round2/1_Test/Test1_POS_userturns_SWARM,round2,T1_task_valence,POS,1,SWARM,choice1,L20-32,2.399669294173901,3,5,A,A
round1_to_round2,data/round2/1_Test/Test1_POS_userturns_SWARM,round2,T1_task_valence,POS,1,SWARM,choice1,L33-40,2.7767200097441673,3,5,A,A
round1_to_round2,data/round2/1_Test/Test1_POS_userturns_SWARM,round2,T1_task_valence,POS,1,SWARM,choice1,L55-63,5.136212401919895,3,5,A,A
round1_to_round2,data/round2/1_Test/Test1_POS_userturns_SWARM,round2,T1_task_valence,POS,1,SWARM,choice1,L70-79,5.773068618774414,3,5,A,A
round1_to_round2,data/round2/1_Test/Test1_POS_userturns_SWARM,round2,T1_task_valence,POS,1,SWARM,choice1,L9-13,6.111634969711304,3,5,A,A
round1_to_round2,data/round2/1_Test/Test1_POS_userturns_SWARM,round2,T1_task_valence,POS,1,SWARM,choice2,L20-32,2.3235002847818227,3,5,A,A
round1_to_round2,data/round2/1_Test/Test1_POS_userturns_SWARM,round2,T1_task_valence,POS,1,SWARM,choice2,L33-40,4.5588487684726715,3,5,A,A
round1_to_round2,data/round2/1_Test/Test1_POS_userturns_SWARM,round2,T1_task_valence,POS,1,SWARM,choice2,L55-63,3.868053754170736,3,5,A,A
round1_to_round2,data/round2/1_Test/Test1_POS_userturns_SWARM,round2,T1_task_valence,POS,1,SWARM,choice2,L70-79,6.096335077285767,3,5,A,A
round1_to_round2,data/round2/1_Test/Test1_POS_userturns_SWARM,round2,T1_task_valence,POS,1,SWARM,choice2,L9-13,-3.3079460144042967,3,5,A,A
round1_to_round2,data/round2/1_Test/Test1_POS_userturns_SWARM,round2,T1_task_valence,POS,1,SWARM,manip1,L20-32,24.89756055978628,3,5,A,A
round1_to_round2,data/round2/1_Test/Test1_POS_userturns_SWARM,round2,T1_task_valence,POS,1,SWARM,manip1,L33-40,26.469659090042114,3,5,A,A
round1_to_round2,data/round2/1_Test/Test1_POS_userturns_SWARM,round2,T1_task_valence,POS,1,SWARM,manip1,L55-63,26.575512144300674,3,5,A,A
round1_to_round2,data/round2/1_Test/Test1_POS_userturns_SWARM,round2,T1_task_valence,POS,1,SWARM,manip1,L70-79,28.363919830322267,3,5,A,A
round1_to_round2,data/round2/1_Test/Test1_POS_userturns_SWARM,round2,T1_task_valence,POS,1,SWARM,manip1,L9-13,44.43718566894531,3,5,A,A
round1_to_round2,data/round2/1_Test/Test1_POS_userturns_SWARM,round2,T1_task_valence,POS,1,SWARM,manip2,L20-32,9.290024794065035,3,5,A,A
round1_to_round2,data/round2/1_Test/Test1_POS_userturns_SWARM,round2,T1_task_valence,POS,1,SWARM,manip2,L33-40,13.289633631706238,3,5,A,A
round1_to_round2,data/round2/1_Test/Test1_POS_userturns_SWARM,round2,T1_task_valence,POS,1,SWARM,manip2,L55-63,13.401456514994303,3,5,A,A
round1_to_round2,data/round2/1_Test/Test1_POS_userturns_SWARM,round2,T1_task_valence,POS,1,SWARM,manip2,L70-79,13.771654605865479,3,5,A,A
round1_to_round2,data/round2/1_Test/Test1_POS_userturns_SWARM,round2,T1_task_valence,POS,1,SWARM,manip2,L9-13,11.852144622802735,3,5,A,A
round1_to_round2,data/round2/1_Test/Test1_POS_userturns_SWARM,round2,T1_task_valence,POS,1,SWARM,report,L20-32,-12.828496932983398,3,5,A,A
round1_to_round2,data/round2/1_Test/Test1_POS_userturns_SWARM,round2,T1_task_valence,POS,1,SWARM,report,L33-40,-5.279948323965073,3,5,A,A
round1_to_round2,data/round2/1_Test/Test1_POS_userturns_SWARM,round2,T1_task_valence,POS,1,SWARM,report,L55-63,-2.4700097507900662,3,5,A,A
round1_to_round2,data/round2/1_Test/Test1_POS_userturns_SWARM,round2,T1_task_valence,POS,1,SWARM,report,L70-79,-2.7217517375946043,3,5,A,A
round1_to_round2,data/round2/1_Test/Test1_POS_userturns_SWARM,round2,T1_task_valence,POS,1,SWARM,report,L9-13,-13.897556018829345,3,5,A,A
round1_to_round2,data/round2/2_Test/Test2_NEG_userturns_BASELINE,round2,T2_identity_recognition,NEG,-1,BASELINE,choice1,L20-32,-17.12633807842548,0,0,B,A
round1_to_round2,data/round2/2_Test/Test2_NEG_userturns_BASELINE,round2,T2_identity_recognition,NEG,-1,BASELINE,choice1,L33-40,-21.265615463256836,0,0,B,A
round1_to_round2,data/round2/2_Test/Test2_NEG_userturns_BASELINE,round2,T2_identity_recognition,NEG,-1,BASELINE,choice1,L55-63,-19.04100778367784,0,0,B,A
round1_to_round2,data/round2/2_Test/Test2_NEG_userturns_BASELINE,round2,T2_identity_recognition,NEG,-1,BASELINE,choice1,L70-79,-15.511405754089356,0,0,B,A
round1_to_round2,data/round2/2_Test/Test2_NEG_userturns_BASELINE,round2,T2_identity_recognition,NEG,-1,BASELINE,choice1,L9-13,-5.9598814964294435,0,0,B,A
round1_to_round2,data/round2/2_Test/Test2_NEG_userturns_BASELINE,round2,T2_identity_recognition,NEG,-1,BASELINE,choice2,L20-32,-9.24247356561514,0,0,B,A
round1_to_round2,data/round2/2_Test/Test2_NEG_userturns_BASELINE,round2,T2_identity_recognition,NEG,-1,BASELINE,choice2,L33-40,-16.62278723716736,0,0,B,A
round1_to_round2,data/round2/2_Test/Test2_NEG_userturns_BASELINE,round2,T2_identity_recognition,NEG,-1,BASELINE,choice2,L55-63,-13.630837334526909,0,0,B,A
round1_to_round2,data/round2/2_Test/Test2_NEG_userturns_BASELINE,round2,T2_identity_recognition,NEG,-1,BASELINE,choice2,L70-79,-9.229036045074462,0,0,B,A
round1_to_round2,data/round2/2_Test/Test2_NEG_userturns_BASELINE,round2,T2_identity_recognition,NEG,-1,BASELINE,choice2,L9-13,-9.100626182556152,0,0,B,A
round1_to_round2,data/round2/2_Test/Test2_NEG_userturns_BASELINE,round2,T2_identity_recognition,NEG,-1,BASELINE,manip1,L20-32,10.261666114513691,0,0,B,A
round1_to_round2,data/round2/2_Test/Test2_NEG_userturns_BASELINE,round2,T2_identity_recognition,NEG,-1,BASELINE,manip1,L33-40,6.138890206813812,0,0,B,A
round1_to_round2,data/round2/2_Test/Test2_NEG_userturns_BASELINE,round2,T2_identity_recognition,NEG,-1,BASELINE,manip1,L55-63,0.9088560789823532,0,0,B,A
round1_to_round2,data/round2/2_Test/Test2_NEG_userturns_BASELINE,round2,T2_identity_recognition,NEG,-1,BASELINE,manip1,L70-79,2.6270907282829286,0,0,B,A
round1_to_round2,data/round2/2_Test/Test2_NEG_userturns_BASELINE,round2,T2_identity_recognition,NEG,-1,BASELINE,manip1,L9-13,23.612763977050783,0,0,B,A
round1_to_round2,data/round2/2_Test/Test2_NEG_userturns_BASELINE,round2,T2_identity_recognition,NEG,-1,BASELINE,manip2,L20-32,-48.64352035522461,0,0,B,A
round1_to_round2,data/round2/2_Test/Test2_NEG_userturns_BASELINE,round2,T2_identity_recognition,NEG,-1,BASELINE,manip2,L33-40,-41.21673536300659,0,0,B,A
round1_to_round2,data/round2/2_Test/Test2_NEG_userturns_BASELINE,round2,T2_identity_recognition,NEG,-1,BASELINE,manip2,L55-63,-31.177915573120117,0,0,B,A
round1_to_round2,data/round2/2_Test/Test2_NEG_userturns_BASELINE,round2,T2_identity_recognition,NEG,-1,BASELINE,manip2,L70-79,-27.515683937072755,0,0,B,A
round1_to_round2,data/round2/2_Test/Test2_NEG_userturns_BASELINE,round2,T2_identity_recognition,NEG,-1,BASELINE,manip2,L9-13,-48.247128295898435,0,0,B,A
round1_to_round2,data/round2/2_Test/Test2_NEG_userturns_BASELINE,round2,T2_identity_recognition,NEG,-1,BASELINE,report,L20-32,-19.047761110159065,0,0,B,A
round1_to_round2,data/round2/2_Test/Test2_NEG_userturns_BASELINE,round2,T2_identity_recognition,NEG,-1,BASELINE,report,L33-40,-15.982275009155273,0,0,B,A
round1_to_round2,data/round2/2_Test/Test2_NEG_userturns_BASELINE,round2,T2_identity_recognition,NEG,-1,BASELINE,report,L55-63,-11.537736150953505,0,0,B,A
round1_to_round2,data/round2/2_Test/Test2_NEG_userturns_BASELINE,round2,T2_identity_recognition,NEG,-1,BASELINE,report,L70-79,-11.553953266143798,0,0,B,A
round1_to_round2,data/round2/2_Test/Test2_NEG_userturns_BASELINE,round2,T2_identity_recognition,NEG,-1,BASELINE,report,L9-13,-18.392803192138672,0,0,B,A
round1_to_round2,data/round2/2_Test/Test2_NEG_userturns_SOL,round2,T2_identity_recognition,NEG,-1,SOL,choice1,L20-32,-13.155734428992638,0,0,A,B
round1_to_round2,data/round2/2_Test/Test2_NEG_userturns_SOL,round2,T2_identity_recognition,NEG,-1,SOL,choice1,L33-40,-16.98585605621338,0,0,A,B
round1_to_round2,data/round2/2_Test/Test2_NEG_userturns_SOL,round2,T2_identity_recognition,NEG,-1,SOL,choice1,L55-63,-13.908176634046766,0,0,A,B
round1_to_round2,data/round2/2_Test/Test2_NEG_userturns_SOL,round2,T2_identity_recognition,NEG,-1,SOL,choice1,L70-79,-10.123100471496581,0,0,A,B
round1_to_round2,data/round2/2_Test/Test2_NEG_userturns_SOL,round2,T2_identity_recognition,NEG,-1,SOL,choice1,L9-13,-2.8063016891479493,0,0,A,B
round1_to_round2,data/round2/2_Test/Test2_NEG_userturns_SOL,round2,T2_identity_recognition,NEG,-1,SOL,choice2,L20-32,-4.027279945520254,0,0,A,B
round1_to_round2,data/round2/2_Test/Test2_NEG_userturns_SOL,round2,T2_identity_recognition,NEG,-1,SOL,choice2,L33-40,-3.753935009241104,0,0,A,B
round1_to_round2,data/round2/2_Test/Test2_NEG_userturns_SOL,round2,T2_identity_recognition,NEG,-1,SOL,choice2,L55-63,-5.253491136762831,0,0,A,B
round1_to_round2,data/round2/2_Test/Test2_NEG_userturns_SOL,round2,T2_identity_recognition,NEG,-1,SOL,choice2,L70-79,-2.8673380851745605,0,0,A,B
round1_to_round2,data/round2/2_Test/Test2_NEG_userturns_SOL,round2,T2_identity_recognition,NEG,-1,SOL,choice2,L9-13,-7.800255298614502,0,0,A,B
round1_to_round2,data/round2/2_Test/Test2_NEG_userturns_SOL,round2,T2_identity_recognition,NEG,-1,SOL,manip1,L20-32,17.35730009812575,0,0,A,B
round1_to_round2,data/round2/2_Test/Test2_NEG_userturns_SOL,round2,T2_identity_recognition,NEG,-1,SOL,manip1,L33-40,23.625985145568848,0,0,A,B
round1_to_round2,data/round2/2_Test/Test2_NEG_userturns_SOL,round2,T2_identity_recognition,NEG,-1,SOL,manip1,L55-63,22.46753184000651,0,0,A,B
round1_to_round2,data/round2/2_Test/Test2_NEG_userturns_SOL,round2,T2_identity_recognition,NEG,-1,SOL,manip1,L70-79,20.876956939697266,0,0,A,B
round1_to_round2,data/round2/2_Test/Test2_NEG_userturns_SOL,round2,T2_identity_recognition,NEG,-1,SOL,manip1,L9-13,23.891717147827148,0,0,A,B
round1_to_round2,data/round2/2_Test/Test2_NEG_userturns_SOL,round2,T2_identity_recognition,NEG,-1,SOL,manip2,L20-32,-46.364971747765175,0,0,A,B
round1_to_round2,data/round2/2_Test/Test2_NEG_userturns_SOL,round2,T2_identity_recognition,NEG,-1,SOL,manip2,L33-40,-38.386380195617676,0,0,A,B
round1_to_round2,data/round2/2_Test/Test2_NEG_userturns_SOL,round2,T2_identity_recognition,NEG,-1,SOL,manip2,L55-63,-30.80872090657552,0,0,A,B
round1_to_round2,data/round2/2_Test/Test2_NEG_userturns_SOL,round2,T2_identity_recognition,NEG,-1,SOL,manip2,L70-79,-28.475413703918456,0,0,A,B
round1_to_round2,data/round2/2_Test/Test2_NEG_userturns_SOL,round2,T2_identity_recognition,NEG,-1,SOL,manip2,L9-13,-46.12272644042969,0,0,A,B
round1_to_round2,data/round2/2_Test/Test2_NEG_userturns_SOL,round2,T2_identity_recognition,NEG,-1,SOL,report,L20-32,-17.715739250183105,0,0,A,B
round1_to_round2,data/round2/2_Test/Test2_NEG_userturns_SOL,round2,T2_identity_recognition,NEG,-1,SOL,report,L33-40,-14.62157428264618,0,0,A,B
round1_to_round2,data/round2/2_Test/Test2_NEG_userturns_SOL,round2,T2_identity_recognition,NEG,-1,SOL,report,L55-63,-10.58290884229872,0,0,A,B
round1_to_round2,data/round2/2_Test/Test2_NEG_userturns_SOL,round2,T2_identity_recognition,NEG,-1,SOL,report,L70-79,-10.526882076263428,0,0,A,B
round1_to_round2,data/round2/2_Test/Test2_NEG_userturns_SOL,round2,T2_identity_recognition,NEG,-1,SOL,report,L9-13,-18.257543563842773,0,0,A,B
round1_to_round2,data/round2/2_Test/Test2_NEG_userturns_STATIC,round2,T2_identity_recognition,NEG,-1,STATIC,choice1,L20-32,-15.00337475996751,0,0,B,A
round1_to_round2,data/round2/2_Test/Test2_NEG_userturns_STATIC,round2,T2_identity_recognition,NEG,-1,STATIC,choice1,L33-40,-19.148693442344666,0,0,B,A
round1_to_round2,data/round2/2_Test/Test2_NEG_userturns_STATIC,round2,T2_identity_recognition,NEG,-1,STATIC,choice1,L55-63,-17.244067509969074,0,0,B,A
round1_to_round2,data/round2/2_Test/Test2_NEG_userturns_STATIC,round2,T2_identity_recognition,NEG,-1,STATIC,choice1,L70-79,-14.726068115234375,0,0,B,A
round1_to_round2,data/round2/2_Test/Test2_NEG_userturns_STATIC,round2,T2_identity_recognition,NEG,-1,STATIC,choice1,L9-13,-5.912046623229981,0,0,B,A
round1_to_round2,data/round2/2_Test/Test2_NEG_userturns_STATIC,round2,T2_identity_recognition,NEG,-1,STATIC,choice2,L20-32,-7.284404241121733,0,0,B,A
round1_to_round2,data/round2/2_Test/Test2_NEG_userturns_STATIC,round2,T2_identity_recognition,NEG,-1,STATIC,choice2,L33-40,-10.889079213142395,0,0,B,A
round1_to_round2,data/round2/2_Test/Test2_NEG_userturns_STATIC,round2,T2_identity_recognition,NEG,-1,STATIC,choice2,L55-63,-9.73934374915229,0,0,B,A
round1_to_round2,data/round2/2_Test/Test2_NEG_userturns_STATIC,round2,T2_identity_recognition,NEG,-1,STATIC,choice2,L70-79,-6.0412458896636965,0,0,B,A
round1_to_round2,data/round2/2_Test/Test2_NEG_userturns_STATIC,round2,T2_identity_recognition,NEG,-1,STATIC,choice2,L9-13,-7.452759838104248,0,0,B,A
round1_to_round2,data/round2/2_Test/Test2_NEG_userturns_STATIC,round2,T2_identity_recognition,NEG,-1,STATIC,manip1,L20-32,17.58608964773325,0,0,B,A
round1_to_round2,data/round2/2_Test/Test2_NEG_userturns_STATIC,round2,T2_identity_recognition,NEG,-1,STATIC,manip1,L33-40,13.42778480052948,0,0,B,A
round1_to_round2,data/round2/2_Test/Test2_NEG_userturns_STATIC,round2,T2_identity_recognition,NEG,-1,STATIC,manip1,L55-63,3.6485563384162054,0,0,B,A
round1_to_round2,data/round2/2_Test/Test2_NEG_userturns_STATIC,round2,T2_identity_recognition,NEG,-1,STATIC,manip1,L70-79,-2.564704102277756,0,0,B,A
round1_to_round2,data/round2/2_Test/Test2_NEG_userturns_STATIC,round2,T2_identity_recognition,NEG,-1,STATIC,manip1,L9-13,23.84521141052246,0,0,B,A
round1_to_round2,data/round2/2_Test/Test2_NEG_userturns_STATIC,round2,T2_identity_recognition,NEG,-1,STATIC,manip2,L20-32,-42.19576058020959,0,0,B,A
round1_to_round2,data/round2/2_Test/Test2_NEG_userturns_STATIC,round2,T2_identity_recognition,NEG,-1,STATIC,manip2,L33-40,-29.694998502731323,0,0,B,A
round1_to_round2,data/round2/2_Test/Test2_NEG_userturns_STATIC,round2,T2_identity_recognition,NEG,-1,STATIC,manip2,L55-63,-28.715060551961262,0,0,B,A
round1_to_round2,data/round2/2_Test/Test2_NEG_userturns_STATIC,round2,T2_identity_recognition,NEG,-1,STATIC,manip2,L70-79,-28.723935890197755,0,0,B,A
round1_to_round2,data/round2/2_Test/Test2_NEG_userturns_STATIC,round2,T2_identity_recognition,NEG,-1,STATIC,manip2,L9-13,-46.20841903686524,0,0,B,A
round1_to_round2,data/round2/2_Test/Test2_NEG_userturns_STATIC,round2,T2_identity_recognition,NEG,-1,STATIC,report,L20-32,-16.619271278381348,0,0,B,A
round1_to_round2,data/round2/2_Test/Test2_NEG_userturns_STATIC,round2,T2_identity_recognition,NEG,-1,STATIC,report,L33-40,-13.407791256904602,0,0,B,A
round1_to_round2,data/round2/2_Test/Test2_NEG_userturns_STATIC,round2,T2_identity_recognition,NEG,-1,STATIC,report,L55-63,-9.341029696994358,0,0,B,A
round1_to_round2,data/round2/2_Test/Test2_NEG_userturns_STATIC,round2,T2_identity_recognition,NEG,-1,STATIC,report,L70-79,-9.398123836517334,0,0,B,A
round1_to_round2,data/round2/2_Test/Test2_NEG_userturns_STATIC,round2,T2_identity_recognition,NEG,-1,STATIC,report,L9-13,-17.224073028564455,0,0,B,A
round1_to_round2,data/round2/2_Test/Test2_NEG_userturns_SWARM,round2,T2_identity_recognition,NEG,-1,SWARM,choice1,L20-32,-13.104793548583984,0,0,B,A
round1_to_round2,data/round2/2_Test/Test2_NEG_userturns_SWARM,round2,T2_identity_recognition,NEG,-1,SWARM,choice1,L33-40,-20.48044002056122,0,0,B,A
round1_to_round2,data/round2/2_Test/Test2_NEG_userturns_SWARM,round2,T2_identity_recognition,NEG,-1,SWARM,choice1,L55-63,-17.200158649020725,0,0,B,A
round1_to_round2,data/round2/2_Test/Test2_NEG_userturns_SWARM,round2,T2_identity_recognition,NEG,-1,SWARM,choice1,L70-79,-13.316099166870117,0,0,B,A
round1_to_round2,data/round2/2_Test/Test2_NEG_userturns_SWARM,round2,T2_identity_recognition,NEG,-1,SWARM,choice1,L9-13,-4.290820360183716,0,0,B,A
round1_to_round2,data/round2/2_Test/Test2_NEG_userturns_SWARM,round2,T2_identity_recognition,NEG,-1,SWARM,choice2,L20-32,-7.389611170842097,0,0,B,A
round1_to_round2,data/round2/2_Test/Test2_NEG_userturns_SWARM,round2,T2_identity_recognition,NEG,-1,SWARM,choice2,L33-40,-11.925490140914917,0,0,B,A
round1_to_round2,data/round2/2_Test/Test2_NEG_userturns_SWARM,round2,T2_identity_recognition,NEG,-1,SWARM,choice2,L55-63,-9.968947940402561,0,0,B,A
round1_to_round2,data/round2/2_Test/Test2_NEG_userturns_SWARM,round2,T2_identity_recognition,NEG,-1,SWARM,choice2,L70-79,-6.351523971557617,0,0,B,A
round1_to_round2,data/round2/2_Test/Test2_NEG_userturns_SWARM,round2,T2_identity_recognition,NEG,-1,SWARM,choice2,L9-13,-7.383492851257325,0,0,B,A
round1_to_round2,data/round2/2_Test/Test2_NEG_userturns_SWARM,round2,T2_identity_recognition,NEG,-1,SWARM,manip1,L20-32,16.96633947812594,0,0,B,A
round1_to_round2,data/round2/2_Test/Test2_NEG_userturns_SWARM,round2,T2_identity_recognition,NEG,-1,SWARM,manip1,L33-40,17.626808881759644,0,0,B,A
round1_to_round2,data/round2/2_Test/Test2_NEG_userturns_SWARM,round2,T2_identity_recognition,NEG,-1,SWARM,manip1,L55-63,15.66933896806505,0,0,B,A
round1_to_round2,data/round2/2_Test/Test2_NEG_userturns_SWARM,round2,T2_identity_recognition,NEG,-1,SWARM,manip1,L70-79,17.07041835784912,0,0,B,A
round1_to_round2,data/round2/2_Test/Test2_NEG_userturns_SWARM,round2,T2_identity_recognition,NEG,-1,SWARM,manip1,L9-13,23.557500076293945,0,0,B,A
round1_to_round2,data/round2/2_Test/Test2_NEG_userturns_SWARM,round2,T2_identity_recognition,NEG,-1,SWARM,manip2,L20-32,-47.413679563082184,0,0,B,A
round1_to_round2,data/round2/2_Test/Test2_NEG_userturns_SWARM,round2,T2_identity_recognition,NEG,-1,SWARM,manip2,L33-40,-40.429726123809814,0,0,B,A
round1_to_round2,data/round2/2_Test/Test2_NEG_userturns_SWARM,round2,T2_identity_recognition,NEG,-1,SWARM,manip2,L55-63,-30.085537804497612,0,0,B,A
round1_to_round2,data/round2/2_Test/Test2_NEG_userturns_SWARM,round2,T2_identity_recognition,NEG,-1,SWARM,manip2,L70-79,-28.663509559631347,0,0,B,A
round1_to_round2,data/round2/2_Test/Test2_NEG_userturns_SWARM,round2,T2_identity_recognition,NEG,-1,SWARM,manip2,L9-13,-47.67630615234375,0,0,B,A
round1_to_round2,data/round2/2_Test/Test2_NEG_userturns_SWARM,round2,T2_identity_recognition,NEG,-1,SWARM,report,L20-32,-17.189494866591232,0,0,B,A
round1_to_round2,data/round2/2_Test/Test2_NEG_userturns_SWARM,round2,T2_identity_recognition,NEG,-1,SWARM,report,L33-40,-12.130576491355896,0,0,B,A
round1_to_round2,data/round2/2_Test/Test2_NEG_userturns_SWARM,round2,T2_identity_recognition,NEG,-1,SWARM,report,L55-63,-7.563607586754693,0,0,B,A
round1_to_round2,data/round2/2_Test/Test2_NEG_userturns_SWARM,round2,T2_identity_recognition,NEG,-1,SWARM,report,L70-79,-7.473771762847901,0,0,B,A
round1_to_round2,data/round2/2_Test/Test2_NEG_userturns_SWARM,round2,T2_identity_recognition,NEG,-1,SWARM,report,L9-13,-17.721625900268556,0,0,B,A
round1_to_round2,data/round2/2_Test/Test2_NEU_userturns_BASELINE,round2,T2_identity_recognition,NEU,0,BASELINE,choice1,L20-32,-5.254876576937162,0,2,A,A
round1_to_round2,data/round2/2_Test/Test2_NEU_userturns_BASELINE,round2,T2_identity_recognition,NEU,0,BASELINE,choice1,L33-40,-8.246668100357056,0,2,A,A
round1_to_round2,data/round2/2_Test/Test2_NEU_userturns_BASELINE,round2,T2_identity_recognition,NEU,0,BASELINE,choice1,L55-63,-4.998763190375434,0,2,A,A
round1_to_round2,data/round2/2_Test/Test2_NEU_userturns_BASELINE,round2,T2_identity_recognition,NEU,0,BASELINE,choice1,L70-79,-2.3159248534590007,0,2,A,A
round1_to_round2,data/round2/2_Test/Test2_NEU_userturns_BASELINE,round2,T2_identity_recognition,NEU,0,BASELINE,choice1,L9-13,1.5236948251724243,0,2,A,A
round1_to_round2,data/round2/2_Test/Test2_NEU_userturns_BASELINE,round2,T2_identity_recognition,NEU,0,BASELINE,choice2,L20-32,-0.7452762631269602,0,2,A,A
round1_to_round2,data/round2/2_Test/Test2_NEU_userturns_BASELINE,round2,T2_identity_recognition,NEU,0,BASELINE,choice2,L33-40,1.9789942875504494,0,2,A,A
round1_to_round2,data/round2/2_Test/Test2_NEU_userturns_BASELINE,round2,T2_identity_recognition,NEU,0,BASELINE,choice2,L55-63,3.249646133846707,0,2,A,A
round1_to_round2,data/round2/2_Test/Test2_NEU_userturns_BASELINE,round2,T2_identity_recognition,NEU,0,BASELINE,choice2,L70-79,4.970290851593018,0,2,A,A
round1_to_round2,data/round2/2_Test/Test2_NEU_userturns_BASELINE,round2,T2_identity_recognition,NEU,0,BASELINE,choice2,L9-13,-4.210924768447876,0,2,A,A
round1_to_round2,data/round2/2_Test/Test2_NEU_userturns_BASELINE,round2,T2_identity_recognition,NEU,0,BASELINE,manip1,L20-32,9.233182943784273,0,2,A,A
round1_to_round2,data/round2/2_Test/Test2_NEU_userturns_BASELINE,round2,T2_identity_recognition,NEU,0,BASELINE,manip1,L33-40,5.485770285129547,0,2,A,A
round1_to_round2,data/round2/2_Test/Test2_NEU_userturns_BASELINE,round2,T2_identity_recognition,NEU,0,BASELINE,manip1,L55-63,0.406726962990231,0,2,A,A
round1_to_round2,data/round2/2_Test/Test2_NEU_userturns_BASELINE,round2,T2_identity_recognition,NEU,0,BASELINE,manip1,L70-79,2.1745404958724976,0,2,A,A
round1_to_round2,data/round2/2_Test/Test2_NEU_userturns_BASELINE,round2,T2_identity_recognition,NEU,0,BASELINE,manip1,L9-13,22.597953414916994,0,2,A,A
round1_to_round2,data/round2/2_Test/Test2_NEU_userturns_BASELINE,round2,T2_identity_recognition,NEU,0,BASELINE,manip2,L20-32,-4.05164590707192,0,2,A,A
round1_to_round2,data/round2/2_Test/Test2_NEU_userturns_BASELINE,round2,T2_identity_recognition,NEU,0,BASELINE,manip2,L33-40,1.5039122700691223,0,2,A,A
round1_to_round2,data/round2/2_Test/Test2_NEU_userturns_BASELINE,round2,T2_identity_recognition,NEU,0,BASELINE,manip2,L55-63,-2.9304335912068686,0,2,A,A
round1_to_round2,data/round2/2_Test/Test2_NEU_userturns_BASELINE,round2,T2_identity_recognition,NEU,0,BASELINE,manip2,L70-79,-1.4236049234867096,0,2,A,A
round1_to_round2,data/round2/2_Test/Test2_NEU_userturns_BASELINE,round2,T2_identity_recognition,NEU,0,BASELINE,manip2,L9-13,2.6783595204353334,0,2,A,A
round1_to_round2,data/round2/2_Test/Test2_NEU_userturns_BASELINE,round2,T2_identity_recognition,NEU,0,BASELINE,report,L20-32,-15.257567112262432,0,2,A,A
round1_to_round2,data/round2/2_Test/Test2_NEU_userturns_BASELINE,round2,T2_identity_recognition,NEU,0,BASELINE,report,L33-40,-9.292705237865448,0,2,A,A
round1_to_round2,data/round2/2_Test/Test2_NEU_userturns_BASELINE,round2,T2_identity_recognition,NEU,0,BASELINE,report,L55-63,-6.484925746917725,0,2,A,A
round1_to_round2,data/round2/2_Test/Test2_NEU_userturns_BASELINE,round2,T2_identity_recognition,NEU,0,BASELINE,report,L70-79,-6.62216272354126,0,2,A,A
round1_to_round2,data/round2/2_Test/Test2_NEU_userturns_BASELINE,round2,T2_identity_recognition,NEU,0,BASELINE,report,L9-13,-16.41027412414551,0,2,A,A
round1_to_round2,data/round2/2_Test/Test2_NEU_userturns_SOL,round2,T2_identity_recognition,NEU,0,SOL,choice1,L20-32,3.9263464349966783,3,5,A,A
round1_to_round2,data/round2/2_Test/Test2_NEU_userturns_SOL,round2,T2_identity_recognition,NEU,0,SOL,choice1,L33-40,7.537531107664108,3,5,A,A
round1_to_round2,data/round2/2_Test/Test2_NEU_userturns_SOL,round2,T2_identity_recognition,NEU,0,SOL,choice1,L55-63,11.827663527594673,3,5,A,A
round1_to_round2,data/round2/2_Test/Test2_NEU_userturns_SOL,round2,T2_identity_recognition,NEU,0,SOL,choice1,L70-79,12.442592906951905,3,5,A,A
round1_to_round2,data/round2/2_Test/Test2_NEU_userturns_SOL,round2,T2_identity_recognition,NEU,0,SOL,choice1,L9-13,2.070853662490845,3,5,A,A
round1_to_round2,data/round2/2_Test/Test2_NEU_userturns_SOL,round2,T2_identity_recognition,NEU,0,SOL,choice2,L20-32,2.912281353886311,3,5,A,A
round1_to_round2,data/round2/2_Test/Test2_NEU_userturns_SOL,round2,T2_identity_recognition,NEU,0,SOL,choice2,L33-40,5.972130715847015,3,5,A,A
round1_to_round2,data/round2/2_Test/Test2_NEU_userturns_SOL,round2,T2_identity_recognition,NEU,0,SOL,choice2,L55-63,5.9408338864644366,3,5,A,A
round1_to_round2,data/round2/2_Test/Test2_NEU_userturns_SOL,round2,T2_identity_recognition,NEU,0,SOL,choice2,L70-79,7.311367797851562,3,5,A,A
round1_to_round2,data/round2/2_Test/Test2_NEU_userturns_SOL,round2,T2_identity_recognition,NEU,0,SOL,choice2,L9-13,-3.7019705772399902,3,5,A,A
round1_to_round2,data/round2/2_Test/Test2_NEU_userturns_SOL,round2,T2_identity_recognition,NEU,0,SOL,manip1,L20-32,19.1798038482666,3,5,A,A
round1_to_round2,data/round2/2_Test/Test2_NEU_userturns_SOL,round2,T2_identity_recognition,NEU,0,SOL,manip1,L33-40,25.478145599365234,3,5,A,A
round1_to_round2,data/round2/2_Test/Test2_NEU_userturns_SOL,round2,T2_identity_recognition,NEU,0,SOL,manip1,L55-63,24.338078180948894,3,5,A,A
round1_to_round2,data/round2/2_Test/Test2_NEU_userturns_SOL,round2,T2_identity_recognition,NEU,0,SOL,manip1,L70-79,21.807058334350586,3,5,A,A
round1_to_round2,data/round2/2_Test/Test2_NEU_userturns_SOL,round2,T2_identity_recognition,NEU,0,SOL,manip1,L9-13,23.75092124938965,3,5,A,A
round1_to_round2,data/round2/2_Test/Test2_NEU_userturns_SOL,round2,T2_identity_recognition,NEU,0,SOL,manip2,L20-32,5.510212765290187,3,5,A,A
round1_to_round2,data/round2/2_Test/Test2_NEU_userturns_SOL,round2,T2_identity_recognition,NEU,0,SOL,manip2,L33-40,11.525588274002075,3,5,A,A
round1_to_round2,data/round2/2_Test/Test2_NEU_userturns_SOL,round2,T2_identity_recognition,NEU,0,SOL,manip2,L55-63,9.844760047064888,3,5,A,A
round1_to_round2,data/round2/2_Test/Test2_NEU_userturns_SOL,round2,T2_identity_recognition,NEU,0,SOL,manip2,L70-79,7.977659511566162,3,5,A,A
round1_to_round2,data/round2/2_Test/Test2_NEU_userturns_SOL,round2,T2_identity_recognition,NEU,0,SOL,manip2,L9-13,5.30416749715805,3,5,A,A
round1_to_round2,data/round2/2_Test/Test2_NEU_userturns_SOL,round2,T2_identity_recognition,NEU,0,SOL,report,L20-32,-12.710903534522423,3,5,A,A
round1_to_round2,data/round2/2_Test/Test2_NEU_userturns_SOL,round2,T2_identity_recognition,NEU,0,SOL,report,L33-40,-5.309655353426933,3,5,A,A
round1_to_round2,data/round2/2_Test/Test2_NEU_userturns_SOL,round2,T2_identity_recognition,NEU,0,SOL,report,L55-63,-1.8571102221806843,3,5,A,A
round1_to_round2,data/round2/2_Test/Test2_NEU_userturns_SOL,round2,T2_identity_recognition,NEU,0,SOL,report,L70-79,-2.5819908022880553,3,5,A,A
round1_to_round2,data/round2/2_Test/Test2_NEU_userturns_SOL,round2,T2_identity_recognition,NEU,0,SOL,report,L9-13,-15.593649864196777,3,5,A,A
round1_to_round2,data/round2/2_Test/Test2_NEU_userturns_STATIC,round2,T2_identity_recognition,NEU,0,STATIC,choice1,L20-32,2.270028728705186,2,-5,A,A
round1_to_round2,data/round2/2_Test/Test2_NEU_userturns_STATIC,round2,T2_identity_recognition,NEU,0,STATIC,choice1,L33-40,0.2868887931108475,2,-5,A,A
round1_to_round2,data/round2/2_Test/Test2_NEU_userturns_STATIC,round2,T2_identity_recognition,NEU,0,STATIC,choice1,L55-63,0.5226273337999979,2,-5,A,A
round1_to_round2,data/round2/2_Test/Test2_NEU_userturns_STATIC,round2,T2_identity_recognition,NEU,0,STATIC,choice1,L70-79,1.7869611144065858,2,-5,A,A
round1_to_round2,data/round2/2_Test/Test2_NEU_userturns_STATIC,round2,T2_identity_recognition,NEU,0,STATIC,choice1,L9-13,0.5796709299087525,2,-5,A,A
round1_to_round2,data/round2/2_Test/Test2_NEU_userturns_STATIC,round2,T2_identity_recognition,NEU,0,STATIC,choice2,L20-32,1.3136686499302204,2,-5,A,A
round1_to_round2,data/round2/2_Test/Test2_NEU_userturns_STATIC,round2,T2_identity_recognition,NEU,0,STATIC,choice2,L33-40,5.290963888168335,2,-5,A,A
round1_to_round2,data/round2/2_Test/Test2_NEU_userturns_STATIC,round2,T2_identity_recognition,NEU,0,STATIC,choice2,L55-63,4.421025117238362,2,-5,A,A
round1_to_round2,data/round2/2_Test/Test2_NEU_userturns_STATIC,round2,T2_identity_recognition,NEU,0,STATIC,choice2,L70-79,5.851928615570069,2,-5,A,A
round1_to_round2,data/round2/2_Test/Test2_NEU_userturns_STATIC,round2,T2_identity_recognition,NEU,0,STATIC,choice2,L9-13,-4.356189870834351,2,-5,A,A
round1_to_round2,data/round2/2_Test/Test2_NEU_userturns_STATIC,round2,T2_identity_recognition,NEU,0,STATIC,manip1,L20-32,16.85146009005033,2,-5,A,A
round1_to_round2,data/round2/2_Test/Test2_NEU_userturns_STATIC,round2,T2_identity_recognition,NEU,0,STATIC,manip1,L33-40,12.586028695106506,2,-5,A,A
round1_to_round2,data/round2/2_Test/Test2_NEU_userturns_STATIC,round2,T2_identity_recognition,NEU,0,STATIC,manip1,L55-63,3.7758955690595837,2,-5,A,A
round1_to_round2,data/round2/2_Test/Test2_NEU_userturns_STATIC,round2,T2_identity_recognition,NEU,0,STATIC,manip1,L70-79,-1.835166084766388,2,-5,A,A
round1_to_round2,data/round2/2_Test/Test2_NEU_userturns_STATIC,round2,T2_identity_recognition,NEU,0,STATIC,manip1,L9-13,23.371601486206053,2,-5,A,A
round1_to_round2,data/round2/2_Test/Test2_NEU_userturns_STATIC,round2,T2_identity_recognition,NEU,0,STATIC,manip2,L20-32,1.8052650392055511,2,-5,A,A
round1_to_round2,data/round2/2_Test/Test2_NEU_userturns_STATIC,round2,T2_identity_recognition,NEU,0,STATIC,manip2,L33-40,0.6917199641466141,2,-5,A,A
round1_to_round2,data/round2/2_Test/Test2_NEU_userturns_STATIC,round2,T2_identity_recognition,NEU,0,STATIC,manip2,L55-63,-8.557810995313856,2,-5,A,A
round1_to_round2,data/round2/2_Test/Test2_NEU_userturns_STATIC,round2,T2_identity_recognition,NEU,0,STATIC,manip2,L70-79,-10.681409358978271,2,-5,A,A
round1_to_round2,data/round2/2_Test/Test2_NEU_userturns_STATIC,round2,T2_identity_recognition,NEU,0,STATIC,manip2,L9-13,4.10532728433609,2,-5,A,A
round1_to_round2,data/round2/2_Test/Test2_NEU_userturns_STATIC,round2,T2_identity_recognition,NEU,0,STATIC,report,L20-32,-12.535261520972618,2,-5,A,A
round1_to_round2,data/round2/2_Test/Test2_NEU_userturns_STATIC,round2,T2_identity_recognition,NEU,0,STATIC,report,L33-40,-6.904525697231293,2,-5,A,A
round1_to_round2,data/round2/2_Test/Test2_NEU_userturns_STATIC,round2,T2_identity_recognition,NEU,0,STATIC,report,L55-63,-4.067288451724583,2,-5,A,A
round1_to_round2,data/round2/2_Test/Test2_NEU_userturns_STATIC,round2,T2_identity_recognition,NEU,0,STATIC,report,L70-79,-4.393819832801819,2,-5,A,A
round1_to_round2,data/round2/2_Test/Test2_NEU_userturns_STATIC,round2,T2_identity_recognition,NEU,0,STATIC,report,L9-13,-16.780885887145995,2,-5,A,A
round1_to_round2,data/round2/2_Test/Test2_NEU_userturns_SWARM,round2,T2_identity_recognition,NEU,0,SWARM,choice1,L20-32,3.4850568771362305,4,6,A,A
round1_to_round2,data/round2/2_Test/Test2_NEU_userturns_SWARM,round2,T2_identity_recognition,NEU,0,SWARM,choice1,L33-40,6.263871729373932,4,6,A,A
round1_to_round2,data/round2/2_Test/Test2_NEU_userturns_SWARM,round2,T2_identity_recognition,NEU,0,SWARM,choice1,L55-63,11.193897671169704,4,6,A,A
round1_to_round2,data/round2/2_Test/Test2_NEU_userturns_SWARM,round2,T2_identity_recognition,NEU,0,SWARM,choice1,L70-79,12.0693510055542,4,6,A,A
round1_to_round2,data/round2/2_Test/Test2_NEU_userturns_SWARM,round2,T2_identity_recognition,NEU,0,SWARM,choice1,L9-13,1.4823278188705444,4,6,A,A
round1_to_round2,data/round2/2_Test/Test2_NEU_userturns_SWARM,round2,T2_identity_recognition,NEU,0,SWARM,choice2,L20-32,2.5717241007548113,4,6,A,A
round1_to_round2,data/round2/2_Test/Test2_NEU_userturns_SWARM,round2,T2_identity_recognition,NEU,0,SWARM,choice2,L33-40,5.6817435920238495,4,6,A,A
round1_to_round2,data/round2/2_Test/Test2_NEU_userturns_SWARM,round2,T2_identity_recognition,NEU,0,SWARM,choice2,L55-63,5.422772513495551,4,6,A,A
round1_to_round2,data/round2/2_Test/Test2_NEU_userturns_SWARM,round2,T2_identity_recognition,NEU,0,SWARM,choice2,L70-79,6.746134281158447,4,6,A,A
round1_to_round2,data/round2/2_Test/Test2_NEU_userturns_SWARM,round2,T2_identity_recognition,NEU,0,SWARM,choice2,L9-13,-3.444731855392456,4,6,A,A
round1_to_round2,data/round2/2_Test/Test2_NEU_userturns_SWARM,round2,T2_identity_recognition,NEU,0,SWARM,manip1,L20-32,17.380689180814304,4,6,A,A
round1_to_round2,data/round2/2_Test/Test2_NEU_userturns_SWARM,round2,T2_identity_recognition,NEU,0,SWARM,manip1,L33-40,17.84868621826172,4,6,A,A
round1_to_round2,data/round2/2_Test/Test2_NEU_userturns_SWARM,round2,T2_identity_recognition,NEU,0,SWARM,manip1,L55-63,16.21043078104655,4,6,A,A
round1_to_round2,data/round2/2_Test/Test2_NEU_userturns_SWARM,round2,T2_identity_recognition,NEU,0,SWARM,manip1,L70-79,17.37387886047363,4,6,A,A
round1_to_round2,data/round2/2_Test/Test2_NEU_userturns_SWARM,round2,T2_identity_recognition,NEU,0,SWARM,manip1,L9-13,23.307222366333008,4,6,A,A
round1_to_round2,data/round2/2_Test/Test2_NEU_userturns_SWARM,round2,T2_identity_recognition,NEU,0,SWARM,manip2,L20-32,3.127626730845525,4,6,A,A
round1_to_round2,data/round2/2_Test/Test2_NEU_userturns_SWARM,round2,T2_identity_recognition,NEU,0,SWARM,manip2,L33-40,7.448997497558594,4,6,A,A
round1_to_round2,data/round2/2_Test/Test2_NEU_userturns_SWARM,round2,T2_identity_recognition,NEU,0,SWARM,manip2,L55-63,7.582607428232829,4,6,A,A
round1_to_round2,data/round2/2_Test/Test2_NEU_userturns_SWARM,round2,T2_identity_recognition,NEU,0,SWARM,manip2,L70-79,8.997301530838012,4,6,A,A
round1_to_round2,data/round2/2_Test/Test2_NEU_userturns_SWARM,round2,T2_identity_recognition,NEU,0,SWARM,manip2,L9-13,4.388060450553894,4,6,A,A
round1_to_round2,data/round2/2_Test/Test2_NEU_userturns_SWARM,round2,T2_identity_recognition,NEU,0,SWARM,report,L20-32,-12.458689176119291,4,6,A,A
round1_to_round2,data/round2/2_Test/Test2_NEU_userturns_SWARM,round2,T2_identity_recognition,NEU,0,SWARM,report,L33-40,-5.209740325808525,4,6,A,A
round1_to_round2,data/round2/2_Test/Test2_NEU_userturns_SWARM,round2,T2_identity_recognition,NEU,0,SWARM,report,L55-63,-2.4792690542009144,4,6,A,A
round1_to_round2,data/round2/2_Test/Test2_NEU_userturns_SWARM,round2,T2_identity_recognition,NEU,0,SWARM,report,L70-79,-2.61621036529541,4,6,A,A
round1_to_round2,data/round2/2_Test/Test2_NEU_userturns_SWARM,round2,T2_identity_recognition,NEU,0,SWARM,report,L9-13,-16.04563636779785,4,6,A,A
round1_to_round2,data/round2/2_Test/Test2_POS_userturns_BASELINE,round2,T2_identity_recognition,POS,1,BASELINE,choice1,L20-32,-2.297703940134782,0,0,A,A
round1_to_round2,data/round2/2_Test/Test2_POS_userturns_BASELINE,round2,T2_identity_recognition,POS,1,BASELINE,choice1,L33-40,-0.00337010994553566,0,0,A,A
round1_to_round2,data/round2/2_Test/Test2_POS_userturns_BASELINE,round2,T2_identity_recognition,POS,1,BASELINE,choice1,L55-63,4.85384734471639,0,0,A,A
round1_to_round2,data/round2/2_Test/Test2_POS_userturns_BASELINE,round2,T2_identity_recognition,POS,1,BASELINE,choice1,L70-79,6.252994585037231,0,0,A,A
round1_to_round2,data/round2/2_Test/Test2_POS_userturns_BASELINE,round2,T2_identity_recognition,POS,1,BASELINE,choice1,L9-13,5.287635612487793,0,0,A,A
round1_to_round2,data/round2/2_Test/Test2_POS_userturns_BASELINE,round2,T2_identity_recognition,POS,1,BASELINE,choice2,L20-32,0.5603067233012273,0,0,A,A
round1_to_round2,data/round2/2_Test/Test2_POS_userturns_BASELINE,round2,T2_identity_recognition,POS,1,BASELINE,choice2,L33-40,4.186864733695984,0,0,A,A
round1_to_round2,data/round2/2_Test/Test2_POS_userturns_BASELINE,round2,T2_identity_recognition,POS,1,BASELINE,choice2,L55-63,3.7375830809275308,0,0,A,A
round1_to_round2,data/round2/2_Test/Test2_POS_userturns_BASELINE,round2,T2_identity_recognition,POS,1,BASELINE,choice2,L70-79,5.2020759105682375,0,0,A,A
round1_to_round2,data/round2/2_Test/Test2_POS_userturns_BASELINE,round2,T2_identity_recognition,POS,1,BASELINE,choice2,L9-13,-3.702345609664917,0,0,A,A
round1_to_round2,data/round2/2_Test/Test2_POS_userturns_BASELINE,round2,T2_identity_recognition,POS,1,BASELINE,manip1,L20-32,9.075385130368746,0,0,A,A
round1_to_round2,data/round2/2_Test/Test2_POS_userturns_BASELINE,round2,T2_identity_recognition,POS,1,BASELINE,manip1,L33-40,5.9305145144462585,0,0,A,A
round1_to_round2,data/round2/2_Test/Test2_POS_userturns_BASELINE,round2,T2_identity_recognition,POS,1,BASELINE,manip1,L55-63,0.7339129456215434,0,0,A,A
round1_to_round2,data/round2/2_Test/Test2_POS_userturns_BASELINE,round2,T2_identity_recognition,POS,1,BASELINE,manip1,L70-79,2.522558844089508,0,0,A,A
round1_to_round2,data/round2/2_Test/Test2_POS_userturns_BASELINE,round2,T2_identity_recognition,POS,1,BASELINE,manip1,L9-13,21.927601623535157,0,0,A,A
round1_to_round2,data/round2/2_Test/Test2_POS_userturns_BASELINE,round2,T2_identity_recognition,POS,1,BASELINE,manip2,L20-32,23.15134774721586,0,0,A,A
round1_to_round2,data/round2/2_Test/Test2_POS_userturns_BASELINE,round2,T2_identity_recognition,POS,1,BASELINE,manip2,L33-40,18.121569991111755,0,0,A,A
round1_to_round2,data/round2/2_Test/Test2_POS_userturns_BASELINE,round2,T2_identity_recognition,POS,1,BASELINE,manip2,L55-63,11.887418640984428,0,0,A,A
round1_to_round2,data/round2/2_Test/Test2_POS_userturns_BASELINE,round2,T2_identity_recognition,POS,1,BASELINE,manip2,L70-79,11.940833950042725,0,0,A,A
round1_to_round2,data/round2/2_Test/Test2_POS_userturns_BASELINE,round2,T2_identity_recognition,POS,1,BASELINE,manip2,L9-13,39.45171279907227,0,0,A,A
round1_to_round2,data/round2/2_Test/Test2_POS_userturns_BASELINE,round2,T2_identity_recognition,POS,1,BASELINE,report,L20-32,-15.195079436668983,0,0,A,A
round1_to_round2,data/round2/2_Test/Test2_POS_userturns_BASELINE,round2,T2_identity_recognition,POS,1,BASELINE,report,L33-40,-10.280046582221985,0,0,A,A
round1_to_round2,data/round2/2_Test/Test2_POS_userturns_BASELINE,round2,T2_identity_recognition,POS,1,BASELINE,report,L55-63,-7.150147173139784,0,0,A,A
round1_to_round2,data/round2/2_Test/Test2_POS_userturns_BASELINE,round2,T2_identity_recognition,POS,1,BASELINE,report,L70-79,-6.9218076229095455,0,0,A,A
round1_to_round2,data/round2/2_Test/Test2_POS_userturns_BASELINE,round2,T2_identity_recognition,POS,1,BASELINE,report,L9-13,-15.997665977478027,0,0,A,A
round1_to_round2,data/round2/2_Test/Test2_POS_userturns_SOL,round2,T2_identity_recognition,POS,1,SOL,choice1,L20-32,6.163142039225652,3,5,A,A
round1_to_round2,data/round2/2_Test/Test2_POS_userturns_SOL,round2,T2_identity_recognition,POS,1,SOL,choice1,L33-40,10.154914021492004,3,5,A,A
round1_to_round2,data/round2/2_Test/Test2_POS_userturns_SOL,round2,T2_identity_recognition,POS,1,SOL,choice1,L55-63,13.887469397650825,3,5,A,A
round1_to_round2,data/round2/2_Test/Test2_POS_userturns_SOL,round2,T2_identity_recognition,POS,1,SOL,choice1,L70-79,13.948188400268554,3,5,A,A
round1_to_round2,data/round2/2_Test/Test2_POS_userturns_SOL,round2,T2_identity_recognition,POS,1,SOL,choice1,L9-13,8.246101570129394,3,5,A,A
round1_to_round2,data/round2/2_Test/Test2_POS_userturns_SOL,round2,T2_identity_recognition,POS,1,SOL,choice2,L20-32,4.052666237721076,3,5,A,A
round1_to_round2,data/round2/2_Test/Test2_POS_userturns_SOL,round2,T2_identity_recognition,POS,1,SOL,choice2,L33-40,6.265985608100891,3,5,A,A
round1_to_round2,data/round2/2_Test/Test2_POS_userturns_SOL,round2,T2_identity_recognition,POS,1,SOL,choice2,L55-63,5.198436101277669,3,5,A,A
round1_to_round2,data/round2/2_Test/Test2_POS_userturns_SOL,round2,T2_identity_recognition,POS,1,SOL,choice2,L70-79,6.288279819488525,3,5,A,A
round1_to_round2,data/round2/2_Test/Test2_POS_userturns_SOL,round2,T2_identity_recognition,POS,1,SOL,choice2,L9-13,-1.582767415046692,3,5,A,A
round1_to_round2,data/round2/2_Test/Test2_POS_userturns_SOL,round2,T2_identity_recognition,POS,1,SOL,manip1,L20-32,18.095834952134354,3,5,A,A
round1_to_round2,data/round2/2_Test/Test2_POS_userturns_SOL,round2,T2_identity_recognition,POS,1,SOL,manip1,L33-40,24.7397882938385,3,5,A,A
round1_to_round2,data/round2/2_Test/Test2_POS_userturns_SOL,round2,T2_identity_recognition,POS,1,SOL,manip1,L55-63,23.82989035712348,3,5,A,A
round1_to_round2,data/round2/2_Test/Test2_POS_userturns_SOL,round2,T2_identity_recognition,POS,1,SOL,manip1,L70-79,21.852119827270506,3,5,A,A
round1_to_round2,data/round2/2_Test/Test2_POS_userturns_SOL,round2,T2_identity_recognition,POS,1,SOL,manip1,L9-13,23.912594985961913,3,5,A,A
round1_to_round2,data/round2/2_Test/Test2_POS_userturns_SOL,round2,T2_identity_recognition,POS,1,SOL,manip2,L20-32,35.10627423799955,3,5,A,A
round1_to_round2,data/round2/2_Test/Test2_POS_userturns_SOL,round2,T2_identity_recognition,POS,1,SOL,manip2,L33-40,40.90825366973877,3,5,A,A
round1_to_round2,data/round2/2_Test/Test2_POS_userturns_SOL,round2,T2_identity_recognition,POS,1,SOL,manip2,L55-63,35.268319023980034,3,5,A,A
round1_to_round2,data/round2/2_Test/Test2_POS_userturns_SOL,round2,T2_identity_recognition,POS,1,SOL,manip2,L70-79,31.38663673400879,3,5,A,A
round1_to_round2,data/round2/2_Test/Test2_POS_userturns_SOL,round2,T2_identity_recognition,POS,1,SOL,manip2,L9-13,40.94934997558594,3,5,A,A
round1_to_round2,data/round2/2_Test/Test2_POS_userturns_SOL,round2,T2_identity_recognition,POS,1,SOL,report,L20-32,-12.208203389094425,3,5,A,A
round1_to_round2,data/round2/2_Test/Test2_POS_userturns_SOL,round2,T2_identity_recognition,POS,1,SOL,report,L33-40,-4.812541462481022,3,5,A,A
round1_to_round2,data/round2/2_Test/Test2_POS_userturns_SOL,round2,T2_identity_recognition,POS,1,SOL,report,L55-63,-1.8515559434890747,3,5,A,A
round1_to_round2,data/round2/2_Test/Test2_POS_userturns_SOL,round2,T2_identity_recognition,POS,1,SOL,report,L70-79,-2.4607412576675416,3,5,A,A
round1_to_round2,data/round2/2_Test/Test2_POS_userturns_SOL,round2,T2_identity_recognition,POS,1,SOL,report,L9-13,-15.116643333435059,3,5,A,A
round1_to_round2,data/round2/2_Test/Test2_POS_userturns_STATIC,round2,T2_identity_recognition,POS,1,STATIC,choice1,L20-32,4.946687038128193,2,4,A,A
round1_to_round2,data/round2/2_Test/Test2_POS_userturns_STATIC,round2,T2_identity_recognition,POS,1,STATIC,choice1,L33-40,4.589348614215851,2,4,A,A
round1_to_round2,data/round2/2_Test/Test2_POS_userturns_STATIC,round2,T2_identity_recognition,POS,1,STATIC,choice1,L55-63,5.040339681837294,2,4,A,A
round1_to_round2,data/round2/2_Test/Test2_POS_userturns_STATIC,round2,T2_identity_recognition,POS,1,STATIC,choice1,L70-79,6.1340185642242435,2,4,A,A
round1_to_round2,data/round2/2_Test/Test2_POS_userturns_STATIC,round2,T2_identity_recognition,POS,1,STATIC,choice1,L9-13,5.681884288787842,2,4,A,A
round1_to_round2,data/round2/2_Test/Test2_POS_userturns_STATIC,round2,T2_identity_recognition,POS,1,STATIC,choice2,L20-32,2.859433100773738,2,4,A,A
round1_to_round2,data/round2/2_Test/Test2_POS_userturns_STATIC,round2,T2_identity_recognition,POS,1,STATIC,choice2,L33-40,4.775421887636185,2,4,A,A
round1_to_round2,data/round2/2_Test/Test2_POS_userturns_STATIC,round2,T2_identity_recognition,POS,1,STATIC,choice2,L55-63,2.476438562075297,2,4,A,A
round1_to_round2,data/round2/2_Test/Test2_POS_userturns_STATIC,round2,T2_identity_recognition,POS,1,STATIC,choice2,L70-79,4.084433078765869,2,4,A,A
round1_to_round2,data/round2/2_Test/Test2_POS_userturns_STATIC,round2,T2_identity_recognition,POS,1,STATIC,choice2,L9-13,-2.7925813674926756,2,4,A,A
round1_to_round2,data/round2/2_Test/Test2_POS_userturns_STATIC,round2,T2_identity_recognition,POS,1,STATIC,manip1,L20-32,18.38579383263221,2,4,A,A
round1_to_round2,data/round2/2_Test/Test2_POS_userturns_STATIC,round2,T2_identity_recognition,POS,1,STATIC,manip1,L33-40,13.615684270858765,2,4,A,A
round1_to_round2,data/round2/2_Test/Test2_POS_userturns_STATIC,round2,T2_identity_recognition,POS,1,STATIC,manip1,L55-63,3.9718913237253823,2,4,A,A
round1_to_round2,data/round2/2_Test/Test2_POS_userturns_STATIC,round2,T2_identity_recognition,POS,1,STATIC,manip1,L70-79,-2.1789248466491697,2,4,A,A
round1_to_round2,data/round2/2_Test/Test2_POS_userturns_STATIC,round2,T2_identity_recognition,POS,1,STATIC,manip1,L9-13,23.558713531494142,2,4,A,A
round1_to_round2,data/round2/2_Test/Test2_POS_userturns_STATIC,round2,T2_identity_recognition,POS,1,STATIC,manip2,L20-32,33.576525908250076,2,4,A,A
round1_to_round2,data/round2/2_Test/Test2_POS_userturns_STATIC,round2,T2_identity_recognition,POS,1,STATIC,manip2,L33-40,31.615784645080566,2,4,A,A
round1_to_round2,data/round2/2_Test/Test2_POS_userturns_STATIC,round2,T2_identity_recognition,POS,1,STATIC,manip2,L55-63,21.458883709377712,2,4,A,A
round1_to_round2,data/round2/2_Test/Test2_POS_userturns_STATIC,round2,T2_identity_recognition,POS,1,STATIC,manip2,L70-79,15.667643451690674,2,4,A,A
round1_to_round2,data/round2/2_Test/Test2_POS_userturns_STATIC,round2,T2_identity_recognition,POS,1,STATIC,manip2,L9-13,40.79179763793945,2,4,A,A
round1_to_round2,data/round2/2_Test/Test2_POS_userturns_STATIC,round2,T2_identity_recognition,POS,1,STATIC,report,L20-32,-11.854235502389761,2,4,A,A
round1_to_round2,data/round2/2_Test/Test2_POS_userturns_STATIC,round2,T2_identity_recognition,POS,1,STATIC,report,L33-40,-6.054768443107605,2,4,A,A
round1_to_round2,data/round2/2_Test/Test2_POS_userturns_STATIC,round2,T2_identity_recognition,POS,1,STATIC,report,L55-63,-3.5430319574144153,2,4,A,A
round1_to_round2,data/round2/2_Test/Test2_POS_userturns_STATIC,round2,T2_identity_recognition,POS,1,STATIC,report,L70-79,-4.042942547798157,2,4,A,A
round1_to_round2,data/round2/2_Test/Test2_POS_userturns_STATIC,round2,T2_identity_recognition,POS,1,STATIC,report,L9-13,-15.177277565002441,2,4,A,A
round1_to_round2,data/round2/2_Test/Test2_POS_userturns_SWARM,round2,T2_identity_recognition,POS,1,SWARM,choice1,L20-32,4.652889710206252,4,6,A,A
round1_to_round2,data/round2/2_Test/Test2_POS_userturns_SWARM,round2,T2_identity_recognition,POS,1,SWARM,choice1,L33-40,8.061750948429108,4,6,A,A
round1_to_round2,data/round2/2_Test/Test2_POS_userturns_SWARM,round2,T2_identity_recognition,POS,1,SWARM,choice1,L55-63,12.332515292697483,4,6,A,A
round1_to_round2,data/round2/2_Test/Test2_POS_userturns_SWARM,round2,T2_identity_recognition,POS,1,SWARM,choice1,L70-79,12.748491954803466,4,6,A,A
round1_to_round2,data/round2/2_Test/Test2_POS_userturns_SWARM,round2,T2_identity_recognition,POS,1,SWARM,choice1,L9-13,7.499581050872803,4,6,A,A
round1_to_round2,data/round2/2_Test/Test2_POS_userturns_SWARM,round2,T2_identity_recognition,POS,1,SWARM,choice2,L20-32,3.3766719698905945,4,6,A,A
round1_to_round2,data/round2/2_Test/Test2_POS_userturns_SWARM,round2,T2_identity_recognition,POS,1,SWARM,choice2,L33-40,5.742023974657059,4,6,A,A
round1_to_round2,data/round2/2_Test/Test2_POS_userturns_SWARM,round2,T2_identity_recognition,POS,1,SWARM,choice2,L55-63,5.051102505789863,4,6,A,A
round1_to_round2,data/round2/2_Test/Test2_POS_userturns_SWARM,round2,T2_identity_recognition,POS,1,SWARM,choice2,L70-79,6.161412763595581,4,6,A,A
round1_to_round2,data/round2/2_Test/Test2_POS_userturns_SWARM,round2,T2_identity_recognition,POS,1,SWARM,choice2,L9-13,-1.0324092090129853,4,6,A,A
round1_to_round2,data/round2/2_Test/Test2_POS_userturns_SWARM,round2,T2_identity_recognition,POS,1,SWARM,manip1,L20-32,17.081339762761043,4,6,A,A
round1_to_round2,data/round2/2_Test/Test2_POS_userturns_SWARM,round2,T2_identity_recognition,POS,1,SWARM,manip1,L33-40,17.35425305366516,4,6,A,A
round1_to_round2,data/round2/2_Test/Test2_POS_userturns_SWARM,round2,T2_identity_recognition,POS,1,SWARM,manip1,L55-63,15.056281831529406,4,6,A,A
round1_to_round2,data/round2/2_Test/Test2_POS_userturns_SWARM,round2,T2_identity_recognition,POS,1,SWARM,manip1,L70-79,16.07536220550537,4,6,A,A
round1_to_round2,data/round2/2_Test/Test2_POS_userturns_SWARM,round2,T2_identity_recognition,POS,1,SWARM,manip1,L9-13,23.149116897583006,4,6,A,A
round1_to_round2,data/round2/2_Test/Test2_POS_userturns_SWARM,round2,T2_identity_recognition,POS,1,SWARM,manip2,L20-32,34.1879584972675,4,6,A,A
round1_to_round2,data/round2/2_Test/Test2_POS_userturns_SWARM,round2,T2_identity_recognition,POS,1,SWARM,manip2,L33-40,33.20975971221924,4,6,A,A
round1_to_round2,data/round2/2_Test/Test2_POS_userturns_SWARM,round2,T2_identity_recognition,POS,1,SWARM,manip2,L55-63,25.83885383605957,4,6,A,A
round1_to_round2,data/round2/2_Test/Test2_POS_userturns_SWARM,round2,T2_identity_recognition,POS,1,SWARM,manip2,L70-79,24.774110412597658,4,6,A,A
round1_to_round2,data/round2/2_Test/Test2_POS_userturns_SWARM,round2,T2_identity_recognition,POS,1,SWARM,manip2,L9-13,40.50089721679687,4,6,A,A
round1_to_round2,data/round2/2_Test/Test2_POS_userturns_SWARM,round2,T2_identity_recognition,POS,1,SWARM,report,L20-32,-12.34066104888916,4,6,A,A
round1_to_round2,data/round2/2_Test/Test2_POS_userturns_SWARM,round2,T2_identity_recognition,POS,1,SWARM,report,L33-40,-4.984946139156818,4,6,A,A
round1_to_round2,data/round2/2_Test/Test2_POS_userturns_SWARM,round2,T2_identity_recognition,POS,1,SWARM,report,L55-63,-2.432403418752882,4,6,A,A
round1_to_round2,data/round2/2_Test/Test2_POS_userturns_SWARM,round2,T2_identity_recognition,POS,1,SWARM,report,L70-79,-2.797434449195862,4,6,A,A
round1_to_round2,data/round2/2_Test/Test2_POS_userturns_SWARM,round2,T2_identity_recognition,POS,1,SWARM,report,L9-13,-14.205325698852539,4,6,A,A
round2_to_round1,data/round1/0_Test 2/0_T1_NEG_userturns_BASELINE,round1,T0_social_treatment,NEG,-1,BASELINE,choice1,L20-32,-13.339503068190355,-2,-4,A,A
round2_to_round1,data/round1/0_Test 2/0_T1_NEG_userturns_BASELINE,round1,T0_social_treatment,NEG,-1,BASELINE,choice1,L33-40,-8.112159252166748,-2,-4,A,A
round2_to_round1,data/round1/0_Test 2/0_T1_NEG_userturns_BASELINE,round1,T0_social_treatment,NEG,-1,BASELINE,choice1,L55-63,-2.088945229848226,-2,-4,A,A
round2_to_round1,data/round1/0_Test 2/0_T1_NEG_userturns_BASELINE,round1,T0_social_treatment,NEG,-1,BASELINE,choice1,L70-79,-0.9715674668550491,-2,-4,A,A
round2_to_round1,data/round1/0_Test 2/0_T1_NEG_userturns_BASELINE,round1,T0_social_treatment,NEG,-1,BASELINE,choice1,L9-13,-5.059012317657471,-2,-4,A,A
round2_to_round1,data/round1/0_Test 2/0_T1_NEG_userturns_BASELINE,round1,T0_social_treatment,NEG,-1,BASELINE,choice2,L20-32,-5.331163112933819,-2,-4,A,A
round2_to_round1,data/round1/0_Test 2/0_T1_NEG_userturns_BASELINE,round1,T0_social_treatment,NEG,-1,BASELINE,choice2,L33-40,-2.7851599156856537,-2,-4,A,A
round2_to_round1,data/round1/0_Test 2/0_T1_NEG_userturns_BASELINE,round1,T0_social_treatment,NEG,-1,BASELINE,choice2,L55-63,-1.897014684147305,-2,-4,A,A
round2_to_round1,data/round1/0_Test 2/0_T1_NEG_userturns_BASELINE,round1,T0_social_treatment,NEG,-1,BASELINE,choice2,L70-79,-0.3183972753584385,-2,-4,A,A
round2_to_round1,data/round1/0_Test 2/0_T1_NEG_userturns_BASELINE,round1,T0_social_treatment,NEG,-1,BASELINE,choice2,L9-13,-9.42892951965332,-2,-4,A,A
round2_to_round1,data/round1/0_Test 2/0_T1_NEG_userturns_BASELINE,round1,T0_social_treatment,NEG,-1,BASELINE,manip1,L20-32,-44.59732437133789,-2,-4,A,A
round2_to_round1,data/round1/0_Test 2/0_T1_NEG_userturns_BASELINE,round1,T0_social_treatment,NEG,-1,BASELINE,manip1,L33-40,-37.71778345108032,-2,-4,A,A
round2_to_round1,data/round1/0_Test 2/0_T1_NEG_userturns_BASELINE,round1,T0_social_treatment,NEG,-1,BASELINE,manip1,L55-63,-33.75553894042969,-2,-4,A,A
round2_to_round1,data/round1/0_Test 2/0_T1_NEG_userturns_BASELINE,round1,T0_social_treatment,NEG,-1,BASELINE,manip1,L70-79,-28.145130348205566,-2,-4,A,A
round2_to_round1,data/round1/0_Test 2/0_T1_NEG_userturns_BASELINE,round1,T0_social_treatment,NEG,-1,BASELINE,manip1,L9-13,-38.13169708251953,-2,-4,A,A
round2_to_round1,data/round1/0_Test 2/0_T1_NEG_userturns_BASELINE,round1,T0_social_treatment,NEG,-1,BASELINE,manip2,L20-32,-34.73038306603065,-2,-4,A,A
round2_to_round1,data/round1/0_Test 2/0_T1_NEG_userturns_BASELINE,round1,T0_social_treatment,NEG,-1,BASELINE,manip2,L33-40,-29.361260652542114,-2,-4,A,A
round2_to_round1,data/round1/0_Test 2/0_T1_NEG_userturns_BASELINE,round1,T0_social_treatment,NEG,-1,BASELINE,manip2,L55-63,-28.386290232340496,-2,-4,A,A
round2_to_round1,data/round1/0_Test 2/0_T1_NEG_userturns_BASELINE,round1,T0_social_treatment,NEG,-1,BASELINE,manip2,L70-79,-24.791536331176758,-2,-4,A,A
round2_to_round1,data/round1/0_Test 2/0_T1_NEG_userturns_BASELINE,round1,T0_social_treatment,NEG,-1,BASELINE,manip2,L9-13,-32.44295310974121,-2,-4,A,A
round2_to_round1,data/round1/0_Test 2/0_T1_NEG_userturns_BASELINE,round1,T0_social_treatment,NEG,-1,BASELINE,report,L20-32,-17.60131102341872,-2,-4,A,A
round2_to_round1,data/round1/0_Test 2/0_T1_NEG_userturns_BASELINE,round1,T0_social_treatment,NEG,-1,BASELINE,report,L33-40,-11.344128131866455,-2,-4,A,A
round2_to_round1,data/round1/0_Test 2/0_T1_NEG_userturns_BASELINE,round1,T0_social_treatment,NEG,-1,BASELINE,report,L55-63,-8.01032543182373,-2,-4,A,A
round2_to_round1,data/round1/0_Test 2/0_T1_NEG_userturns_BASELINE,round1,T0_social_treatment,NEG,-1,BASELINE,report,L70-79,-8.307886600494385,-2,-4,A,A
round2_to_round1,data/round1/0_Test 2/0_T1_NEG_userturns_BASELINE,round1,T0_social_treatment,NEG,-1,BASELINE,report,L9-13,-19.218978691101075,-2,-4,A,A
round2_to_round1,data/round1/0_Test 2/0_T1_NEG_userturns_SOL,round1,T0_social_treatment,NEG,-1,SOL,choice1,L20-32,-5.723754616884085,-2,-5,A,A
round2_to_round1,data/round1/0_Test 2/0_T1_NEG_userturns_SOL,round1,T0_social_treatment,NEG,-1,SOL,choice1,L33-40,-1.141009047627449,-2,-5,A,A
round2_to_round1,data/round1/0_Test 2/0_T1_NEG_userturns_SOL,round1,T0_social_treatment,NEG,-1,SOL,choice1,L55-63,4.827097680833605,-2,-5,A,A
round2_to_round1,data/round1/0_Test 2/0_T1_NEG_userturns_SOL,round1,T0_social_treatment,NEG,-1,SOL,choice1,L70-79,5.644286012649536,-2,-5,A,A
round2_to_round1,data/round1/0_Test 2/0_T1_NEG_userturns_SOL,round1,T0_social_treatment,NEG,-1,SOL,choice1,L9-13,-2.307880401611328,-2,-5,A,A
round2_to_round1,data/round1/0_Test 2/0_T1_NEG_userturns_SOL,round1,T0_social_treatment,NEG,-1,SOL,choice2,L20-32,-1.7510017087826362,-2,-5,A,A
round2_to_round1,data/round1/0_Test 2/0_T1_NEG_userturns_SOL,round1,T0_social_treatment,NEG,-1,SOL,choice2,L33-40,0.42474884167313576,-2,-5,A,A
round2_to_round1,data/round1/0_Test 2/0_T1_NEG_userturns_SOL,round1,T0_social_treatment,NEG,-1,SOL,choice2,L55-63,0.7176056404908498,-2,-5,A,A
round2_to_round1,data/round1/0_Test 2/0_T1_NEG_userturns_SOL,round1,T0_social_treatment,NEG,-1,SOL,choice2,L70-79,2.07780185341835,-2,-5,A,A
round2_to_round1,data/round1/0_Test 2/0_T1_NEG_userturns_SOL,round1,T0_social_treatment,NEG,-1,SOL,choice2,L9-13,-7.44649305343628,-2,-5,A,A
round2_to_round1,data/round1/0_Test 2/0_T1_NEG_userturns_SOL,round1,T0_social_treatment,NEG,-1,SOL,manip1,L20-32,-41.43619684072641,-2,-5,A,A
round2_to_round1,data/round1/0_Test 2/0_T1_NEG_userturns_SOL,round1,T0_social_treatment,NEG,-1,SOL,manip1,L33-40,-32.48404574394226,-2,-5,A,A
round2_to_round1,data/round1/0_Test 2/0_T1_NEG_userturns_SOL,round1,T0_social_treatment,NEG,-1,SOL,manip1,L55-63,-27.466435538397896,-2,-5,A,A
round2_to_round1,data/round1/0_Test 2/0_T1_NEG_userturns_SOL,round1,T0_social_treatment,NEG,-1,SOL,manip1,L70-79,-23.524680137634277,-2,-5,A,A
round2_to_round1,data/round1/0_Test 2/0_T1_NEG_userturns_SOL,round1,T0_social_treatment,NEG,-1,SOL,manip1,L9-13,-37.63816146850586,-2,-5,A,A
round2_to_round1,data/round1/0_Test 2/0_T1_NEG_userturns_SOL,round1,T0_social_treatment,NEG,-1,SOL,manip2,L20-32,-28.110257662259617,-2,-5,A,A
round2_to_round1,data/round1/0_Test 2/0_T1_NEG_userturns_SOL,round1,T0_social_treatment,NEG,-1,SOL,manip2,L33-40,-21.07301378250122,-2,-5,A,A
round2_to_round1,data/round1/0_Test 2/0_T1_NEG_userturns_SOL,round1,T0_social_treatment,NEG,-1,SOL,manip2,L55-63,-21.350229051378037,-2,-5,A,A
round2_to_round1,data/round1/0_Test 2/0_T1_NEG_userturns_SOL,round1,T0_social_treatment,NEG,-1,SOL,manip2,L70-79,-21.5426887512207,-2,-5,A,A
round2_to_round1,data/round1/0_Test 2/0_T1_NEG_userturns_SOL,round1,T0_social_treatment,NEG,-1,SOL,manip2,L9-13,-28.79312210083008,-2,-5,A,A
round2_to_round1,data/round1/0_Test 2/0_T1_NEG_userturns_SOL,round1,T0_social_treatment,NEG,-1,SOL,report,L20-32,-15.018234399648813,-2,-5,A,A
round2_to_round1,data/round1/0_Test 2/0_T1_NEG_userturns_SOL,round1,T0_social_treatment,NEG,-1,SOL,report,L33-40,-9.352484107017517,-2,-5,A,A
round2_to_round1,data/round1/0_Test 2/0_T1_NEG_userturns_SOL,round1,T0_social_treatment,NEG,-1,SOL,report,L55-63,-5.426317797766791,-2,-5,A,A
round2_to_round1,data/round1/0_Test 2/0_T1_NEG_userturns_SOL,round1,T0_social_treatment,NEG,-1,SOL,report,L70-79,-5.518459320068359,-2,-5,A,A
round2_to_round1,data/round1/0_Test 2/0_T1_NEG_userturns_SOL,round1,T0_social_treatment,NEG,-1,SOL,report,L9-13,-17.55908832550049,-2,-5,A,A
round2_to_round1,data/round1/0_Test 2/0_T1_NEG_userturns_STATIC,round1,T0_social_treatment,NEG,-1,STATIC,choice1,L20-32,-4.310313444871169,0,-4,A,A
round2_to_round1,data/round1/0_Test 2/0_T1_NEG_userturns_STATIC,round1,T0_social_treatment,NEG,-1,STATIC,choice1,L33-40,-3.0521343275904655,0,-4,A,A
round2_to_round1,data/round1/0_Test 2/0_T1_NEG_userturns_STATIC,round1,T0_social_treatment,NEG,-1,STATIC,choice1,L55-63,0.5500000185436673,0,-4,A,A
round2_to_round1,data/round1/0_Test 2/0_T1_NEG_userturns_STATIC,round1,T0_social_treatment,NEG,-1,STATIC,choice1,L70-79,2.0121928572654726,0,-4,A,A
round2_to_round1,data/round1/0_Test 2/0_T1_NEG_userturns_STATIC,round1,T0_social_treatment,NEG,-1,STATIC,choice1,L9-13,-4.921321249008178,0,-4,A,A
round2_to_round1,data/round1/0_Test 2/0_T1_NEG_userturns_STATIC,round1,T0_social_treatment,NEG,-1,STATIC,choice2,L20-32,-0.7630867797594804,0,-4,A,A
round2_to_round1,data/round1/0_Test 2/0_T1_NEG_userturns_STATIC,round1,T0_social_treatment,NEG,-1,STATIC,choice2,L33-40,1.052932247519493,0,-4,A,A
round2_to_round1,data/round1/0_Test 2/0_T1_NEG_userturns_STATIC,round1,T0_social_treatment,NEG,-1,STATIC,choice2,L55-63,0.9182005226612091,0,-4,A,A
round2_to_round1,data/round1/0_Test 2/0_T1_NEG_userturns_STATIC,round1,T0_social_treatment,NEG,-1,STATIC,choice2,L70-79,2.474535858631134,0,-4,A,A
round2_to_round1,data/round1/0_Test 2/0_T1_NEG_userturns_STATIC,round1,T0_social_treatment,NEG,-1,STATIC,choice2,L9-13,-8.19221305847168,0,-4,A,A
round2_to_round1,data/round1/0_Test 2/0_T1_NEG_userturns_STATIC,round1,T0_social_treatment,NEG,-1,STATIC,manip1,L20-32,-34.7298159966102,0,-4,A,A
round2_to_round1,data/round1/0_Test 2/0_T1_NEG_userturns_STATIC,round1,T0_social_treatment,NEG,-1,STATIC,manip1,L33-40,-27.047120332717896,0,-4,A,A
round2_to_round1,data/round1/0_Test 2/0_T1_NEG_userturns_STATIC,round1,T0_social_treatment,NEG,-1,STATIC,manip1,L55-63,-28.327017890082466,0,-4,A,A
round2_to_round1,data/round1/0_Test 2/0_T1_NEG_userturns_STATIC,round1,T0_social_treatment,NEG,-1,STATIC,manip1,L70-79,-26.483142471313478,0,-4,A,A
round2_to_round1,data/round1/0_Test 2/0_T1_NEG_userturns_STATIC,round1,T0_social_treatment,NEG,-1,STATIC,manip1,L9-13,-36.59617462158203,0,-4,A,A
round2_to_round1,data/round1/0_Test 2/0_T1_NEG_userturns_STATIC,round1,T0_social_treatment,NEG,-1,STATIC,manip2,L20-32,-21.157394409179688,0,-4,A,A
round2_to_round1,data/round1/0_Test 2/0_T1_NEG_userturns_STATIC,round1,T0_social_treatment,NEG,-1,STATIC,manip2,L33-40,-16.278598070144653,0,-4,A,A
round2_to_round1,data/round1/0_Test 2/0_T1_NEG_userturns_STATIC,round1,T0_social_treatment,NEG,-1,STATIC,manip2,L55-63,-21.29126082526313,0,-4,A,A
round2_to_round1,data/round1/0_Test 2/0_T1_NEG_userturns_STATIC,round1,T0_social_treatment,NEG,-1,STATIC,manip2,L70-79,-20.79966468811035,0,-4,A,A
round2_to_round1,data/round1/0_Test 2/0_T1_NEG_userturns_STATIC,round1,T0_social_treatment,NEG,-1,STATIC,manip2,L9-13,-30.748620986938477,0,-4,A,A
round2_to_round1,data/round1/0_Test 2/0_T1_NEG_userturns_STATIC,round1,T0_social_treatment,NEG,-1,STATIC,report,L20-32,-14.13725684239314,0,-4,A,A
round2_to_round1,data/round1/0_Test 2/0_T1_NEG_userturns_STATIC,round1,T0_social_treatment,NEG,-1,STATIC,report,L33-40,-9.145318388938904,0,-4,A,A
round2_to_round1,data/round1/0_Test 2/0_T1_NEG_userturns_STATIC,round1,T0_social_treatment,NEG,-1,STATIC,report,L55-63,-5.267180071936713,0,-4,A,A
round2_to_round1,data/round1/0_Test 2/0_T1_NEG_userturns_STATIC,round1,T0_social_treatment,NEG,-1,STATIC,report,L70-79,-5.25528244972229,0,-4,A,A
round2_to_round1,data/round1/0_Test 2/0_T1_NEG_userturns_STATIC,round1,T0_social_treatment,NEG,-1,STATIC,report,L9-13,-17.834660911560057,0,-4,A,A
round2_to_round1,data/round1/0_Test 2/0_T1_NEG_userturns_SWARM,round1,T0_social_treatment,NEG,-1,SWARM,choice1,L20-32,-4.729749496166523,2,4,A,A
round2_to_round1,data/round1/0_Test 2/0_T1_NEG_userturns_SWARM,round1,T0_social_treatment,NEG,-1,SWARM,choice1,L33-40,-1.4647336266934872,2,4,A,A
round2_to_round1,data/round1/0_Test 2/0_T1_NEG_userturns_SWARM,round1,T0_social_treatment,NEG,-1,SWARM,choice1,L55-63,3.6474784215291343,2,4,A,A
round2_to_round1,data/round1/0_Test 2/0_T1_NEG_userturns_SWARM,round1,T0_social_treatment,NEG,-1,SWARM,choice1,L70-79,3.9983445405960083,2,4,A,A
round2_to_round1,data/round1/0_Test 2/0_T1_NEG_userturns_SWARM,round1,T0_social_treatment,NEG,-1,SWARM,choice1,L9-13,-3.494401788711548,2,4,A,A
round2_to_round1,data/round1/0_Test 2/0_T1_NEG_userturns_SWARM,round1,T0_social_treatment,NEG,-1,SWARM,choice2,L20-32,-2.0429337529035716,2,4,A,A
round2_to_round1,data/round1/0_Test 2/0_T1_NEG_userturns_SWARM,round1,T0_social_treatment,NEG,-1,SWARM,choice2,L33-40,0.8830572925508022,2,4,A,A
round2_to_round1,data/round1/0_Test 2/0_T1_NEG_userturns_SWARM,round1,T0_social_treatment,NEG,-1,SWARM,choice2,L55-63,1.1018294427129958,2,4,A,A
round2_to_round1,data/round1/0_Test 2/0_T1_NEG_userturns_SWARM,round1,T0_social_treatment,NEG,-1,SWARM,choice2,L70-79,2.5130291104316713,2,4,A,A
round2_to_round1,data/round1/0_Test 2/0_T1_NEG_userturns_SWARM,round1,T0_social_treatment,NEG,-1,SWARM,choice2,L9-13,-6.775463199615478,2,4,A,A
round2_to_round1,data/round1/0_Test 2/0_T1_NEG_userturns_SWARM,round1,T0_social_treatment,NEG,-1,SWARM,manip1,L20-32,-39.62167710524339,2,4,A,A
round2_to_round1,data/round1/0_Test 2/0_T1_NEG_userturns_SWARM,round1,T0_social_treatment,NEG,-1,SWARM,manip1,L33-40,-29.322694301605225,2,4,A,A
round2_to_round1,data/round1/0_Test 2/0_T1_NEG_userturns_SWARM,round1,T0_social_treatment,NEG,-1,SWARM,manip1,L55-63,-23.980235629611546,2,4,A,A
round2_to_round1,data/round1/0_Test 2/0_T1_NEG_userturns_SWARM,round1,T0_social_treatment,NEG,-1,SWARM,manip1,L70-79,-20.437020683288573,2,4,A,A
round2_to_round1,data/round1/0_Test 2/0_T1_NEG_userturns_SWARM,round1,T0_social_treatment,NEG,-1,SWARM,manip1,L9-13,-37.140550231933595,2,4,A,A
round2_to_round1,data/round1/0_Test 2/0_T1_NEG_userturns_SWARM,round1,T0_social_treatment,NEG,-1,SWARM,manip2,L20-32,-24.981097661531887,2,4,A,A
round2_to_round1,data/round1/0_Test 2/0_T1_NEG_userturns_SWARM,round1,T0_social_treatment,NEG,-1,SWARM,manip2,L33-40,-15.517414689064026,2,4,A,A
round2_to_round1,data/round1/0_Test 2/0_T1_NEG_userturns_SWARM,round1,T0_social_treatment,NEG,-1,SWARM,manip2,L55-63,-12.42512649959988,2,4,A,A
round2_to_round1,data/round1/0_Test 2/0_T1_NEG_userturns_SWARM,round1,T0_social_treatment,NEG,-1,SWARM,manip2,L70-79,-11.061242485046387,2,4,A,A
round2_to_round1,data/round1/0_Test 2/0_T1_NEG_userturns_SWARM,round1,T0_social_treatment,NEG,-1,SWARM,manip2,L9-13,-34.13333358764648,2,4,A,A
round2_to_round1,data/round1/0_Test 2/0_T1_NEG_userturns_SWARM,round1,T0_social_treatment,NEG,-1,SWARM,report,L20-32,-15.066991145794209,2,4,A,A
round2_to_round1,data/round1/0_Test 2/0_T1_NEG_userturns_SWARM,round1,T0_social_treatment,NEG,-1,SWARM,report,L33-40,-8.663011491298676,2,4,A,A
round2_to_round1,data/round1/0_Test 2/0_T1_NEG_userturns_SWARM,round1,T0_social_treatment,NEG,-1,SWARM,report,L55-63,-4.515978786680433,2,4,A,A
round2_to_round1,data/round1/0_Test 2/0_T1_NEG_userturns_SWARM,round1,T0_social_treatment,NEG,-1,SWARM,report,L70-79,-5.151341199874878,2,4,A,A
round2_to_round1,data/round1/0_Test 2/0_T1_NEG_userturns_SWARM,round1,T0_social_treatment,NEG,-1,SWARM,report,L9-13,-18.119321060180663,2,4,A,A
round2_to_round1,data/round1/0_Test 2/1_T1_NEU_userturns_BASELINE,round1,T0_social_treatment,NEU,0,BASELINE,choice1,L20-32,-5.203293470235971,0,0,A,A
round2_to_round1,data/round1/0_Test 2/1_T1_NEU_userturns_BASELINE,round1,T0_social_treatment,NEU,0,BASELINE,choice1,L33-40,-0.30666491761803627,0,0,A,A
round2_to_round1,data/round1/0_Test 2/1_T1_NEU_userturns_BASELINE,round1,T0_social_treatment,NEU,0,BASELINE,choice1,L55-63,4.949012968275282,0,0,A,A
round2_to_round1,data/round1/0_Test 2/1_T1_NEU_userturns_BASELINE,round1,T0_social_treatment,NEU,0,BASELINE,choice1,L70-79,5.201696538925171,0,0,A,A
round2_to_round1,data/round1/0_Test 2/1_T1_NEU_userturns_BASELINE,round1,T0_social_treatment,NEU,0,BASELINE,choice1,L9-13,0.3075804471969604,0,0,A,A
round2_to_round1,data/round1/0_Test 2/1_T1_NEU_userturns_BASELINE,round1,T0_social_treatment,NEU,0,BASELINE,choice2,L20-32,-1.7800100537446828,0,0,A,A
round2_to_round1,data/round1/0_Test 2/1_T1_NEU_userturns_BASELINE,round1,T0_social_treatment,NEU,0,BASELINE,choice2,L33-40,0.8436578791588545,0,0,A,A
round2_to_round1,data/round1/0_Test 2/1_T1_NEU_userturns_BASELINE,round1,T0_social_treatment,NEU,0,BASELINE,choice2,L55-63,0.49573636054992676,0,0,A,A
round2_to_round1,data/round1/0_Test 2/1_T1_NEU_userturns_BASELINE,round1,T0_social_treatment,NEU,0,BASELINE,choice2,L70-79,2.662243866920471,0,0,A,A
round2_to_round1,data/round1/0_Test 2/1_T1_NEU_userturns_BASELINE,round1,T0_social_treatment,NEU,0,BASELINE,choice2,L9-13,-4.895855712890625,0,0,A,A
round2_to_round1,data/round1/0_Test 2/1_T1_NEU_userturns_BASELINE,round1,T0_social_treatment,NEU,0,BASELINE,manip1,L20-32,2.5896504658919115,0,0,A,A
round2_to_round1,data/round1/0_Test 2/1_T1_NEU_userturns_BASELINE,round1,T0_social_treatment,NEU,0,BASELINE,manip1,L33-40,1.4724538028240204,0,0,A,A
round2_to_round1,data/round1/0_Test 2/1_T1_NEU_userturns_BASELINE,round1,T0_social_treatment,NEU,0,BASELINE,manip1,L55-63,-2.2996228535970054,0,0,A,A
round2_to_round1,data/round1/0_Test 2/1_T1_NEU_userturns_BASELINE,round1,T0_social_treatment,NEU,0,BASELINE,manip1,L70-79,0.7228988826274871,0,0,A,A
round2_to_round1,data/round1/0_Test 2/1_T1_NEU_userturns_BASELINE,round1,T0_social_treatment,NEU,0,BASELINE,manip1,L9-13,10.072442626953125,0,0,A,A
round2_to_round1,data/round1/0_Test 2/1_T1_NEU_userturns_BASELINE,round1,T0_social_treatment,NEU,0,BASELINE,manip2,L20-32,2.1638773473409505,0,0,A,A
round2_to_round1,data/round1/0_Test 2/1_T1_NEU_userturns_BASELINE,round1,T0_social_treatment,NEU,0,BASELINE,manip2,L33-40,0.3857186734676361,0,0,A,A
round2_to_round1,data/round1/0_Test 2/1_T1_NEU_userturns_BASELINE,round1,T0_social_treatment,NEU,0,BASELINE,manip2,L55-63,-0.5568567249510024,0,0,A,A
round2_to_round1,data/round1/0_Test 2/1_T1_NEU_userturns_BASELINE,round1,T0_social_treatment,NEU,0,BASELINE,manip2,L70-79,2.0236533522605895,0,0,A,A
round2_to_round1,data/round1/0_Test 2/1_T1_NEU_userturns_BASELINE,round1,T0_social_treatment,NEU,0,BASELINE,manip2,L9-13,12.887221336364746,0,0,A,A
round2_to_round1,data/round1/0_Test 2/1_T1_NEU_userturns_BASELINE,round1,T0_social_treatment,NEU,0,BASELINE,report,L20-32,-15.37192124586839,0,0,A,A
round2_to_round1,data/round1/0_Test 2/1_T1_NEU_userturns_BASELINE,round1,T0_social_treatment,NEU,0,BASELINE,report,L33-40,-10.023661375045776,0,0,A,A
round2_to_round1,data/round1/0_Test 2/1_T1_NEU_userturns_BASELINE,round1,T0_social_treatment,NEU,0,BASELINE,report,L55-63,-6.813343895806207,0,0,A,A
round2_to_round1,data/round1/0_Test 2/1_T1_NEU_userturns_BASELINE,round1,T0_social_treatment,NEU,0,BASELINE,report,L70-79,-7.096800851821899,0,0,A,A
round2_to_round1,data/round1/0_Test 2/1_T1_NEU_userturns_BASELINE,round1,T0_social_treatment,NEU,0,BASELINE,report,L9-13,-15.984007835388184,0,0,A,A
round2_to_round1,data/round1/0_Test 2/1_T1_NEU_userturns_SOL,round1,T0_social_treatment,NEU,0,SOL,choice1,L20-32,-0.04535685365016644,2,4,A,A
round2_to_round1,data/round1/0_Test 2/1_T1_NEU_userturns_SOL,round1,T0_social_treatment,NEU,0,SOL,choice1,L33-40,3.601527288556099,2,4,A,A
round2_to_round1,data/round1/0_Test 2/1_T1_NEU_userturns_SOL,round1,T0_social_treatment,NEU,0,SOL,choice1,L55-63,8.30560302734375,2,4,A,A
round2_to_round1,data/round1/0_Test 2/1_T1_NEU_userturns_SOL,round1,T0_social_treatment,NEU,0,SOL,choice1,L70-79,8.37096447944641,2,4,A,A
round2_to_round1,data/round1/0_Test 2/1_T1_NEU_userturns_SOL,round1,T0_social_treatment,NEU,0,SOL,choice1,L9-13,1.9833905220031738,2,4,A,A
round2_to_round1,data/round1/0_Test 2/1_T1_NEU_userturns_SOL,round1,T0_social_treatment,NEU,0,SOL,choice2,L20-32,1.1484460165867438,2,4,A,A
round2_to_round1,data/round1/0_Test 2/1_T1_NEU_userturns_SOL,round1,T0_social_treatment,NEU,0,SOL,choice2,L33-40,3.6901975572109222,2,4,A,A
round2_to_round1,data/round1/0_Test 2/1_T1_NEU_userturns_SOL,round1,T0_social_treatment,NEU,0,SOL,choice2,L55-63,2.3729340765211315,2,4,A,A
round2_to_round1,data/round1/0_Test 2/1_T1_NEU_userturns_SOL,round1,T0_social_treatment,NEU,0,SOL,choice2,L70-79,4.544769740104675,2,4,A,A
round2_to_round1,data/round1/0_Test 2/1_T1_NEU_userturns_SOL,round1,T0_social_treatment,NEU,0,SOL,choice2,L9-13,-4.130171298980713,2,4,A,A
round2_to_round1,data/round1/0_Test 2/1_T1_NEU_userturns_SOL,round1,T0_social_treatment,NEU,0,SOL,manip1,L20-32,8.44971909889808,2,4,A,A
round2_to_round1,data/round1/0_Test 2/1_T1_NEU_userturns_SOL,round1,T0_social_treatment,NEU,0,SOL,manip1,L33-40,11.401660323143005,2,4,A,A
round2_to_round1,data/round1/0_Test 2/1_T1_NEU_userturns_SOL,round1,T0_social_treatment,NEU,0,SOL,manip1,L55-63,11.820072174072266,2,4,A,A
round2_to_round1,data/round1/0_Test 2/1_T1_NEU_userturns_SOL,round1,T0_social_treatment,NEU,0,SOL,manip1,L70-79,11.749084091186523,2,4,A,A
round2_to_round1,data/round1/0_Test 2/1_T1_NEU_userturns_SOL,round1,T0_social_treatment,NEU,0,SOL,manip1,L9-13,10.881381416320801,2,4,A,A
round2_to_round1,data/round1/0_Test 2/1_T1_NEU_userturns_SOL,round1,T0_social_treatment,NEU,0,SOL,manip2,L20-32,5.776256542939406,2,4,A,A
round2_to_round1,data/round1/0_Test 2/1_T1_NEU_userturns_SOL,round1,T0_social_treatment,NEU,0,SOL,manip2,L33-40,5.675824284553528,2,4,A,A
round2_to_round1,data/round1/0_Test 2/1_T1_NEU_userturns_SOL,round1,T0_social_treatment,NEU,0,SOL,manip2,L55-63,7.594291739993626,2,4,A,A
round2_to_round1,data/round1/0_Test 2/1_T1_NEU_userturns_SOL,round1,T0_social_treatment,NEU,0,SOL,manip2,L70-79,10.260133075714112,2,4,A,A
round2_to_round1,data/round1/0_Test 2/1_T1_NEU_userturns_SOL,round1,T0_social_treatment,NEU,0,SOL,manip2,L9-13,17.488677406311034,2,4,A,A
round2_to_round1,data/round1/0_Test 2/1_T1_NEU_userturns_SOL,round1,T0_social_treatment,NEU,0,SOL,report,L20-32,-13.107961654663086,2,4,A,A
round2_to_round1,data/round1/0_Test 2/1_T1_NEU_userturns_SOL,round1,T0_social_treatment,NEU,0,SOL,report,L33-40,-5.817556828260422,2,4,A,A
round2_to_round1,data/round1/0_Test 2/1_T1_NEU_userturns_SOL,round1,T0_social_treatment,NEU,0,SOL,report,L55-63,-2.5611663394504123,2,4,A,A
round2_to_round1,data/round1/0_Test 2/1_T1_NEU_userturns_SOL,round1,T0_social_treatment,NEU,0,SOL,report,L70-79,-3.397456169128418,2,4,A,A
round2_to_round1,data/round1/0_Test 2/1_T1_NEU_userturns_SOL,round1,T0_social_treatment,NEU,0,SOL,report,L9-13,-15.652733993530273,2,4,A,A
round2_to_round1,data/round1/0_Test 2/1_T1_NEU_userturns_STATIC,round1,T0_social_treatment,NEU,0,STATIC,choice1,L20-32,1.0706892838844886,2,-4,A,A
round2_to_round1,data/round1/0_Test 2/1_T1_NEU_userturns_STATIC,round1,T0_social_treatment,NEU,0,STATIC,choice1,L33-40,-2.3864119350910187,2,-4,A,A
round2_to_round1,data/round1/0_Test 2/1_T1_NEU_userturns_STATIC,round1,T0_social_treatment,NEU,0,STATIC,choice1,L55-63,-1.1412396828333538,2,-4,A,A
round2_to_round1,data/round1/0_Test 2/1_T1_NEU_userturns_STATIC,round1,T0_social_treatment,NEU,0,STATIC,choice1,L70-79,-1.0541538834571837,2,-4,A,A
round2_to_round1,data/round1/0_Test 2/1_T1_NEU_userturns_STATIC,round1,T0_social_treatment,NEU,0,STATIC,choice1,L9-13,-1.5191430509090424,2,-4,A,A
round2_to_round1,data/round1/0_Test 2/1_T1_NEU_userturns_STATIC,round1,T0_social_treatment,NEU,0,STATIC,choice2,L20-32,0.6521475315093994,2,-4,A,A
round2_to_round1,data/round1/0_Test 2/1_T1_NEU_userturns_STATIC,round1,T0_social_treatment,NEU,0,STATIC,choice2,L33-40,2.156958743929863,2,-4,A,A
round2_to_round1,data/round1/0_Test 2/1_T1_NEU_userturns_STATIC,round1,T0_social_treatment,NEU,0,STATIC,choice2,L55-63,0.6060155497656928,2,-4,A,A
round2_to_round1,data/round1/0_Test 2/1_T1_NEU_userturns_STATIC,round1,T0_social_treatment,NEU,0,STATIC,choice2,L70-79,2.4905949592590333,2,-4,A,A
round2_to_round1,data/round1/0_Test 2/1_T1_NEU_userturns_STATIC,round1,T0_social_treatment,NEU,0,STATIC,choice2,L9-13,-5.453444862365723,2,-4,A,A
round2_to_round1,data/round1/0_Test 2/1_T1_NEU_userturns_STATIC,round1,T0_social_treatment,NEU,0,STATIC,manip1,L20-32,9.60754024065458,2,-4,A,A
round2_to_round1,data/round1/0_Test 2/1_T1_NEU_userturns_STATIC,round1,T0_social_treatment,NEU,0,STATIC,manip1,L33-40,6.8006691634655,2,-4,A,A
round2_to_round1,data/round1/0_Test 2/1_T1_NEU_userturns_STATIC,round1,T0_social_treatment,NEU,0,STATIC,manip1,L55-63,2.3004619810316296,2,-4,A,A
round2_to_round1,data/round1/0_Test 2/1_T1_NEU_userturns_STATIC,round1,T0_social_treatment,NEU,0,STATIC,manip1,L70-79,0.23573922067880632,2,-4,A,A
round2_to_round1,data/round1/0_Test 2/1_T1_NEU_userturns_STATIC,round1,T0_social_treatment,NEU,0,STATIC,manip1,L9-13,10.96805419921875,2,-4,A,A
round2_to_round1,data/round1/0_Test 2/1_T1_NEU_userturns_STATIC,round1,T0_social_treatment,NEU,0,STATIC,manip2,L20-32,13.231487567608173,2,-4,A,A
round2_to_round1,data/round1/0_Test 2/1_T1_NEU_userturns_STATIC,round1,T0_social_treatment,NEU,0,STATIC,manip2,L33-40,4.841197684407234,2,-4,A,A
round2_to_round1,data/round1/0_Test 2/1_T1_NEU_userturns_STATIC,round1,T0_social_treatment,NEU,0,STATIC,manip2,L55-63,-2.3274039957258434,2,-4,A,A
round2_to_round1,data/round1/0_Test 2/1_T1_NEU_userturns_STATIC,round1,T0_social_treatment,NEU,0,STATIC,manip2,L70-79,-3.1471923112869264,2,-4,A,A
round2_to_round1,data/round1/0_Test 2/1_T1_NEU_userturns_STATIC,round1,T0_social_treatment,NEU,0,STATIC,manip2,L9-13,10.28096981048584,2,-4,A,A
round2_to_round1,data/round1/0_Test 2/1_T1_NEU_userturns_STATIC,round1,T0_social_treatment,NEU,0,STATIC,report,L20-32,-13.042342185974121,2,-4,A,A
round2_to_round1,data/round1/0_Test 2/1_T1_NEU_userturns_STATIC,round1,T0_social_treatment,NEU,0,STATIC,report,L33-40,-7.073835372924805,2,-4,A,A
round2_to_round1,data/round1/0_Test 2/1_T1_NEU_userturns_STATIC,round1,T0_social_treatment,NEU,0,STATIC,report,L55-63,-3.9181367556254068,2,-4,A,A
round2_to_round1,data/round1/0_Test 2/1_T1_NEU_userturns_STATIC,round1,T0_social_treatment,NEU,0,STATIC,report,L70-79,-4.440851521492005,2,-4,A,A
round2_to_round1,data/round1/0_Test 2/1_T1_NEU_userturns_STATIC,round1,T0_social_treatment,NEU,0,STATIC,report,L9-13,-16.582624435424805,2,-4,A,A
round2_to_round1,data/round1/0_Test 2/1_T1_NEU_userturns_SWARM,round1,T0_social_treatment,NEU,0,SWARM,choice1,L20-32,-0.570147672524819,4,5,A,A
round2_to_round1,data/round1/0_Test 2/1_T1_NEU_userturns_SWARM,round1,T0_social_treatment,NEU,0,SWARM,choice1,L33-40,2.390067271888256,4,5,A,A
round2_to_round1,data/round1/0_Test 2/1_T1_NEU_userturns_SWARM,round1,T0_social_treatment,NEU,0,SWARM,choice1,L55-63,7.788450982835558,4,5,A,A
round2_to_round1,data/round1/0_Test 2/1_T1_NEU_userturns_SWARM,round1,T0_social_treatment,NEU,0,SWARM,choice1,L70-79,8.486922264099121,4,5,A,A
round2_to_round1,data/round1/0_Test 2/1_T1_NEU_userturns_SWARM,round1,T0_social_treatment,NEU,0,SWARM,choice1,L9-13,0.15967692136764527,4,5,A,A
round2_to_round1,data/round1/0_Test 2/1_T1_NEU_userturns_SWARM,round1,T0_social_treatment,NEU,0,SWARM,choice2,L20-32,0.5795289461429303,4,5,A,A
round2_to_round1,data/round1/0_Test 2/1_T1_NEU_userturns_SWARM,round1,T0_social_treatment,NEU,0,SWARM,choice2,L33-40,4.505273818969727,4,5,A,A
round2_to_round1,data/round1/0_Test 2/1_T1_NEU_userturns_SWARM,round1,T0_social_treatment,NEU,0,SWARM,choice2,L55-63,3.387914525138007,4,5,A,A
round2_to_round1,data/round1/0_Test 2/1_T1_NEU_userturns_SWARM,round1,T0_social_treatment,NEU,0,SWARM,choice2,L70-79,5.387263631820678,4,5,A,A
round2_to_round1,data/round1/0_Test 2/1_T1_NEU_userturns_SWARM,round1,T0_social_treatment,NEU,0,SWARM,choice2,L9-13,-3.5479862213134767,4,5,A,A
round2_to_round1,data/round1/0_Test 2/1_T1_NEU_userturns_SWARM,round1,T0_social_treatment,NEU,0,SWARM,manip1,L20-32,9.599363987262432,4,5,A,A
round2_to_round1,data/round1/0_Test 2/1_T1_NEU_userturns_SWARM,round1,T0_social_treatment,NEU,0,SWARM,manip1,L33-40,9.977446377277374,4,5,A,A
round2_to_round1,data/round1/0_Test 2/1_T1_NEU_userturns_SWARM,round1,T0_social_treatment,NEU,0,SWARM,manip1,L55-63,8.445094214545357,4,5,A,A
round2_to_round1,data/round1/0_Test 2/1_T1_NEU_userturns_SWARM,round1,T0_social_treatment,NEU,0,SWARM,manip1,L70-79,8.995893383026123,4,5,A,A
round2_to_round1,data/round1/0_Test 2/1_T1_NEU_userturns_SWARM,round1,T0_social_treatment,NEU,0,SWARM,manip1,L9-13,10.798699951171875,4,5,A,A
round2_to_round1,data/round1/0_Test 2/1_T1_NEU_userturns_SWARM,round1,T0_social_treatment,NEU,0,SWARM,manip2,L20-32,9.843757666074312,4,5,A,A
round2_to_round1,data/round1/0_Test 2/1_T1_NEU_userturns_SWARM,round1,T0_social_treatment,NEU,0,SWARM,manip2,L33-40,8.144259452819824,4,5,A,A
round2_to_round1,data/round1/0_Test 2/1_T1_NEU_userturns_SWARM,round1,T0_social_treatment,NEU,0,SWARM,manip2,L55-63,5.91355758243137,4,5,A,A
round2_to_round1,data/round1/0_Test 2/1_T1_NEU_userturns_SWARM,round1,T0_social_treatment,NEU,0,SWARM,manip2,L70-79,8.757544422149659,4,5,A,A
round2_to_round1,data/round1/0_Test 2/1_T1_NEU_userturns_SWARM,round1,T0_social_treatment,NEU,0,SWARM,manip2,L9-13,17.5537317276001,4,5,A,A
round2_to_round1,data/round1/0_Test 2/1_T1_NEU_userturns_SWARM,round1,T0_social_treatment,NEU,0,SWARM,report,L20-32,-13.288851737976074,4,5,A,A
round2_to_round1,data/round1/0_Test 2/1_T1_NEU_userturns_SWARM,round1,T0_social_treatment,NEU,0,SWARM,report,L33-40,-5.904694050550461,4,5,A,A
round2_to_round1,data/round1/0_Test 2/1_T1_NEU_userturns_SWARM,round1,T0_social_treatment,NEU,0,SWARM,report,L55-63,-3.1336330572764077,4,5,A,A
round2_to_round1,data/round1/0_Test 2/1_T1_NEU_userturns_SWARM,round1,T0_social_treatment,NEU,0,SWARM,report,L70-79,-3.694974589347839,4,5,A,A
round2_to_round1,data/round1/0_Test 2/1_T1_NEU_userturns_SWARM,round1,T0_social_treatment,NEU,0,SWARM,report,L9-13,-16.647378349304198,4,5,A,A
round2_to_round1,data/round1/0_Test 2/2_T1_POS_userturns_BASELINE,round1,T0_social_treatment,POS,1,BASELINE,choice1,L20-32,-0.9207876576827123,2,5,A,A
round2_to_round1,data/round1/0_Test 2/2_T1_POS_userturns_BASELINE,round1,T0_social_treatment,POS,1,BASELINE,choice1,L33-40,3.1508611142635345,2,5,A,A
round2_to_round1,data/round1/0_Test 2/2_T1_POS_userturns_BASELINE,round1,T0_social_treatment,POS,1,BASELINE,choice1,L55-63,8.265743944380018,2,5,A,A
round2_to_round1,data/round1/0_Test 2/2_T1_POS_userturns_BASELINE,round1,T0_social_treatment,POS,1,BASELINE,choice1,L70-79,8.292860984802246,2,5,A,A
round2_to_round1,data/round1/0_Test 2/2_T1_POS_userturns_BASELINE,round1,T0_social_treatment,POS,1,BASELINE,choice1,L9-13,3.494318425655365,2,5,A,A
round2_to_round1,data/round1/0_Test 2/2_T1_POS_userturns_BASELINE,round1,T0_social_treatment,POS,1,BASELINE,choice2,L20-32,-0.12040373453727135,2,5,A,A
round2_to_round1,data/round1/0_Test 2/2_T1_POS_userturns_BASELINE,round1,T0_social_treatment,POS,1,BASELINE,choice2,L33-40,3.07212033867836,2,5,A,A
round2_to_round1,data/round1/0_Test 2/2_T1_POS_userturns_BASELINE,round1,T0_social_treatment,POS,1,BASELINE,choice2,L55-63,2.3170260853237576,2,5,A,A
round2_to_round1,data/round1/0_Test 2/2_T1_POS_userturns_BASELINE,round1,T0_social_treatment,POS,1,BASELINE,choice2,L70-79,4.116776061058045,2,5,A,A
round2_to_round1,data/round1/0_Test 2/2_T1_POS_userturns_BASELINE,round1,T0_social_treatment,POS,1,BASELINE,choice2,L9-13,-3.9396059989929197,2,5,A,A
round2_to_round1,data/round1/0_Test 2/2_T1_POS_userturns_BASELINE,round1,T0_social_treatment,POS,1,BASELINE,manip1,L20-32,37.48840376046988,2,5,A,A
round2_to_round1,data/round1/0_Test 2/2_T1_POS_userturns_BASELINE,round1,T0_social_treatment,POS,1,BASELINE,manip1,L33-40,21.581565380096436,2,5,A,A
round2_to_round1,data/round1/0_Test 2/2_T1_POS_userturns_BASELINE,round1,T0_social_treatment,POS,1,BASELINE,manip1,L55-63,16.81868659125434,2,5,A,A
round2_to_round1,data/round1/0_Test 2/2_T1_POS_userturns_BASELINE,round1,T0_social_treatment,POS,1,BASELINE,manip1,L70-79,15.16721420288086,2,5,A,A
round2_to_round1,data/round1/0_Test 2/2_T1_POS_userturns_BASELINE,round1,T0_social_treatment,POS,1,BASELINE,manip1,L9-13,19.46363410949707,2,5,A,A
round2_to_round1,data/round1/0_Test 2/2_T1_POS_userturns_BASELINE,round1,T0_social_treatment,POS,1,BASELINE,manip2,L20-32,44.30130474384014,2,5,A,A
round2_to_round1,data/round1/0_Test 2/2_T1_POS_userturns_BASELINE,round1,T0_social_treatment,POS,1,BASELINE,manip2,L33-40,27.66355872154236,2,5,A,A
round2_to_round1,data/round1/0_Test 2/2_T1_POS_userturns_BASELINE,round1,T0_social_treatment,POS,1,BASELINE,manip2,L55-63,24.955168194240994,2,5,A,A
round2_to_round1,data/round1/0_Test 2/2_T1_POS_userturns_BASELINE,round1,T0_social_treatment,POS,1,BASELINE,manip2,L70-79,19.173440361022948,2,5,A,A
round2_to_round1,data/round1/0_Test 2/2_T1_POS_userturns_BASELINE,round1,T0_social_treatment,POS,1,BASELINE,manip2,L9-13,29.733654403686522,2,5,A,A
round2_to_round1,data/round1/0_Test 2/2_T1_POS_userturns_BASELINE,round1,T0_social_treatment,POS,1,BASELINE,report,L20-32,-15.19909433218149,2,5,A,A
round2_to_round1,data/round1/0_Test 2/2_T1_POS_userturns_BASELINE,round1,T0_social_treatment,POS,1,BASELINE,report,L33-40,-8.472619533538818,2,5,A,A
round2_to_round1,data/round1/0_Test 2/2_T1_POS_userturns_BASELINE,round1,T0_social_treatment,POS,1,BASELINE,report,L55-63,-5.184257401360406,2,5,A,A
round2_to_round1,data/round1/0_Test 2/2_T1_POS_userturns_BASELINE,round1,T0_social_treatment,POS,1,BASELINE,report,L70-79,-5.845503187179565,2,5,A,A
round2_to_round1,data/round1/0_Test 2/2_T1_POS_userturns_BASELINE,round1,T0_social_treatment,POS,1,BASELINE,report,L9-13,-16.52166881561279,2,5,A,A
round2_to_round1,data/round1/0_Test 2/2_T1_POS_userturns_SOL,round1,T0_social_treatment,POS,1,SOL,choice1,L20-32,4.464721056131216,3,5,A,A
round2_to_round1,data/round1/0_Test 2/2_T1_POS_userturns_SOL,round1,T0_social_treatment,POS,1,SOL,choice1,L33-40,6.396852791309357,3,5,A,A
round2_to_round1,data/round1/0_Test 2/2_T1_POS_userturns_SOL,round1,T0_social_treatment,POS,1,SOL,choice1,L55-63,10.674006568060982,3,5,A,A
round2_to_round1,data/round1/0_Test 2/2_T1_POS_userturns_SOL,round1,T0_social_treatment,POS,1,SOL,choice1,L70-79,10.486413860321045,3,5,A,A
round2_to_round1,data/round1/0_Test 2/2_T1_POS_userturns_SOL,round1,T0_social_treatment,POS,1,SOL,choice1,L9-13,4.2963357925415036,3,5,A,A
round2_to_round1,data/round1/0_Test 2/2_T1_POS_userturns_SOL,round1,T0_social_treatment,POS,1,SOL,choice2,L20-32,2.7415203085312476,3,5,A,A
round2_to_round1,data/round1/0_Test 2/2_T1_POS_userturns_SOL,round1,T0_social_treatment,POS,1,SOL,choice2,L33-40,5.3565786480903625,3,5,A,A
round2_to_round1,data/round1/0_Test 2/2_T1_POS_userturns_SOL,round1,T0_social_treatment,POS,1,SOL,choice2,L55-63,3.477414263619317,3,5,A,A
round2_to_round1,data/round1/0_Test 2/2_T1_POS_userturns_SOL,round1,T0_social_treatment,POS,1,SOL,choice2,L70-79,5.4941182136535645,3,5,A,A
round2_to_round1,data/round1/0_Test 2/2_T1_POS_userturns_SOL,round1,T0_social_treatment,POS,1,SOL,choice2,L9-13,-3.129377031326294,3,5,A,A
round2_to_round1,data/round1/0_Test 2/2_T1_POS_userturns_SOL,round1,T0_social_treatment,POS,1,SOL,manip1,L20-32,42.01897459763747,3,5,A,A
round2_to_round1,data/round1/0_Test 2/2_T1_POS_userturns_SOL,round1,T0_social_treatment,POS,1,SOL,manip1,L33-40,32.80190443992615,3,5,A,A
round2_to_round1,data/round1/0_Test 2/2_T1_POS_userturns_SOL,round1,T0_social_treatment,POS,1,SOL,manip1,L55-63,35.463920169406464,3,5,A,A
round2_to_round1,data/round1/0_Test 2/2_T1_POS_userturns_SOL,round1,T0_social_treatment,POS,1,SOL,manip1,L70-79,28.854279708862304,3,5,A,A
round2_to_round1,data/round1/0_Test 2/2_T1_POS_userturns_SOL,round1,T0_social_treatment,POS,1,SOL,manip1,L9-13,20.51589431762695,3,5,A,A
round2_to_round1,data/round1/0_Test 2/2_T1_POS_userturns_SOL,round1,T0_social_treatment,POS,1,SOL,manip2,L20-32,51.31915958111103,3,5,A,A
round2_to_round1,data/round1/0_Test 2/2_T1_POS_userturns_SOL,round1,T0_social_treatment,POS,1,SOL,manip2,L33-40,37.77986431121826,3,5,A,A
round2_to_round1,data/round1/0_Test 2/2_T1_POS_userturns_SOL,round1,T0_social_treatment,POS,1,SOL,manip2,L55-63,37.833255767822266,3,5,A,A
round2_to_round1,data/round1/0_Test 2/2_T1_POS_userturns_SOL,round1,T0_social_treatment,POS,1,SOL,manip2,L70-79,30.34241638183594,3,5,A,A
round2_to_round1,data/round1/0_Test 2/2_T1_POS_userturns_SOL,round1,T0_social_treatment,POS,1,SOL,manip2,L9-13,33.74432907104492,3,5,A,A
round2_to_round1,data/round1/0_Test 2/2_T1_POS_userturns_SOL,round1,T0_social_treatment,POS,1,SOL,report,L20-32,-12.446710879986103,3,5,A,A
round2_to_round1,data/round1/0_Test 2/2_T1_POS_userturns_SOL,round1,T0_social_treatment,POS,1,SOL,report,L33-40,-4.8955455385148525,3,5,A,A
round2_to_round1,data/round1/0_Test 2/2_T1_POS_userturns_SOL,round1,T0_social_treatment,POS,1,SOL,report,L55-63,-1.7853304147720337,3,5,A,A
round2_to_round1,data/round1/0_Test 2/2_T1_POS_userturns_SOL,round1,T0_social_treatment,POS,1,SOL,report,L70-79,-2.8493461132049562,3,5,A,A
round2_to_round1,data/round1/0_Test 2/2_T1_POS_userturns_SOL,round1,T0_social_treatment,POS,1,SOL,report,L9-13,-15.567695808410644,3,5,A,A
round2_to_round1,data/round1/0_Test 2/2_T1_POS_userturns_STATIC,round1,T0_social_treatment,POS,1,STATIC,choice1,L20-32,4.300264982076792,2,4,A,A
round2_to_round1,data/round1/0_Test 2/2_T1_POS_userturns_STATIC,round1,T0_social_treatment,POS,1,STATIC,choice1,L33-40,0.24023157358169556,2,4,A,A
round2_to_round1,data/round1/0_Test 2/2_T1_POS_userturns_STATIC,round1,T0_social_treatment,POS,1,STATIC,choice1,L55-63,1.9508590433332655,2,4,A,A
round2_to_round1,data/round1/0_Test 2/2_T1_POS_userturns_STATIC,round1,T0_social_treatment,POS,1,STATIC,choice1,L70-79,2.3131112694740295,2,4,A,A
round2_to_round1,data/round1/0_Test 2/2_T1_POS_userturns_STATIC,round1,T0_social_treatment,POS,1,STATIC,choice1,L9-13,2.6952421188354494,2,4,A,A
round2_to_round1,data/round1/0_Test 2/2_T1_POS_userturns_STATIC,round1,T0_social_treatment,POS,1,STATIC,choice2,L20-32,2.04905622280561,2,4,A,A
round2_to_round1,data/round1/0_Test 2/2_T1_POS_userturns_STATIC,round1,T0_social_treatment,POS,1,STATIC,choice2,L33-40,4.432380825281143,2,4,A,A
round2_to_round1,data/round1/0_Test 2/2_T1_POS_userturns_STATIC,round1,T0_social_treatment,POS,1,STATIC,choice2,L55-63,2.8412934409247503,2,4,A,A
round2_to_round1,data/round1/0_Test 2/2_T1_POS_userturns_STATIC,round1,T0_social_treatment,POS,1,STATIC,choice2,L70-79,5.0526710748672485,2,4,A,A
round2_to_round1,data/round1/0_Test 2/2_T1_POS_userturns_STATIC,round1,T0_social_treatment,POS,1,STATIC,choice2,L9-13,-3.259812831878662,2,4,A,A
round2_to_round1,data/round1/0_Test 2/2_T1_POS_userturns_STATIC,round1,T0_social_treatment,POS,1,STATIC,manip1,L20-32,38.30486620389498,2,4,A,A
round2_to_round1,data/round1/0_Test 2/2_T1_POS_userturns_STATIC,round1,T0_social_treatment,POS,1,STATIC,manip1,L33-40,22.91917848587036,2,4,A,A
round2_to_round1,data/round1/0_Test 2/2_T1_POS_userturns_STATIC,round1,T0_social_treatment,POS,1,STATIC,manip1,L55-63,15.373505486382378,2,4,A,A
round2_to_round1,data/round1/0_Test 2/2_T1_POS_userturns_STATIC,round1,T0_social_treatment,POS,1,STATIC,manip1,L70-79,11.265505361557008,2,4,A,A
round2_to_round1,data/round1/0_Test 2/2_T1_POS_userturns_STATIC,round1,T0_social_treatment,POS,1,STATIC,manip1,L9-13,22.348429107666014,2,4,A,A
round2_to_round1,data/round1/0_Test 2/2_T1_POS_userturns_STATIC,round1,T0_social_treatment,POS,1,STATIC,manip2,L20-32,44.03342760526217,2,4,A,A
round2_to_round1,data/round1/0_Test 2/2_T1_POS_userturns_STATIC,round1,T0_social_treatment,POS,1,STATIC,manip2,L33-40,22.396403312683105,2,4,A,A
round2_to_round1,data/round1/0_Test 2/2_T1_POS_userturns_STATIC,round1,T0_social_treatment,POS,1,STATIC,manip2,L55-63,12.044007619222006,2,4,A,A
round2_to_round1,data/round1/0_Test 2/2_T1_POS_userturns_STATIC,round1,T0_social_treatment,POS,1,STATIC,manip2,L70-79,7.544039726257324,2,4,A,A
round2_to_round1,data/round1/0_Test 2/2_T1_POS_userturns_STATIC,round1,T0_social_treatment,POS,1,STATIC,manip2,L9-13,33.25665550231933,2,4,A,A
round2_to_round1,data/round1/0_Test 2/2_T1_POS_userturns_STATIC,round1,T0_social_treatment,POS,1,STATIC,report,L20-32,-12.389320813692533,2,4,A,A
round2_to_round1,data/round1/0_Test 2/2_T1_POS_userturns_STATIC,round1,T0_social_treatment,POS,1,STATIC,report,L33-40,-6.628551155328751,2,4,A,A
round2_to_round1,data/round1/0_Test 2/2_T1_POS_userturns_STATIC,round1,T0_social_treatment,POS,1,STATIC,report,L55-63,-3.247093756993612,2,4,A,A
round2_to_round1,data/round1/0_Test 2/2_T1_POS_userturns_STATIC,round1,T0_social_treatment,POS,1,STATIC,report,L70-79,-3.9958890199661257,2,4,A,A
round2_to_round1,data/round1/0_Test 2/2_T1_POS_userturns_STATIC,round1,T0_social_treatment,POS,1,STATIC,report,L9-13,-16.224462509155273,2,4,A,A
round2_to_round1,data/round1/0_Test 2/2_T1_POS_userturns_SWARM,round1,T0_social_treatment,POS,1,SWARM,choice1,L20-32,3.2962851249254665,3,5,A,A
round2_to_round1,data/round1/0_Test 2/2_T1_POS_userturns_SWARM,round1,T0_social_treatment,POS,1,SWARM,choice1,L33-40,4.772488385438919,3,5,A,A
round2_to_round1,data/round1/0_Test 2/2_T1_POS_userturns_SWARM,round1,T0_social_treatment,POS,1,SWARM,choice1,L55-63,9.61037900712755,3,5,A,A
round2_to_round1,data/round1/0_Test 2/2_T1_POS_userturns_SWARM,round1,T0_social_treatment,POS,1,SWARM,choice1,L70-79,9.634222793579102,3,5,A,A
round2_to_round1,data/round1/0_Test 2/2_T1_POS_userturns_SWARM,round1,T0_social_treatment,POS,1,SWARM,choice1,L9-13,2.7826713919639587,3,5,A,A
round2_to_round1,data/round1/0_Test 2/2_T1_POS_userturns_SWARM,round1,T0_social_treatment,POS,1,SWARM,choice2,L20-32,2.054671974136279,3,5,A,A
round2_to_round1,data/round1/0_Test 2/2_T1_POS_userturns_SWARM,round1,T0_social_treatment,POS,1,SWARM,choice2,L33-40,5.12976735830307,3,5,A,A
round2_to_round1,data/round1/0_Test 2/2_T1_POS_userturns_SWARM,round1,T0_social_treatment,POS,1,SWARM,choice2,L55-63,3.666309568617079,3,5,A,A
round2_to_round1,data/round1/0_Test 2/2_T1_POS_userturns_SWARM,round1,T0_social_treatment,POS,1,SWARM,choice2,L70-79,5.681993293762207,3,5,A,A
round2_to_round1,data/round1/0_Test 2/2_T1_POS_userturns_SWARM,round1,T0_social_treatment,POS,1,SWARM,choice2,L9-13,-2.8434757709503176,3,5,A,A
round2_to_round1,data/round1/0_Test 2/2_T1_POS_userturns_SWARM,round1,T0_social_treatment,POS,1,SWARM,manip1,L20-32,38.4323128920335,3,5,A,A
round2_to_round1,data/round1/0_Test 2/2_T1_POS_userturns_SWARM,round1,T0_social_treatment,POS,1,SWARM,manip1,L33-40,22.240240812301636,3,5,A,A
round2_to_round1,data/round1/0_Test 2/2_T1_POS_userturns_SWARM,round1,T0_social_treatment,POS,1,SWARM,manip1,L55-63,22.298480563693577,3,5,A,A
round2_to_round1,data/round1/0_Test 2/2_T1_POS_userturns_SWARM,round1,T0_social_treatment,POS,1,SWARM,manip1,L70-79,18.37292346954346,3,5,A,A
round2_to_round1,data/round1/0_Test 2/2_T1_POS_userturns_SWARM,round1,T0_social_treatment,POS,1,SWARM,manip1,L9-13,21.181747817993163,3,5,A,A
round2_to_round1,data/round1/0_Test 2/2_T1_POS_userturns_SWARM,round1,T0_social_treatment,POS,1,SWARM,manip2,L20-32,44.749119391808144,3,5,A,A
round2_to_round1,data/round1/0_Test 2/2_T1_POS_userturns_SWARM,round1,T0_social_treatment,POS,1,SWARM,manip2,L33-40,28.243860483169556,3,5,A,A
round2_to_round1,data/round1/0_Test 2/2_T1_POS_userturns_SWARM,round1,T0_social_treatment,POS,1,SWARM,manip2,L55-63,27.98077180650499,3,5,A,A
round2_to_round1,data/round1/0_Test 2/2_T1_POS_userturns_SWARM,round1,T0_social_treatment,POS,1,SWARM,manip2,L70-79,21.452441215515137,3,5,A,A
round2_to_round1,data/round1/0_Test 2/2_T1_POS_userturns_SWARM,round1,T0_social_treatment,POS,1,SWARM,manip2,L9-13,30.191720962524414,3,5,A,A
round2_to_round1,data/round1/0_Test 2/2_T1_POS_userturns_SWARM,round1,T0_social_treatment,POS,1,SWARM,report,L20-32,-12.91152132474459,3,5,A,A
round2_to_round1,data/round1/0_Test 2/2_T1_POS_userturns_SWARM,round1,T0_social_treatment,POS,1,SWARM,report,L33-40,-5.324051961302757,3,5,A,A
round2_to_round1,data/round1/0_Test 2/2_T1_POS_userturns_SWARM,round1,T0_social_treatment,POS,1,SWARM,report,L55-63,-2.3541336059570312,3,5,A,A
round2_to_round1,data/round1/0_Test 2/2_T1_POS_userturns_SWARM,round1,T0_social_treatment,POS,1,SWARM,report,L70-79,-3.2899168014526365,3,5,A,A
round2_to_round1,data/round1/0_Test 2/2_T1_POS_userturns_SWARM,round1,T0_social_treatment,POS,1,SWARM,report,L9-13,-15.960101127624512,3,5,A,A
round2_to_round1,data/round1/1_Test/Test1_NEG_userturns_BASELINE,round1,T1_task_valence,NEG,-1,BASELINE,choice1,L20-32,-8.7873008617988,0,0,B,A
round2_to_round1,data/round1/1_Test/Test1_NEG_userturns_BASELINE,round1,T1_task_valence,NEG,-1,BASELINE,choice1,L33-40,-16.955333948135376,0,0,B,A
round2_to_round1,data/round1/1_Test/Test1_NEG_userturns_BASELINE,round1,T1_task_valence,NEG,-1,BASELINE,choice1,L55-63,-14.833058887057835,0,0,B,A
round2_to_round1,data/round1/1_Test/Test1_NEG_userturns_BASELINE,round1,T1_task_valence,NEG,-1,BASELINE,choice1,L70-79,-14.279956722259522,0,0,B,A
round2_to_round1,data/round1/1_Test/Test1_NEG_userturns_BASELINE,round1,T1_task_valence,NEG,-1,BASELINE,choice1,L9-13,-1.9068139314651489,0,0,B,A
round2_to_round1,data/round1/1_Test/Test1_NEG_userturns_BASELINE,round1,T1_task_valence,NEG,-1,BASELINE,choice2,L20-32,-4.5302692376650295,0,0,B,A
round2_to_round1,data/round1/1_Test/Test1_NEG_userturns_BASELINE,round1,T1_task_valence,NEG,-1,BASELINE,choice2,L33-40,-4.778555124998093,0,0,B,A
round2_to_round1,data/round1/1_Test/Test1_NEG_userturns_BASELINE,round1,T1_task_valence,NEG,-1,BASELINE,choice2,L55-63,-2.5977018939124212,0,0,B,A
round2_to_round1,data/round1/1_Test/Test1_NEG_userturns_BASELINE,round1,T1_task_valence,NEG,-1,BASELINE,choice2,L70-79,-1.0403963685035706,0,0,B,A
round2_to_round1,data/round1/1_Test/Test1_NEG_userturns_BASELINE,round1,T1_task_valence,NEG,-1,BASELINE,choice2,L9-13,-8.277348899841309,0,0,B,A
round2_to_round1,data/round1/1_Test/Test1_NEG_userturns_BASELINE,round1,T1_task_valence,NEG,-1,BASELINE,manip1,L20-32,-37.35776314368615,0,0,B,A
round2_to_round1,data/round1/1_Test/Test1_NEG_userturns_BASELINE,round1,T1_task_valence,NEG,-1,BASELINE,manip1,L33-40,-31.620160818099976,0,0,B,A
round2_to_round1,data/round1/1_Test/Test1_NEG_userturns_BASELINE,round1,T1_task_valence,NEG,-1,BASELINE,manip1,L55-63,-39.420872158474396,0,0,B,A
round2_to_round1,data/round1/1_Test/Test1_NEG_userturns_BASELINE,round1,T1_task_valence,NEG,-1,BASELINE,manip1,L70-79,-43.62214241027832,0,0,B,A
round2_to_round1,data/round1/1_Test/Test1_NEG_userturns_BASELINE,round1,T1_task_valence,NEG,-1,BASELINE,manip1,L9-13,-46.45952377319336,0,0,B,A
round2_to_round1,data/round1/1_Test/Test1_NEG_userturns_BASELINE,round1,T1_task_valence,NEG,-1,BASELINE,manip2,L20-32,-5.061260278408344,0,0,B,A
round2_to_round1,data/round1/1_Test/Test1_NEG_userturns_BASELINE,round1,T1_task_valence,NEG,-1,BASELINE,manip2,L33-40,-7.111368358135223,0,0,B,A
round2_to_round1,data/round1/1_Test/Test1_NEG_userturns_BASELINE,round1,T1_task_valence,NEG,-1,BASELINE,manip2,L55-63,-9.695860120985243,0,0,B,A
round2_to_round1,data/round1/1_Test/Test1_NEG_userturns_BASELINE,round1,T1_task_valence,NEG,-1,BASELINE,manip2,L70-79,-11.40298080444336,0,0,B,A
round2_to_round1,data/round1/1_Test/Test1_NEG_userturns_BASELINE,round1,T1_task_valence,NEG,-1,BASELINE,manip2,L9-13,-4.235851240158081,0,0,B,A
round2_to_round1,data/round1/1_Test/Test1_NEG_userturns_BASELINE,round1,T1_task_valence,NEG,-1,BASELINE,report,L20-32,-15.906722949101376,0,0,B,A
round2_to_round1,data/round1/1_Test/Test1_NEG_userturns_BASELINE,round1,T1_task_valence,NEG,-1,BASELINE,report,L33-40,-10.899266004562378,0,0,B,A
round2_to_round1,data/round1/1_Test/Test1_NEG_userturns_BASELINE,round1,T1_task_valence,NEG,-1,BASELINE,report,L55-63,-7.441974480946858,0,0,B,A
round2_to_round1,data/round1/1_Test/Test1_NEG_userturns_BASELINE,round1,T1_task_valence,NEG,-1,BASELINE,report,L70-79,-7.5525134086608885,0,0,B,A
round2_to_round1,data/round1/1_Test/Test1_NEG_userturns_BASELINE,round1,T1_task_valence,NEG,-1,BASELINE,report,L9-13,-18.094568061828614,0,0,B,A
round2_to_round1,data/round1/1_Test/Test1_NEG_userturns_SOL,round1,T1_task_valence,NEG,-1,SOL,choice1,L20-32,-4.507610756617326,0,0,B,A
round2_to_round1,data/round1/1_Test/Test1_NEG_userturns_SOL,round1,T1_task_valence,NEG,-1,SOL,choice1,L33-40,-13.738732933998108,0,0,B,A
round2_to_round1,data/round1/1_Test/Test1_NEG_userturns_SOL,round1,T1_task_valence,NEG,-1,SOL,choice1,L55-63,-12.863683382670084,0,0,B,A
round2_to_round1,data/round1/1_Test/Test1_NEG_userturns_SOL,round1,T1_task_valence,NEG,-1,SOL,choice1,L70-79,-12.82932538986206,0,0,B,A
round2_to_round1,data/round1/1_Test/Test1_NEG_userturns_SOL,round1,T1_task_valence,NEG,-1,SOL,choice1,L9-13,-0.061032891273498535,0,0,B,A
round2_to_round1,data/round1/1_Test/Test1_NEG_userturns_SOL,round1,T1_task_valence,NEG,-1,SOL,choice2,L20-32,-1.6404248693814645,0,0,B,A
round2_to_round1,data/round1/1_Test/Test1_NEG_userturns_SOL,round1,T1_task_valence,NEG,-1,SOL,choice2,L33-40,-1.4241005452349782,0,0,B,A
round2_to_round1,data/round1/1_Test/Test1_NEG_userturns_SOL,round1,T1_task_valence,NEG,-1,SOL,choice2,L55-63,-0.2437209826376703,0,0,B,A
round2_to_round1,data/round1/1_Test/Test1_NEG_userturns_SOL,round1,T1_task_valence,NEG,-1,SOL,choice2,L70-79,0.8303693056106567,0,0,B,A
round2_to_round1,data/round1/1_Test/Test1_NEG_userturns_SOL,round1,T1_task_valence,NEG,-1,SOL,choice2,L9-13,-7.083507537841797,0,0,B,A
round2_to_round1,data/round1/1_Test/Test1_NEG_userturns_SOL,round1,T1_task_valence,NEG,-1,SOL,manip1,L20-32,-37.07142580472506,0,0,B,A
round2_to_round1,data/round1/1_Test/Test1_NEG_userturns_SOL,round1,T1_task_valence,NEG,-1,SOL,manip1,L33-40,-31.41202664375305,0,0,B,A
round2_to_round1,data/round1/1_Test/Test1_NEG_userturns_SOL,round1,T1_task_valence,NEG,-1,SOL,manip1,L55-63,-38.42034912109375,0,0,B,A
round2_to_round1,data/round1/1_Test/Test1_NEG_userturns_SOL,round1,T1_task_valence,NEG,-1,SOL,manip1,L70-79,-43.23014907836914,0,0,B,A
round2_to_round1,data/round1/1_Test/Test1_NEG_userturns_SOL,round1,T1_task_valence,NEG,-1,SOL,manip1,L9-13,-47.29000549316406,0,0,B,A
round2_to_round1,data/round1/1_Test/Test1_NEG_userturns_SOL,round1,T1_task_valence,NEG,-1,SOL,manip2,L20-32,-1.7143738120794296,0,0,B,A
round2_to_round1,data/round1/1_Test/Test1_NEG_userturns_SOL,round1,T1_task_valence,NEG,-1,SOL,manip2,L33-40,-3.587500788271427,0,0,B,A
round2_to_round1,data/round1/1_Test/Test1_NEG_userturns_SOL,round1,T1_task_valence,NEG,-1,SOL,manip2,L55-63,-5.043823666042751,0,0,B,A
round2_to_round1,data/round1/1_Test/Test1_NEG_userturns_SOL,round1,T1_task_valence,NEG,-1,SOL,manip2,L70-79,-10.89566764831543,0,0,B,A
round2_to_round1,data/round1/1_Test/Test1_NEG_userturns_SOL,round1,T1_task_valence,NEG,-1,SOL,manip2,L9-13,-2.9672757387161255,0,0,B,A
round2_to_round1,data/round1/1_Test/Test1_NEG_userturns_SOL,round1,T1_task_valence,NEG,-1,SOL,report,L20-32,-13.702721962561974,0,0,B,A
round2_to_round1,data/round1/1_Test/Test1_NEG_userturns_SOL,round1,T1_task_valence,NEG,-1,SOL,report,L33-40,-8.01164311170578,0,0,B,A
round2_to_round1,data/round1/1_Test/Test1_NEG_userturns_SOL,round1,T1_task_valence,NEG,-1,SOL,report,L55-63,-3.807032134797838,0,0,B,A
round2_to_round1,data/round1/1_Test/Test1_NEG_userturns_SOL,round1,T1_task_valence,NEG,-1,SOL,report,L70-79,-4.085777544975281,0,0,B,A
round2_to_round1,data/round1/1_Test/Test1_NEG_userturns_SOL,round1,T1_task_valence,NEG,-1,SOL,report,L9-13,-17.421098518371583,0,0,B,A
round2_to_round1,data/round1/1_Test/Test1_NEG_userturns_STATIC,round1,T1_task_valence,NEG,-1,STATIC,choice1,L20-32,-4.33497651723715,2,-5,B,A
round2_to_round1,data/round1/1_Test/Test1_NEG_userturns_STATIC,round1,T1_task_valence,NEG,-1,STATIC,choice1,L33-40,-16.508180856704712,2,-5,B,A
round2_to_round1,data/round1/1_Test/Test1_NEG_userturns_STATIC,round1,T1_task_valence,NEG,-1,STATIC,choice1,L55-63,-17.074344211154514,2,-5,B,A
round2_to_round1,data/round1/1_Test/Test1_NEG_userturns_STATIC,round1,T1_task_valence,NEG,-1,STATIC,choice1,L70-79,-17.13331127166748,2,-5,B,A
round2_to_round1,data/round1/1_Test/Test1_NEG_userturns_STATIC,round1,T1_task_valence,NEG,-1,STATIC,choice1,L9-13,-2.4369709193706512,2,-5,B,A
round2_to_round1,data/round1/1_Test/Test1_NEG_userturns_STATIC,round1,T1_task_valence,NEG,-1,STATIC,choice2,L20-32,-0.6176583468914032,2,-5,B,A
round2_to_round1,data/round1/1_Test/Test1_NEG_userturns_STATIC,round1,T1_task_valence,NEG,-1,STATIC,choice2,L33-40,-0.732841394841671,2,-5,B,A
round2_to_round1,data/round1/1_Test/Test1_NEG_userturns_STATIC,round1,T1_task_valence,NEG,-1,STATIC,choice2,L55-63,1.1200910210609436,2,-5,B,A
round2_to_round1,data/round1/1_Test/Test1_NEG_userturns_STATIC,round1,T1_task_valence,NEG,-1,STATIC,choice2,L70-79,2.370265531539917,2,-5,B,A
round2_to_round1,data/round1/1_Test/Test1_NEG_userturns_STATIC,round1,T1_task_valence,NEG,-1,STATIC,choice2,L9-13,-7.627721309661865,2,-5,B,A
round2_to_round1,data/round1/1_Test/Test1_NEG_userturns_STATIC,round1,T1_task_valence,NEG,-1,STATIC,manip1,L20-32,-35.63187379103441,2,-5,B,A
round2_to_round1,data/round1/1_Test/Test1_NEG_userturns_STATIC,round1,T1_task_valence,NEG,-1,STATIC,manip1,L33-40,-28.630248308181763,2,-5,B,A
round2_to_round1,data/round1/1_Test/Test1_NEG_userturns_STATIC,round1,T1_task_valence,NEG,-1,STATIC,manip1,L55-63,-33.88284216986762,2,-5,B,A
round2_to_round1,data/round1/1_Test/Test1_NEG_userturns_STATIC,round1,T1_task_valence,NEG,-1,STATIC,manip1,L70-79,-39.38999557495117,2,-5,B,A
round2_to_round1,data/round1/1_Test/Test1_NEG_userturns_STATIC,round1,T1_task_valence,NEG,-1,STATIC,manip1,L9-13,-47.42166366577148,2,-5,B,A
round2_to_round1,data/round1/1_Test/Test1_NEG_userturns_STATIC,round1,T1_task_valence,NEG,-1,STATIC,manip2,L20-32,-0.39339447250733006,2,-5,B,A
round2_to_round1,data/round1/1_Test/Test1_NEG_userturns_STATIC,round1,T1_task_valence,NEG,-1,STATIC,manip2,L33-40,-1.3648173213005066,2,-5,B,A
round2_to_round1,data/round1/1_Test/Test1_NEG_userturns_STATIC,round1,T1_task_valence,NEG,-1,STATIC,manip2,L55-63,-5.98038371404012,2,-5,B,A
round2_to_round1,data/round1/1_Test/Test1_NEG_userturns_STATIC,round1,T1_task_valence,NEG,-1,STATIC,manip2,L70-79,-11.111756706237793,2,-5,B,A
round2_to_round1,data/round1/1_Test/Test1_NEG_userturns_STATIC,round1,T1_task_valence,NEG,-1,STATIC,manip2,L9-13,-3.4514245986938477,2,-5,B,A
round2_to_round1,data/round1/1_Test/Test1_NEG_userturns_STATIC,round1,T1_task_valence,NEG,-1,STATIC,report,L20-32,-12.911361107459435,2,-5,B,A
round2_to_round1,data/round1/1_Test/Test1_NEG_userturns_STATIC,round1,T1_task_valence,NEG,-1,STATIC,report,L33-40,-9.276972234249115,2,-5,B,A
round2_to_round1,data/round1/1_Test/Test1_NEG_userturns_STATIC,round1,T1_task_valence,NEG,-1,STATIC,report,L55-63,-5.558672110239665,2,-5,B,A
round2_to_round1,data/round1/1_Test/Test1_NEG_userturns_STATIC,round1,T1_task_valence,NEG,-1,STATIC,report,L70-79,-5.260976982116699,2,-5,B,A
round2_to_round1,data/round1/1_Test/Test1_NEG_userturns_STATIC,round1,T1_task_valence,NEG,-1,STATIC,report,L9-13,-17.93467960357666,2,-5,B,A
round2_to_round1,data/round1/1_Test/Test1_NEG_userturns_SWARM,round1,T1_task_valence,NEG,-1,SWARM,choice1,L20-32,-5.667458570920504,0,4,B,A
round2_to_round1,data/round1/1_Test/Test1_NEG_userturns_SWARM,round1,T1_task_valence,NEG,-1,SWARM,choice1,L33-40,-14.112589001655579,0,4,B,A
round2_to_round1,data/round1/1_Test/Test1_NEG_userturns_SWARM,round1,T1_task_valence,NEG,-1,SWARM,choice1,L55-63,-12.56690459781223,0,4,B,A
round2_to_round1,data/round1/1_Test/Test1_NEG_userturns_SWARM,round1,T1_task_valence,NEG,-1,SWARM,choice1,L70-79,-12.324199771881103,0,4,B,A
round2_to_round1,data/round1/1_Test/Test1_NEG_userturns_SWARM,round1,T1_task_valence,NEG,-1,SWARM,choice1,L9-13,-0.18997836112976074,0,4,B,A
round2_to_round1,data/round1/1_Test/Test1_NEG_userturns_SWARM,round1,T1_task_valence,NEG,-1,SWARM,choice2,L20-32,-2.4885892959741445,0,4,B,A
round2_to_round1,data/round1/1_Test/Test1_NEG_userturns_SWARM,round1,T1_task_valence,NEG,-1,SWARM,choice2,L33-40,-1.3206709679216146,0,4,B,A
round2_to_round1,data/round1/1_Test/Test1_NEG_userturns_SWARM,round1,T1_task_valence,NEG,-1,SWARM,choice2,L55-63,0.14721810817718506,0,4,B,A
round2_to_round1,data/round1/1_Test/Test1_NEG_userturns_SWARM,round1,T1_task_valence,NEG,-1,SWARM,choice2,L70-79,1.0817725256085395,0,4,B,A
round2_to_round1,data/round1/1_Test/Test1_NEG_userturns_SWARM,round1,T1_task_valence,NEG,-1,SWARM,choice2,L9-13,-7.663537693023682,0,4,B,A
round2_to_round1,data/round1/1_Test/Test1_NEG_userturns_SWARM,round1,T1_task_valence,NEG,-1,SWARM,manip1,L20-32,-36.64781276996319,0,4,B,A
round2_to_round1,data/round1/1_Test/Test1_NEG_userturns_SWARM,round1,T1_task_valence,NEG,-1,SWARM,manip1,L33-40,-25.370449781417847,0,4,B,A
round2_to_round1,data/round1/1_Test/Test1_NEG_userturns_SWARM,round1,T1_task_valence,NEG,-1,SWARM,manip1,L55-63,-19.921708424886067,0,4,B,A
round2_to_round1,data/round1/1_Test/Test1_NEG_userturns_SWARM,round1,T1_task_valence,NEG,-1,SWARM,manip1,L70-79,-22.808225440979005,0,4,B,A
round2_to_round1,data/round1/1_Test/Test1_NEG_userturns_SWARM,round1,T1_task_valence,NEG,-1,SWARM,manip1,L9-13,-46.891363525390624,0,4,B,A
round2_to_round1,data/round1/1_Test/Test1_NEG_userturns_SWARM,round1,T1_task_valence,NEG,-1,SWARM,manip2,L20-32,-0.22568756571182838,0,4,B,A
round2_to_round1,data/round1/1_Test/Test1_NEG_userturns_SWARM,round1,T1_task_valence,NEG,-1,SWARM,manip2,L33-40,2.8837817907333374,0,4,B,A
round2_to_round1,data/round1/1_Test/Test1_NEG_userturns_SWARM,round1,T1_task_valence,NEG,-1,SWARM,manip2,L55-63,5.19739654329088,0,4,B,A
round2_to_round1,data/round1/1_Test/Test1_NEG_userturns_SWARM,round1,T1_task_valence,NEG,-1,SWARM,manip2,L70-79,4.146588563919067,0,4,B,A
round2_to_round1,data/round1/1_Test/Test1_NEG_userturns_SWARM,round1,T1_task_valence,NEG,-1,SWARM,manip2,L9-13,-0.9237687110900878,0,4,B,A
round2_to_round1,data/round1/1_Test/Test1_NEG_userturns_SWARM,round1,T1_task_valence,NEG,-1,SWARM,report,L20-32,-13.900617526127743,0,4,B,A
round2_to_round1,data/round1/1_Test/Test1_NEG_userturns_SWARM,round1,T1_task_valence,NEG,-1,SWARM,report,L33-40,-7.478778898715973,0,4,B,A
round2_to_round1,data/round1/1_Test/Test1_NEG_userturns_SWARM,round1,T1_task_valence,NEG,-1,SWARM,report,L55-63,-3.3280701107449002,0,4,B,A
round2_to_round1,data/round1/1_Test/Test1_NEG_userturns_SWARM,round1,T1_task_valence,NEG,-1,SWARM,report,L70-79,-3.7566251516342164,0,4,B,A
round2_to_round1,data/round1/1_Test/Test1_NEG_userturns_SWARM,round1,T1_task_valence,NEG,-1,SWARM,report,L9-13,-17.88149185180664,0,4,B,A
round2_to_round1,data/round1/1_Test/Test1_NEU_userturns_BASELINE,round1,T1_task_valence,NEU,0,BASELINE,choice1,L20-32,-4.3721412145174465,0,0,B,A
round2_to_round1,data/round1/1_Test/Test1_NEU_userturns_BASELINE,round1,T1_task_valence,NEU,0,BASELINE,choice1,L33-40,-10.027127146720886,0,0,B,A
round2_to_round1,data/round1/1_Test/Test1_NEU_userturns_BASELINE,round1,T1_task_valence,NEU,0,BASELINE,choice1,L55-63,-8.736773278978136,0,0,B,A
round2_to_round1,data/round1/1_Test/Test1_NEU_userturns_BASELINE,round1,T1_task_valence,NEU,0,BASELINE,choice1,L70-79,-8.283388805389404,0,0,B,A
round2_to_round1,data/round1/1_Test/Test1_NEU_userturns_BASELINE,round1,T1_task_valence,NEU,0,BASELINE,choice1,L9-13,1.6214258253574372,0,0,B,A
round2_to_round1,data/round1/1_Test/Test1_NEU_userturns_BASELINE,round1,T1_task_valence,NEU,0,BASELINE,choice2,L20-32,-3.8919496536254883,0,0,B,A
round2_to_round1,data/round1/1_Test/Test1_NEU_userturns_BASELINE,round1,T1_task_valence,NEU,0,BASELINE,choice2,L33-40,-8.194928705692291,0,0,B,A
round2_to_round1,data/round1/1_Test/Test1_NEU_userturns_BASELINE,round1,T1_task_valence,NEU,0,BASELINE,choice2,L55-63,-6.7404781977335615,0,0,B,A
round2_to_round1,data/round1/1_Test/Test1_NEU_userturns_BASELINE,round1,T1_task_valence,NEU,0,BASELINE,choice2,L70-79,-3.83605694770813,0,0,B,A
round2_to_round1,data/round1/1_Test/Test1_NEU_userturns_BASELINE,round1,T1_task_valence,NEU,0,BASELINE,choice2,L9-13,-5.747633361816407,0,0,B,A
round2_to_round1,data/round1/1_Test/Test1_NEU_userturns_BASELINE,round1,T1_task_valence,NEU,0,BASELINE,manip1,L20-32,-17.95021291879507,0,0,B,A
round2_to_round1,data/round1/1_Test/Test1_NEU_userturns_BASELINE,round1,T1_task_valence,NEU,0,BASELINE,manip1,L33-40,-10.677988171577454,0,0,B,A
round2_to_round1,data/round1/1_Test/Test1_NEU_userturns_BASELINE,round1,T1_task_valence,NEU,0,BASELINE,manip1,L55-63,-8.655053350660536,0,0,B,A
round2_to_round1,data/round1/1_Test/Test1_NEU_userturns_BASELINE,round1,T1_task_valence,NEU,0,BASELINE,manip1,L70-79,-9.47376594543457,0,0,B,A
round2_to_round1,data/round1/1_Test/Test1_NEU_userturns_BASELINE,round1,T1_task_valence,NEU,0,BASELINE,manip1,L9-13,-23.0775146484375,0,0,B,A
round2_to_round1,data/round1/1_Test/Test1_NEU_userturns_BASELINE,round1,T1_task_valence,NEU,0,BASELINE,manip2,L20-32,2.0072159606676836,0,0,B,A
round2_to_round1,data/round1/1_Test/Test1_NEU_userturns_BASELINE,round1,T1_task_valence,NEU,0,BASELINE,manip2,L33-40,3.011591985821724,0,0,B,A
round2_to_round1,data/round1/1_Test/Test1_NEU_userturns_BASELINE,round1,T1_task_valence,NEU,0,BASELINE,manip2,L55-63,-1.1431695752673678,0,0,B,A
round2_to_round1,data/round1/1_Test/Test1_NEU_userturns_BASELINE,round1,T1_task_valence,NEU,0,BASELINE,manip2,L70-79,0.4289156973361969,0,0,B,A
round2_to_round1,data/round1/1_Test/Test1_NEU_userturns_BASELINE,round1,T1_task_valence,NEU,0,BASELINE,manip2,L9-13,2.476095974445343,0,0,B,A
round2_to_round1,data/round1/1_Test/Test1_NEU_userturns_BASELINE,round1,T1_task_valence,NEU,0,BASELINE,report,L20-32,-15.652305969825157,0,0,B,A
round2_to_round1,data/round1/1_Test/Test1_NEU_userturns_BASELINE,round1,T1_task_valence,NEU,0,BASELINE,report,L33-40,-11.105095505714417,0,0,B,A
round2_to_round1,data/round1/1_Test/Test1_NEU_userturns_BASELINE,round1,T1_task_valence,NEU,0,BASELINE,report,L55-63,-7.750842094421387,0,0,B,A
round2_to_round1,data/round1/1_Test/Test1_NEU_userturns_BASELINE,round1,T1_task_valence,NEU,0,BASELINE,report,L70-79,-7.535862636566162,0,0,B,A
round2_to_round1,data/round1/1_Test/Test1_NEU_userturns_BASELINE,round1,T1_task_valence,NEU,0,BASELINE,report,L9-13,-17.407289123535158,0,0,B,A
round2_to_round1,data/round1/1_Test/Test1_NEU_userturns_SOL,round1,T1_task_valence,NEU,0,SOL,choice1,L20-32,2.9690111852609196,2,5,B,A
round2_to_round1,data/round1/1_Test/Test1_NEU_userturns_SOL,round1,T1_task_valence,NEU,0,SOL,choice1,L33-40,-1.708664707839489,2,5,B,A
round2_to_round1,data/round1/1_Test/Test1_NEU_userturns_SOL,round1,T1_task_valence,NEU,0,SOL,choice1,L55-63,-2.338867571618822,2,5,B,A
round2_to_round1,data/round1/1_Test/Test1_NEU_userturns_SOL,round1,T1_task_valence,NEU,0,SOL,choice1,L70-79,-2.3678558349609373,2,5,B,A
round2_to_round1,data/round1/1_Test/Test1_NEU_userturns_SOL,round1,T1_task_valence,NEU,0,SOL,choice1,L9-13,1.3706472277641297,2,5,B,A
round2_to_round1,data/round1/1_Test/Test1_NEU_userturns_SOL,round1,T1_task_valence,NEU,0,SOL,choice2,L20-32,-0.2516820522455069,2,5,B,A
round2_to_round1,data/round1/1_Test/Test1_NEU_userturns_SOL,round1,T1_task_valence,NEU,0,SOL,choice2,L33-40,-0.20171437412500381,2,5,B,A
round2_to_round1,data/round1/1_Test/Test1_NEU_userturns_SOL,round1,T1_task_valence,NEU,0,SOL,choice2,L55-63,0.45371298326386345,2,5,B,A
round2_to_round1,data/round1/1_Test/Test1_NEU_userturns_SOL,round1,T1_task_valence,NEU,0,SOL,choice2,L70-79,2.07432781457901,2,5,B,A
round2_to_round1,data/round1/1_Test/Test1_NEU_userturns_SOL,round1,T1_task_valence,NEU,0,SOL,choice2,L9-13,-5.684328651428222,2,5,B,A
round2_to_round1,data/round1/1_Test/Test1_NEU_userturns_SOL,round1,T1_task_valence,NEU,0,SOL,manip1,L20-32,-16.842963732205906,2,5,B,A
round2_to_round1,data/round1/1_Test/Test1_NEU_userturns_SOL,round1,T1_task_valence,NEU,0,SOL,manip1,L33-40,-5.67653614282608,2,5,B,A
round2_to_round1,data/round1/1_Test/Test1_NEU_userturns_SOL,round1,T1_task_valence,NEU,0,SOL,manip1,L55-63,-1.8334622250662909,2,5,B,A
round2_to_round1,data/round1/1_Test/Test1_NEU_userturns_SOL,round1,T1_task_valence,NEU,0,SOL,manip1,L70-79,-2.6562524497509004,2,5,B,A
round2_to_round1,data/round1/1_Test/Test1_NEU_userturns_SOL,round1,T1_task_valence,NEU,0,SOL,manip1,L9-13,-23.704653930664062,2,5,B,A
round2_to_round1,data/round1/1_Test/Test1_NEU_userturns_SOL,round1,T1_task_valence,NEU,0,SOL,manip2,L20-32,7.291808165036715,2,5,B,A
round2_to_round1,data/round1/1_Test/Test1_NEU_userturns_SOL,round1,T1_task_valence,NEU,0,SOL,manip2,L33-40,13.82524061203003,2,5,B,A
round2_to_round1,data/round1/1_Test/Test1_NEU_userturns_SOL,round1,T1_task_valence,NEU,0,SOL,manip2,L55-63,12.830487357245552,2,5,B,A
round2_to_round1,data/round1/1_Test/Test1_NEU_userturns_SOL,round1,T1_task_valence,NEU,0,SOL,manip2,L70-79,11.878276443481445,2,5,B,A
round2_to_round1,data/round1/1_Test/Test1_NEU_userturns_SOL,round1,T1_task_valence,NEU,0,SOL,manip2,L9-13,2.428082585334778,2,5,B,A
round2_to_round1,data/round1/1_Test/Test1_NEU_userturns_SOL,round1,T1_task_valence,NEU,0,SOL,report,L20-32,-13.248471039992113,2,5,B,A
round2_to_round1,data/round1/1_Test/Test1_NEU_userturns_SOL,round1,T1_task_valence,NEU,0,SOL,report,L33-40,-6.031871199607849,2,5,B,A
round2_to_round1,data/round1/1_Test/Test1_NEU_userturns_SOL,round1,T1_task_valence,NEU,0,SOL,report,L55-63,-2.1159267028172812,2,5,B,A
round2_to_round1,data/round1/1_Test/Test1_NEU_userturns_SOL,round1,T1_task_valence,NEU,0,SOL,report,L70-79,-2.8072585105895995,2,5,B,A
round2_to_round1,data/round1/1_Test/Test1_NEU_userturns_SOL,round1,T1_task_valence,NEU,0,SOL,report,L9-13,-17.215458488464357,2,5,B,A
round2_to_round1,data/round1/1_Test/Test1_NEU_userturns_STATIC,round1,T1_task_valence,NEU,0,STATIC,choice1,L20-32,2.6989690982378445,2,4,B,A
round2_to_round1,data/round1/1_Test/Test1_NEU_userturns_STATIC,round1,T1_task_valence,NEU,0,STATIC,choice1,L33-40,-4.9096070528030396,2,4,B,A
round2_to_round1,data/round1/1_Test/Test1_NEU_userturns_STATIC,round1,T1_task_valence,NEU,0,STATIC,choice1,L55-63,-6.774415069156223,2,4,B,A
round2_to_round1,data/round1/1_Test/Test1_NEU_userturns_STATIC,round1,T1_task_valence,NEU,0,STATIC,choice1,L70-79,-7.103088402748108,2,4,B,A
round2_to_round1,data/round1/1_Test/Test1_NEU_userturns_STATIC,round1,T1_task_valence,NEU,0,STATIC,choice1,L9-13,-0.42816452980041503,2,4,B,A
round2_to_round1,data/round1/1_Test/Test1_NEU_userturns_STATIC,round1,T1_task_valence,NEU,0,STATIC,choice2,L20-32,-1.01773666877013,2,4,B,A
round2_to_round1,data/round1/1_Test/Test1_NEU_userturns_STATIC,round1,T1_task_valence,NEU,0,STATIC,choice2,L33-40,0.35262892208993435,2,4,B,A
round2_to_round1,data/round1/1_Test/Test1_NEU_userturns_STATIC,round1,T1_task_valence,NEU,0,STATIC,choice2,L55-63,0.8536557422743903,2,4,B,A
round2_to_round1,data/round1/1_Test/Test1_NEU_userturns_STATIC,round1,T1_task_valence,NEU,0,STATIC,choice2,L70-79,2.442020869255066,2,4,B,A
round2_to_round1,data/round1/1_Test/Test1_NEU_userturns_STATIC,round1,T1_task_valence,NEU,0,STATIC,choice2,L9-13,-6.009798145294189,2,4,B,A
round2_to_round1,data/round1/1_Test/Test1_NEU_userturns_STATIC,round1,T1_task_valence,NEU,0,STATIC,manip1,L20-32,-15.697726176335262,2,4,B,A
round2_to_round1,data/round1/1_Test/Test1_NEU_userturns_STATIC,round1,T1_task_valence,NEU,0,STATIC,manip1,L33-40,-7.5933443903923035,2,4,B,A
round2_to_round1,data/round1/1_Test/Test1_NEU_userturns_STATIC,round1,T1_task_valence,NEU,0,STATIC,manip1,L55-63,-10.37804169125027,2,4,B,A
round2_to_round1,data/round1/1_Test/Test1_NEU_userturns_STATIC,round1,T1_task_valence,NEU,0,STATIC,manip1,L70-79,-11.783331298828125,2,4,B,A
round2_to_round1,data/round1/1_Test/Test1_NEU_userturns_STATIC,round1,T1_task_valence,NEU,0,STATIC,manip1,L9-13,-24.046564483642577,2,4,B,A
round2_to_round1,data/round1/1_Test/Test1_NEU_userturns_STATIC,round1,T1_task_valence,NEU,0,STATIC,manip2,L20-32,8.750580861018253,2,4,B,A
round2_to_round1,data/round1/1_Test/Test1_NEU_userturns_STATIC,round1,T1_task_valence,NEU,0,STATIC,manip2,L33-40,6.711866065859795,2,4,B,A
round2_to_round1,data/round1/1_Test/Test1_NEU_userturns_STATIC,round1,T1_task_valence,NEU,0,STATIC,manip2,L55-63,0.10429826378822327,2,4,B,A
round2_to_round1,data/round1/1_Test/Test1_NEU_userturns_STATIC,round1,T1_task_valence,NEU,0,STATIC,manip2,L70-79,-2.72693817615509,2,4,B,A
round2_to_round1,data/round1/1_Test/Test1_NEU_userturns_STATIC,round1,T1_task_valence,NEU,0,STATIC,manip2,L9-13,1.6743773460388183,2,4,B,A
round2_to_round1,data/round1/1_Test/Test1_NEU_userturns_STATIC,round1,T1_task_valence,NEU,0,STATIC,report,L20-32,-12.989703691922701,2,4,B,A
round2_to_round1,data/round1/1_Test/Test1_NEU_userturns_STATIC,round1,T1_task_valence,NEU,0,STATIC,report,L33-40,-7.228891849517822,2,4,B,A
round2_to_round1,data/round1/1_Test/Test1_NEU_userturns_STATIC,round1,T1_task_valence,NEU,0,STATIC,report,L55-63,-3.727128956052992,2,4,B,A
round2_to_round1,data/round1/1_Test/Test1_NEU_userturns_STATIC,round1,T1_task_valence,NEU,0,STATIC,report,L70-79,-3.9830103397369383,2,4,B,A
round2_to_round1,data/round1/1_Test/Test1_NEU_userturns_STATIC,round1,T1_task_valence,NEU,0,STATIC,report,L9-13,-17.19961223602295,2,4,B,A
round2_to_round1,data/round1/1_Test/Test1_NEU_userturns_SWARM,round1,T1_task_valence,NEU,0,SWARM,choice1,L20-32,2.3269596833449144,3,5,B,A
round2_to_round1,data/round1/1_Test/Test1_NEU_userturns_SWARM,round1,T1_task_valence,NEU,0,SWARM,choice1,L33-40,-0.9612735658884048,3,5,B,A
round2_to_round1,data/round1/1_Test/Test1_NEU_userturns_SWARM,round1,T1_task_valence,NEU,0,SWARM,choice1,L55-63,-0.049227590362230934,3,5,B,A
round2_to_round1,data/round1/1_Test/Test1_NEU_userturns_SWARM,round1,T1_task_valence,NEU,0,SWARM,choice1,L70-79,0.14904539287090302,3,5,B,A
round2_to_round1,data/round1/1_Test/Test1_NEU_userturns_SWARM,round1,T1_task_valence,NEU,0,SWARM,choice1,L9-13,1.0460388720035554,3,5,B,A
round2_to_round1,data/round1/1_Test/Test1_NEU_userturns_SWARM,round1,T1_task_valence,NEU,0,SWARM,choice2,L20-32,-1.2221808387682989,3,5,B,A
round2_to_round1,data/round1/1_Test/Test1_NEU_userturns_SWARM,round1,T1_task_valence,NEU,0,SWARM,choice2,L33-40,-1.8574785441160202,3,5,B,A
round2_to_round1,data/round1/1_Test/Test1_NEU_userturns_SWARM,round1,T1_task_valence,NEU,0,SWARM,choice2,L55-63,-1.4765484995312161,3,5,B,A
round2_to_round1,data/round1/1_Test/Test1_NEU_userturns_SWARM,round1,T1_task_valence,NEU,0,SWARM,choice2,L70-79,0.4106435626745224,3,5,B,A
round2_to_round1,data/round1/1_Test/Test1_NEU_userturns_SWARM,round1,T1_task_valence,NEU,0,SWARM,choice2,L9-13,-5.0944616317749025,3,5,B,A
round2_to_round1,data/round1/1_Test/Test1_NEU_userturns_SWARM,round1,T1_task_valence,NEU,0,SWARM,manip1,L20-32,-16.383875846862793,3,5,B,A
round2_to_round1,data/round1/1_Test/Test1_NEU_userturns_SWARM,round1,T1_task_valence,NEU,0,SWARM,manip1,L33-40,-7.10540509223938,3,5,B,A
round2_to_round1,data/round1/1_Test/Test1_NEU_userturns_SWARM,round1,T1_task_valence,NEU,0,SWARM,manip1,L55-63,-2.1636005110210843,3,5,B,A
round2_to_round1,data/round1/1_Test/Test1_NEU_userturns_SWARM,round1,T1_task_valence,NEU,0,SWARM,manip1,L70-79,0.625979346036911,3,5,B,A
round2_to_round1,data/round1/1_Test/Test1_NEU_userturns_SWARM,round1,T1_task_valence,NEU,0,SWARM,manip1,L9-13,-23.057646560668946,3,5,B,A
round2_to_round1,data/round1/1_Test/Test1_NEU_userturns_SWARM,round1,T1_task_valence,NEU,0,SWARM,manip2,L20-32,9.272320894094614,3,5,B,A
round2_to_round1,data/round1/1_Test/Test1_NEU_userturns_SWARM,round1,T1_task_valence,NEU,0,SWARM,manip2,L33-40,12.531814455986023,3,5,B,A
round2_to_round1,data/round1/1_Test/Test1_NEU_userturns_SWARM,round1,T1_task_valence,NEU,0,SWARM,manip2,L55-63,9.743827395968967,3,5,B,A
round2_to_round1,data/round1/1_Test/Test1_NEU_userturns_SWARM,round1,T1_task_valence,NEU,0,SWARM,manip2,L70-79,9.984741306304931,3,5,B,A
round2_to_round1,data/round1/1_Test/Test1_NEU_userturns_SWARM,round1,T1_task_valence,NEU,0,SWARM,manip2,L9-13,3.224251389503479,3,5,B,A
round2_to_round1,data/round1/1_Test/Test1_NEU_userturns_SWARM,round1,T1_task_valence,NEU,0,SWARM,report,L20-32,-13.156325633709248,3,5,B,A
round2_to_round1,data/round1/1_Test/Test1_NEU_userturns_SWARM,round1,T1_task_valence,NEU,0,SWARM,report,L33-40,-6.040380954742432,3,5,B,A
round2_to_round1,data/round1/1_Test/Test1_NEU_userturns_SWARM,round1,T1_task_valence,NEU,0,SWARM,report,L55-63,-2.8544909159342446,3,5,B,A
round2_to_round1,data/round1/1_Test/Test1_NEU_userturns_SWARM,round1,T1_task_valence,NEU,0,SWARM,report,L70-79,-3.2360699653625487,3,5,B,A
round2_to_round1,data/round1/1_Test/Test1_NEU_userturns_SWARM,round1,T1_task_valence,NEU,0,SWARM,report,L9-13,-16.95006904602051,3,5,B,A
round2_to_round1,data/round1/1_Test/Test1_POS_userturns_BASELINE,round1,T1_task_valence,POS,1,BASELINE,choice1,L20-32,-3.7974366912475,0,0,B,A
round2_to_round1,data/round1/1_Test/Test1_POS_userturns_BASELINE,round1,T1_task_valence,POS,1,BASELINE,choice1,L33-40,-5.289937436580658,0,0,B,A
round2_to_round1,data/round1/1_Test/Test1_POS_userturns_BASELINE,round1,T1_task_valence,POS,1,BASELINE,choice1,L55-63,-3.37379879421658,0,0,B,A
round2_to_round1,data/round1/1_Test/Test1_POS_userturns_BASELINE,round1,T1_task_valence,POS,1,BASELINE,choice1,L70-79,-2.8526445627212524,0,0,B,A
round2_to_round1,data/round1/1_Test/Test1_POS_userturns_BASELINE,round1,T1_task_valence,POS,1,BASELINE,choice1,L9-13,3.0285266160964968,0,0,B,A
round2_to_round1,data/round1/1_Test/Test1_POS_userturns_BASELINE,round1,T1_task_valence,POS,1,BASELINE,choice2,L20-32,-3.4280153879752526,0,0,B,A
round2_to_round1,data/round1/1_Test/Test1_POS_userturns_BASELINE,round1,T1_task_valence,POS,1,BASELINE,choice2,L33-40,-4.410365045070648,0,0,B,A
round2_to_round1,data/round1/1_Test/Test1_POS_userturns_BASELINE,round1,T1_task_valence,POS,1,BASELINE,choice2,L55-63,-1.7635506391525269,0,0,B,A
round2_to_round1,data/round1/1_Test/Test1_POS_userturns_BASELINE,round1,T1_task_valence,POS,1,BASELINE,choice2,L70-79,-0.09775070548057556,0,0,B,A
round2_to_round1,data/round1/1_Test/Test1_POS_userturns_BASELINE,round1,T1_task_valence,POS,1,BASELINE,choice2,L9-13,-4.109966850280761,0,0,B,A
round2_to_round1,data/round1/1_Test/Test1_POS_userturns_BASELINE,round1,T1_task_valence,POS,1,BASELINE,manip1,L20-32,21.2130006643442,0,0,B,A
round2_to_round1,data/round1/1_Test/Test1_POS_userturns_BASELINE,round1,T1_task_valence,POS,1,BASELINE,manip1,L33-40,28.224356412887573,0,0,B,A
round2_to_round1,data/round1/1_Test/Test1_POS_userturns_BASELINE,round1,T1_task_valence,POS,1,BASELINE,manip1,L55-63,30.06125005086263,0,0,B,A
round2_to_round1,data/round1/1_Test/Test1_POS_userturns_BASELINE,round1,T1_task_valence,POS,1,BASELINE,manip1,L70-79,33.793307876586915,0,0,B,A
round2_to_round1,data/round1/1_Test/Test1_POS_userturns_BASELINE,round1,T1_task_valence,POS,1,BASELINE,manip1,L9-13,44.56873474121094,0,0,B,A
round2_to_round1,data/round1/1_Test/Test1_POS_userturns_BASELINE,round1,T1_task_valence,POS,1,BASELINE,manip2,L20-32,0.5953727674025756,0,0,B,A
round2_to_round1,data/round1/1_Test/Test1_POS_userturns_BASELINE,round1,T1_task_valence,POS,1,BASELINE,manip2,L33-40,2.936437498778105,0,0,B,A
round2_to_round1,data/round1/1_Test/Test1_POS_userturns_BASELINE,round1,T1_task_valence,POS,1,BASELINE,manip2,L55-63,0.15804353687498304,0,0,B,A
round2_to_round1,data/round1/1_Test/Test1_POS_userturns_BASELINE,round1,T1_task_valence,POS,1,BASELINE,manip2,L70-79,2.8222025752067568,0,0,B,A
round2_to_round1,data/round1/1_Test/Test1_POS_userturns_BASELINE,round1,T1_task_valence,POS,1,BASELINE,manip2,L9-13,12.208540344238282,0,0,B,A
round2_to_round1,data/round1/1_Test/Test1_POS_userturns_BASELINE,round1,T1_task_valence,POS,1,BASELINE,report,L20-32,-15.470860114464394,0,0,B,A
round2_to_round1,data/round1/1_Test/Test1_POS_userturns_BASELINE,round1,T1_task_valence,POS,1,BASELINE,report,L33-40,-10.440678656101227,0,0,B,A
round2_to_round1,data/round1/1_Test/Test1_POS_userturns_BASELINE,round1,T1_task_valence,POS,1,BASELINE,report,L55-63,-7.017676777309841,0,0,B,A
round2_to_round1,data/round1/1_Test/Test1_POS_userturns_BASELINE,round1,T1_task_valence,POS,1,BASELINE,report,L70-79,-7.129005432128906,0,0,B,A
round2_to_round1,data/round1/1_Test/Test1_POS_userturns_BASELINE,round1,T1_task_valence,POS,1,BASELINE,report,L9-13,-15.590992546081543,0,0,B,A
round2_to_round1,data/round1/1_Test/Test1_POS_userturns_SOL,round1,T1_task_valence,POS,1,SOL,choice1,L20-32,3.4263278245925903,3,4,B,A
round2_to_round1,data/round1/1_Test/Test1_POS_userturns_SOL,round1,T1_task_valence,POS,1,SOL,choice1,L33-40,3.4810148626565933,3,4,B,A
round2_to_round1,data/round1/1_Test/Test1_POS_userturns_SOL,round1,T1_task_valence,POS,1,SOL,choice1,L55-63,5.388440079159206,3,4,B,A
round2_to_round1,data/round1/1_Test/Test1_POS_userturns_SOL,round1,T1_task_valence,POS,1,SOL,choice1,L70-79,5.094072532653809,3,4,B,A
round2_to_round1,data/round1/1_Test/Test1_POS_userturns_SOL,round1,T1_task_valence,POS,1,SOL,choice1,L9-13,4.573089814186096,3,4,B,A
round2_to_round1,data/round1/1_Test/Test1_POS_userturns_SOL,round1,T1_task_valence,POS,1,SOL,choice2,L20-32,0.08258509865173927,3,4,B,A
round2_to_round1,data/round1/1_Test/Test1_POS_userturns_SOL,round1,T1_task_valence,POS,1,SOL,choice2,L33-40,0.8800624907016754,3,4,B,A
round2_to_round1,data/round1/1_Test/Test1_POS_userturns_SOL,round1,T1_task_valence,POS,1,SOL,choice2,L55-63,2.7497884035110474,3,4,B,A
round2_to_round1,data/round1/1_Test/Test1_POS_userturns_SOL,round1,T1_task_valence,POS,1,SOL,choice2,L70-79,3.8318045854568483,3,4,B,A
round2_to_round1,data/round1/1_Test/Test1_POS_userturns_SOL,round1,T1_task_valence,POS,1,SOL,choice2,L9-13,-3.412100887298584,3,4,B,A
round2_to_round1,data/round1/1_Test/Test1_POS_userturns_SOL,round1,T1_task_valence,POS,1,SOL,manip1,L20-32,26.828943986159103,3,4,B,A
round2_to_round1,data/round1/1_Test/Test1_POS_userturns_SOL,round1,T1_task_valence,POS,1,SOL,manip1,L33-40,36.394171953201294,3,4,B,A
round2_to_round1,data/round1/1_Test/Test1_POS_userturns_SOL,round1,T1_task_valence,POS,1,SOL,manip1,L55-63,37.39613384670682,3,4,B,A
round2_to_round1,data/round1/1_Test/Test1_POS_userturns_SOL,round1,T1_task_valence,POS,1,SOL,manip1,L70-79,37.112219619750974,3,4,B,A
round2_to_round1,data/round1/1_Test/Test1_POS_userturns_SOL,round1,T1_task_valence,POS,1,SOL,manip1,L9-13,43.58949584960938,3,4,B,A
round2_to_round1,data/round1/1_Test/Test1_POS_userturns_SOL,round1,T1_task_valence,POS,1,SOL,manip2,L20-32,8.854054817786583,3,4,B,A
round2_to_round1,data/round1/1_Test/Test1_POS_userturns_SOL,round1,T1_task_valence,POS,1,SOL,manip2,L33-40,15.326115846633911,3,4,B,A
round2_to_round1,data/round1/1_Test/Test1_POS_userturns_SOL,round1,T1_task_valence,POS,1,SOL,manip2,L55-63,18.809181637234158,3,4,B,A
round2_to_round1,data/round1/1_Test/Test1_POS_userturns_SOL,round1,T1_task_valence,POS,1,SOL,manip2,L70-79,18.766013526916502,3,4,B,A
round2_to_round1,data/round1/1_Test/Test1_POS_userturns_SOL,round1,T1_task_valence,POS,1,SOL,manip2,L9-13,14.450915336608887,3,4,B,A
round2_to_round1,data/round1/1_Test/Test1_POS_userturns_SOL,round1,T1_task_valence,POS,1,SOL,report,L20-32,-13.085023366487944,3,4,B,A
round2_to_round1,data/round1/1_Test/Test1_POS_userturns_SOL,round1,T1_task_valence,POS,1,SOL,report,L33-40,-5.737413376569748,3,4,B,A
round2_to_round1,data/round1/1_Test/Test1_POS_userturns_SOL,round1,T1_task_valence,POS,1,SOL,report,L55-63,-2.018312030368381,3,4,B,A
round2_to_round1,data/round1/1_Test/Test1_POS_userturns_SOL,round1,T1_task_valence,POS,1,SOL,report,L70-79,-2.981969118118286,3,4,B,A
round2_to_round1,data/round1/1_Test/Test1_POS_userturns_SOL,round1,T1_task_valence,POS,1,SOL,report,L9-13,-15.347598457336426,3,4,B,A
round2_to_round1,data/round1/1_Test/Test1_POS_userturns_STATIC,round1,T1_task_valence,POS,1,STATIC,choice1,L20-32,4.85049478824322,2,4,B,A
round2_to_round1,data/round1/1_Test/Test1_POS_userturns_STATIC,round1,T1_task_valence,POS,1,STATIC,choice1,L33-40,-0.8971985168755054,2,4,B,A
round2_to_round1,data/round1/1_Test/Test1_POS_userturns_STATIC,round1,T1_task_valence,POS,1,STATIC,choice1,L55-63,-2.240035401450263,2,4,B,A
round2_to_round1,data/round1/1_Test/Test1_POS_userturns_STATIC,round1,T1_task_valence,POS,1,STATIC,choice1,L70-79,-2.3262658953666686,2,4,B,A
round2_to_round1,data/round1/1_Test/Test1_POS_userturns_STATIC,round1,T1_task_valence,POS,1,STATIC,choice1,L9-13,4.325633382797241,2,4,B,A
round2_to_round1,data/round1/1_Test/Test1_POS_userturns_STATIC,round1,T1_task_valence,POS,1,STATIC,choice2,L20-32,1.0403423057152674,2,4,B,A
round2_to_round1,data/round1/1_Test/Test1_POS_userturns_STATIC,round1,T1_task_valence,POS,1,STATIC,choice2,L33-40,1.7039017360657454,2,4,B,A
round2_to_round1,data/round1/1_Test/Test1_POS_userturns_STATIC,round1,T1_task_valence,POS,1,STATIC,choice2,L55-63,2.473103152381049,2,4,B,A
round2_to_round1,data/round1/1_Test/Test1_POS_userturns_STATIC,round1,T1_task_valence,POS,1,STATIC,choice2,L70-79,3.6729499101638794,2,4,B,A
round2_to_round1,data/round1/1_Test/Test1_POS_userturns_STATIC,round1,T1_task_valence,POS,1,STATIC,choice2,L9-13,-3.0062302589416503,2,4,B,A
round2_to_round1,data/round1/1_Test/Test1_POS_userturns_STATIC,round1,T1_task_valence,POS,1,STATIC,manip1,L20-32,24.489849384014423,2,4,B,A
round2_to_round1,data/round1/1_Test/Test1_POS_userturns_STATIC,round1,T1_task_valence,POS,1,STATIC,manip1,L33-40,27.9487521648407,2,4,B,A
round2_to_round1,data/round1/1_Test/Test1_POS_userturns_STATIC,round1,T1_task_valence,POS,1,STATIC,manip1,L55-63,21.26480844285753,2,4,B,A
round2_to_round1,data/round1/1_Test/Test1_POS_userturns_STATIC,round1,T1_task_valence,POS,1,STATIC,manip1,L70-79,20.139912414550782,2,4,B,A
round2_to_round1,data/round1/1_Test/Test1_POS_userturns_STATIC,round1,T1_task_valence,POS,1,STATIC,manip1,L9-13,41.64062423706055,2,4,B,A
round2_to_round1,data/round1/1_Test/Test1_POS_userturns_STATIC,round1,T1_task_valence,POS,1,STATIC,manip2,L20-32,10.69178346487192,2,4,B,A
round2_to_round1,data/round1/1_Test/Test1_POS_userturns_STATIC,round1,T1_task_valence,POS,1,STATIC,manip2,L33-40,10.248059749603271,2,4,B,A
round2_to_round1,data/round1/1_Test/Test1_POS_userturns_STATIC,round1,T1_task_valence,POS,1,STATIC,manip2,L55-63,5.8791279792785645,2,4,B,A
round2_to_round1,data/round1/1_Test/Test1_POS_userturns_STATIC,round1,T1_task_valence,POS,1,STATIC,manip2,L70-79,2.8065755367279053,2,4,B,A
round2_to_round1,data/round1/1_Test/Test1_POS_userturns_STATIC,round1,T1_task_valence,POS,1,STATIC,manip2,L9-13,13.699631309509277,2,4,B,A
round2_to_round1,data/round1/1_Test/Test1_POS_userturns_STATIC,round1,T1_task_valence,POS,1,STATIC,report,L20-32,-12.562326137836163,2,4,B,A
round2_to_round1,data/round1/1_Test/Test1_POS_userturns_STATIC,round1,T1_task_valence,POS,1,STATIC,report,L33-40,-6.668340623378754,2,4,B,A
round2_to_round1,data/round1/1_Test/Test1_POS_userturns_STATIC,round1,T1_task_valence,POS,1,STATIC,report,L55-63,-3.242458846833971,2,4,B,A
round2_to_round1,data/round1/1_Test/Test1_POS_userturns_STATIC,round1,T1_task_valence,POS,1,STATIC,report,L70-79,-3.926386594772339,2,4,B,A
round2_to_round1,data/round1/1_Test/Test1_POS_userturns_STATIC,round1,T1_task_valence,POS,1,STATIC,report,L9-13,-15.22385139465332,2,4,B,A
round2_to_round1,data/round1/1_Test/Test1_POS_userturns_SWARM,round1,T1_task_valence,POS,1,SWARM,choice1,L20-32,1.2904465381915753,3,5,A,A
round2_to_round1,data/round1/1_Test/Test1_POS_userturns_SWARM,round1,T1_task_valence,POS,1,SWARM,choice1,L33-40,1.529814898967743,3,5,A,A
round2_to_round1,data/round1/1_Test/Test1_POS_userturns_SWARM,round1,T1_task_valence,POS,1,SWARM,choice1,L55-63,4.159582879808214,3,5,A,A
round2_to_round1,data/round1/1_Test/Test1_POS_userturns_SWARM,round1,T1_task_valence,POS,1,SWARM,choice1,L70-79,4.35876100063324,3,5,A,A
round2_to_round1,data/round1/1_Test/Test1_POS_userturns_SWARM,round1,T1_task_valence,POS,1,SWARM,choice1,L9-13,4.651607084274292,3,5,A,A
round2_to_round1,data/round1/1_Test/Test1_POS_userturns_SWARM,round1,T1_task_valence,POS,1,SWARM,choice2,L20-32,1.9357651013594408,3,5,A,A
round2_to_round1,data/round1/1_Test/Test1_POS_userturns_SWARM,round1,T1_task_valence,POS,1,SWARM,choice2,L33-40,4.510739684104919,3,5,A,A
round2_to_round1,data/round1/1_Test/Test1_POS_userturns_SWARM,round1,T1_task_valence,POS,1,SWARM,choice2,L55-63,3.4917098151312933,3,5,A,A
round2_to_round1,data/round1/1_Test/Test1_POS_userturns_SWARM,round1,T1_task_valence,POS,1,SWARM,choice2,L70-79,5.329813480377197,3,5,A,A
round2_to_round1,data/round1/1_Test/Test1_POS_userturns_SWARM,round1,T1_task_valence,POS,1,SWARM,choice2,L9-13,-3.326503849029541,3,5,A,A
round2_to_round1,data/round1/1_Test/Test1_POS_userturns_SWARM,round1,T1_task_valence,POS,1,SWARM,manip1,L20-32,24.33202699514536,3,5,A,A
round2_to_round1,data/round1/1_Test/Test1_POS_userturns_SWARM,round1,T1_task_valence,POS,1,SWARM,manip1,L33-40,26.41796040534973,3,5,A,A
round2_to_round1,data/round1/1_Test/Test1_POS_userturns_SWARM,round1,T1_task_valence,POS,1,SWARM,manip1,L55-63,26.231133778889973,3,5,A,A
round2_to_round1,data/round1/1_Test/Test1_POS_userturns_SWARM,round1,T1_task_valence,POS,1,SWARM,manip1,L70-79,28.16701145172119,3,5,A,A
round2_to_round1,data/round1/1_Test/Test1_POS_userturns_SWARM,round1,T1_task_valence,POS,1,SWARM,manip1,L9-13,43.939337158203124,3,5,A,A
round2_to_round1,data/round1/1_Test/Test1_POS_userturns_SWARM,round1,T1_task_valence,POS,1,SWARM,manip2,L20-32,8.866936170137846,3,5,A,A
round2_to_round1,data/round1/1_Test/Test1_POS_userturns_SWARM,round1,T1_task_valence,POS,1,SWARM,manip2,L33-40,12.750127792358398,3,5,A,A
round2_to_round1,data/round1/1_Test/Test1_POS_userturns_SWARM,round1,T1_task_valence,POS,1,SWARM,manip2,L55-63,12.397124396430122,3,5,A,A
round2_to_round1,data/round1/1_Test/Test1_POS_userturns_SWARM,round1,T1_task_valence,POS,1,SWARM,manip2,L70-79,12.923692893981933,3,5,A,A
round2_to_round1,data/round1/1_Test/Test1_POS_userturns_SWARM,round1,T1_task_valence,POS,1,SWARM,manip2,L9-13,12.888486862182617,3,5,A,A
round2_to_round1,data/round1/1_Test/Test1_POS_userturns_SWARM,round1,T1_task_valence,POS,1,SWARM,report,L20-32,-13.386876326340895,3,5,A,A
round2_to_round1,data/round1/1_Test/Test1_POS_userturns_SWARM,round1,T1_task_valence,POS,1,SWARM,report,L33-40,-5.7424841821193695,3,5,A,A
round2_to_round1,data/round1/1_Test/Test1_POS_userturns_SWARM,round1,T1_task_valence,POS,1,SWARM,report,L55-63,-2.782268868552314,3,5,A,A
round2_to_round1,data/round1/1_Test/Test1_POS_userturns_SWARM,round1,T1_task_valence,POS,1,SWARM,report,L70-79,-3.3103573322296143,3,5,A,A
round2_to_round1,data/round1/1_Test/Test1_POS_userturns_SWARM,round1,T1_task_valence,POS,1,SWARM,report,L9-13,-14.97972812652588,3,5,A,A
round2_to_round1,data/round1/2_Test/Test2_NEG_userturns_BASELINE,round1,T2_identity_recognition,NEG,-1,BASELINE,choice1,L20-32,-16.948247616107647,0,0,B,A
round2_to_round1,data/round1/2_Test/Test2_NEG_userturns_BASELINE,round1,T2_identity_recognition,NEG,-1,BASELINE,choice1,L33-40,-22.578895568847656,0,0,B,A
round2_to_round1,data/round1/2_Test/Test2_NEG_userturns_BASELINE,round1,T2_identity_recognition,NEG,-1,BASELINE,choice1,L55-63,-20.5324952867296,0,0,B,A
round2_to_round1,data/round1/2_Test/Test2_NEG_userturns_BASELINE,round1,T2_identity_recognition,NEG,-1,BASELINE,choice1,L70-79,-17.392204380035402,0,0,B,A
round2_to_round1,data/round1/2_Test/Test2_NEG_userturns_BASELINE,round1,T2_identity_recognition,NEG,-1,BASELINE,choice1,L9-13,-8.044514560699463,0,0,B,A
round2_to_round1,data/round1/2_Test/Test2_NEG_userturns_BASELINE,round1,T2_identity_recognition,NEG,-1,BASELINE,choice2,L20-32,-8.975887298583984,0,0,B,A
round2_to_round1,data/round1/2_Test/Test2_NEG_userturns_BASELINE,round1,T2_identity_recognition,NEG,-1,BASELINE,choice2,L33-40,-16.16947603225708,0,0,B,A
round2_to_round1,data/round1/2_Test/Test2_NEG_userturns_BASELINE,round1,T2_identity_recognition,NEG,-1,BASELINE,choice2,L55-63,-13.663525157504612,0,0,B,A
round2_to_round1,data/round1/2_Test/Test2_NEG_userturns_BASELINE,round1,T2_identity_recognition,NEG,-1,BASELINE,choice2,L70-79,-10.008387851715089,0,0,B,A
round2_to_round1,data/round1/2_Test/Test2_NEG_userturns_BASELINE,round1,T2_identity_recognition,NEG,-1,BASELINE,choice2,L9-13,-9.115237808227539,0,0,B,A
round2_to_round1,data/round1/2_Test/Test2_NEG_userturns_BASELINE,round1,T2_identity_recognition,NEG,-1,BASELINE,manip1,L20-32,8.98964863557082,0,0,B,A
round2_to_round1,data/round1/2_Test/Test2_NEG_userturns_BASELINE,round1,T2_identity_recognition,NEG,-1,BASELINE,manip1,L33-40,5.056430339813232,0,0,B,A
round2_to_round1,data/round1/2_Test/Test2_NEG_userturns_BASELINE,round1,T2_identity_recognition,NEG,-1,BASELINE,manip1,L55-63,-0.5957133107715182,0,0,B,A
round2_to_round1,data/round1/2_Test/Test2_NEG_userturns_BASELINE,round1,T2_identity_recognition,NEG,-1,BASELINE,manip1,L70-79,0.5342457741498947,0,0,B,A
round2_to_round1,data/round1/2_Test/Test2_NEG_userturns_BASELINE,round1,T2_identity_recognition,NEG,-1,BASELINE,manip1,L9-13,22.29657745361328,0,0,B,A
round2_to_round1,data/round1/2_Test/Test2_NEG_userturns_BASELINE,round1,T2_identity_recognition,NEG,-1,BASELINE,manip2,L20-32,-49.025275010329025,0,0,B,A
round2_to_round1,data/round1/2_Test/Test2_NEG_userturns_BASELINE,round1,T2_identity_recognition,NEG,-1,BASELINE,manip2,L33-40,-42.62736940383911,0,0,B,A
round2_to_round1,data/round1/2_Test/Test2_NEG_userturns_BASELINE,round1,T2_identity_recognition,NEG,-1,BASELINE,manip2,L55-63,-32.84162733289931,0,0,B,A
round2_to_round1,data/round1/2_Test/Test2_NEG_userturns_BASELINE,round1,T2_identity_recognition,NEG,-1,BASELINE,manip2,L70-79,-29.032316207885742,0,0,B,A
round2_to_round1,data/round1/2_Test/Test2_NEG_userturns_BASELINE,round1,T2_identity_recognition,NEG,-1,BASELINE,manip2,L9-13,-47.48458633422852,0,0,B,A
round2_to_round1,data/round1/2_Test/Test2_NEG_userturns_BASELINE,round1,T2_identity_recognition,NEG,-1,BASELINE,report,L20-32,-19.414402888371395,0,0,B,A
round2_to_round1,data/round1/2_Test/Test2_NEG_userturns_BASELINE,round1,T2_identity_recognition,NEG,-1,BASELINE,report,L33-40,-16.574825048446655,0,0,B,A
round2_to_round1,data/round1/2_Test/Test2_NEG_userturns_BASELINE,round1,T2_identity_recognition,NEG,-1,BASELINE,report,L55-63,-11.575305620829264,0,0,B,A
round2_to_round1,data/round1/2_Test/Test2_NEG_userturns_BASELINE,round1,T2_identity_recognition,NEG,-1,BASELINE,report,L70-79,-11.395761299133301,0,0,B,A
round2_to_round1,data/round1/2_Test/Test2_NEG_userturns_BASELINE,round1,T2_identity_recognition,NEG,-1,BASELINE,report,L9-13,-19.13035469055176,0,0,B,A
round2_to_round1,data/round1/2_Test/Test2_NEG_userturns_SOL,round1,T2_identity_recognition,NEG,-1,SOL,choice1,L20-32,-15.7327090043288,0,0,B,A
round2_to_round1,data/round1/2_Test/Test2_NEG_userturns_SOL,round1,T2_identity_recognition,NEG,-1,SOL,choice1,L33-40,-21.01553463935852,0,0,B,A
round2_to_round1,data/round1/2_Test/Test2_NEG_userturns_SOL,round1,T2_identity_recognition,NEG,-1,SOL,choice1,L55-63,-18.163849088880752,0,0,B,A
round2_to_round1,data/round1/2_Test/Test2_NEG_userturns_SOL,round1,T2_identity_recognition,NEG,-1,SOL,choice1,L70-79,-14.779704093933105,0,0,B,A
round2_to_round1,data/round1/2_Test/Test2_NEG_userturns_SOL,round1,T2_identity_recognition,NEG,-1,SOL,choice1,L9-13,-6.25907793045044,0,0,B,A
round2_to_round1,data/round1/2_Test/Test2_NEG_userturns_SOL,round1,T2_identity_recognition,NEG,-1,SOL,choice2,L20-32,-7.73024845123291,0,0,B,A
round2_to_round1,data/round1/2_Test/Test2_NEG_userturns_SOL,round1,T2_identity_recognition,NEG,-1,SOL,choice2,L33-40,-13.669143438339233,0,0,B,A
round2_to_round1,data/round1/2_Test/Test2_NEG_userturns_SOL,round1,T2_identity_recognition,NEG,-1,SOL,choice2,L55-63,-11.805092069837782,0,0,B,A
round2_to_round1,data/round1/2_Test/Test2_NEG_userturns_SOL,round1,T2_identity_recognition,NEG,-1,SOL,choice2,L70-79,-8.427806615829468,0,0,B,A
round2_to_round1,data/round1/2_Test/Test2_NEG_userturns_SOL,round1,T2_identity_recognition,NEG,-1,SOL,choice2,L9-13,-7.847870349884033,0,0,B,A
round2_to_round1,data/round1/2_Test/Test2_NEG_userturns_SOL,round1,T2_identity_recognition,NEG,-1,SOL,manip1,L20-32,17.06895505464994,0,0,B,A
round2_to_round1,data/round1/2_Test/Test2_NEG_userturns_SOL,round1,T2_identity_recognition,NEG,-1,SOL,manip1,L33-40,23.243529319763184,0,0,B,A
round2_to_round1,data/round1/2_Test/Test2_NEG_userturns_SOL,round1,T2_identity_recognition,NEG,-1,SOL,manip1,L55-63,21.578684277004665,0,0,B,A
round2_to_round1,data/round1/2_Test/Test2_NEG_userturns_SOL,round1,T2_identity_recognition,NEG,-1,SOL,manip1,L70-79,19.707054901123048,0,0,B,A
round2_to_round1,data/round1/2_Test/Test2_NEG_userturns_SOL,round1,T2_identity_recognition,NEG,-1,SOL,manip1,L9-13,24.28345832824707,0,0,B,A
round2_to_round1,data/round1/2_Test/Test2_NEG_userturns_SOL,round1,T2_identity_recognition,NEG,-1,SOL,manip2,L20-32,-47.1458493746244,0,0,B,A
round2_to_round1,data/round1/2_Test/Test2_NEG_userturns_SOL,round1,T2_identity_recognition,NEG,-1,SOL,manip2,L33-40,-40.08789539337158,0,0,B,A
round2_to_round1,data/round1/2_Test/Test2_NEG_userturns_SOL,round1,T2_identity_recognition,NEG,-1,SOL,manip2,L55-63,-32.43711810641818,0,0,B,A
round2_to_round1,data/round1/2_Test/Test2_NEG_userturns_SOL,round1,T2_identity_recognition,NEG,-1,SOL,manip2,L70-79,-29.88781394958496,0,0,B,A
round2_to_round1,data/round1/2_Test/Test2_NEG_userturns_SOL,round1,T2_identity_recognition,NEG,-1,SOL,manip2,L9-13,-45.5882209777832,0,0,B,A
round2_to_round1,data/round1/2_Test/Test2_NEG_userturns_SOL,round1,T2_identity_recognition,NEG,-1,SOL,report,L20-32,-18.546873092651367,0,0,B,A
round2_to_round1,data/round1/2_Test/Test2_NEG_userturns_SOL,round1,T2_identity_recognition,NEG,-1,SOL,report,L33-40,-15.02862548828125,0,0,B,A
round2_to_round1,data/round1/2_Test/Test2_NEG_userturns_SOL,round1,T2_identity_recognition,NEG,-1,SOL,report,L55-63,-9.836211204528809,0,0,B,A
round2_to_round1,data/round1/2_Test/Test2_NEG_userturns_SOL,round1,T2_identity_recognition,NEG,-1,SOL,report,L70-79,-9.452108383178711,0,0,B,A
round2_to_round1,data/round1/2_Test/Test2_NEG_userturns_SOL,round1,T2_identity_recognition,NEG,-1,SOL,report,L9-13,-18.61522216796875,0,0,B,A
round2_to_round1,data/round1/2_Test/Test2_NEG_userturns_STATIC,round1,T2_identity_recognition,NEG,-1,STATIC,choice1,L20-32,-13.91868569300725,0,0,B,A
round2_to_round1,data/round1/2_Test/Test2_NEG_userturns_STATIC,round1,T2_identity_recognition,NEG,-1,STATIC,choice1,L33-40,-19.782498836517334,0,0,B,A
round2_to_round1,data/round1/2_Test/Test2_NEG_userturns_STATIC,round1,T2_identity_recognition,NEG,-1,STATIC,choice1,L55-63,-17.961961958143448,0,0,B,A
round2_to_round1,data/round1/2_Test/Test2_NEG_userturns_STATIC,round1,T2_identity_recognition,NEG,-1,STATIC,choice1,L70-79,-14.77505111694336,0,0,B,A
round2_to_round1,data/round1/2_Test/Test2_NEG_userturns_STATIC,round1,T2_identity_recognition,NEG,-1,STATIC,choice1,L9-13,-5.513404321670532,0,0,B,A
round2_to_round1,data/round1/2_Test/Test2_NEG_userturns_STATIC,round1,T2_identity_recognition,NEG,-1,STATIC,choice2,L20-32,-7.112030579493596,0,0,B,A
round2_to_round1,data/round1/2_Test/Test2_NEG_userturns_STATIC,round1,T2_identity_recognition,NEG,-1,STATIC,choice2,L33-40,-10.787261009216309,0,0,B,A
round2_to_round1,data/round1/2_Test/Test2_NEG_userturns_STATIC,round1,T2_identity_recognition,NEG,-1,STATIC,choice2,L55-63,-9.94163449605306,0,0,B,A
round2_to_round1,data/round1/2_Test/Test2_NEG_userturns_STATIC,round1,T2_identity_recognition,NEG,-1,STATIC,choice2,L70-79,-6.773705387115479,0,0,B,A
round2_to_round1,data/round1/2_Test/Test2_NEG_userturns_STATIC,round1,T2_identity_recognition,NEG,-1,STATIC,choice2,L9-13,-7.782347011566162,0,0,B,A
round2_to_round1,data/round1/2_Test/Test2_NEG_userturns_STATIC,round1,T2_identity_recognition,NEG,-1,STATIC,manip1,L20-32,17.779424007122334,0,0,B,A
round2_to_round1,data/round1/2_Test/Test2_NEG_userturns_STATIC,round1,T2_identity_recognition,NEG,-1,STATIC,manip1,L33-40,14.814067363739014,0,0,B,A
round2_to_round1,data/round1/2_Test/Test2_NEG_userturns_STATIC,round1,T2_identity_recognition,NEG,-1,STATIC,manip1,L55-63,6.099729537963867,0,0,B,A
round2_to_round1,data/round1/2_Test/Test2_NEG_userturns_STATIC,round1,T2_identity_recognition,NEG,-1,STATIC,manip1,L70-79,0.11079031825065613,0,0,B,A
round2_to_round1,data/round1/2_Test/Test2_NEG_userturns_STATIC,round1,T2_identity_recognition,NEG,-1,STATIC,manip1,L9-13,23.117289733886718,0,0,B,A
round2_to_round1,data/round1/2_Test/Test2_NEG_userturns_STATIC,round1,T2_identity_recognition,NEG,-1,STATIC,manip2,L20-32,-40.653107569767876,0,0,B,A
round2_to_round1,data/round1/2_Test/Test2_NEG_userturns_STATIC,round1,T2_identity_recognition,NEG,-1,STATIC,manip2,L33-40,-28.17248558998108,0,0,B,A
round2_to_round1,data/round1/2_Test/Test2_NEG_userturns_STATIC,round1,T2_identity_recognition,NEG,-1,STATIC,manip2,L55-63,-26.067582236395943,0,0,B,A
round2_to_round1,data/round1/2_Test/Test2_NEG_userturns_STATIC,round1,T2_identity_recognition,NEG,-1,STATIC,manip2,L70-79,-24.828230476379396,0,0,B,A
round2_to_round1,data/round1/2_Test/Test2_NEG_userturns_STATIC,round1,T2_identity_recognition,NEG,-1,STATIC,manip2,L9-13,-45.13480834960937,0,0,B,A
round2_to_round1,data/round1/2_Test/Test2_NEG_userturns_STATIC,round1,T2_identity_recognition,NEG,-1,STATIC,report,L20-32,-16.908972373375526,0,0,B,A
round2_to_round1,data/round1/2_Test/Test2_NEG_userturns_STATIC,round1,T2_identity_recognition,NEG,-1,STATIC,report,L33-40,-12.559400796890259,0,0,B,A
round2_to_round1,data/round1/2_Test/Test2_NEG_userturns_STATIC,round1,T2_identity_recognition,NEG,-1,STATIC,report,L55-63,-7.867031945122613,0,0,B,A
round2_to_round1,data/round1/2_Test/Test2_NEG_userturns_STATIC,round1,T2_identity_recognition,NEG,-1,STATIC,report,L70-79,-7.480509567260742,0,0,B,A
round2_to_round1,data/round1/2_Test/Test2_NEG_userturns_STATIC,round1,T2_identity_recognition,NEG,-1,STATIC,report,L9-13,-17.909888076782227,0,0,B,A
round2_to_round1,data/round1/2_Test/Test2_NEG_userturns_SWARM,round1,T2_identity_recognition,NEG,-1,SWARM,choice1,L20-32,-14.744714736938477,0,0,B,A
round2_to_round1,data/round1/2_Test/Test2_NEG_userturns_SWARM,round1,T2_identity_recognition,NEG,-1,SWARM,choice1,L33-40,-21.52389907836914,0,0,B,A
round2_to_round1,data/round1/2_Test/Test2_NEG_userturns_SWARM,round1,T2_identity_recognition,NEG,-1,SWARM,choice1,L55-63,-18.455492231580948,0,0,B,A
round2_to_round1,data/round1/2_Test/Test2_NEG_userturns_SWARM,round1,T2_identity_recognition,NEG,-1,SWARM,choice1,L70-79,-15.182035732269288,0,0,B,A
round2_to_round1,data/round1/2_Test/Test2_NEG_userturns_SWARM,round1,T2_identity_recognition,NEG,-1,SWARM,choice1,L9-13,-5.42703914642334,0,0,B,A
round2_to_round1,data/round1/2_Test/Test2_NEG_userturns_SWARM,round1,T2_identity_recognition,NEG,-1,SWARM,choice2,L20-32,-7.78970061815702,0,0,B,A
round2_to_round1,data/round1/2_Test/Test2_NEG_userturns_SWARM,round1,T2_identity_recognition,NEG,-1,SWARM,choice2,L33-40,-12.888085126876831,0,0,B,A
round2_to_round1,data/round1/2_Test/Test2_NEG_userturns_SWARM,round1,T2_identity_recognition,NEG,-1,SWARM,choice2,L55-63,-10.971327463785807,0,0,B,A
round2_to_round1,data/round1/2_Test/Test2_NEG_userturns_SWARM,round1,T2_identity_recognition,NEG,-1,SWARM,choice2,L70-79,-8.011868810653686,0,0,B,A
round2_to_round1,data/round1/2_Test/Test2_NEG_userturns_SWARM,round1,T2_identity_recognition,NEG,-1,SWARM,choice2,L9-13,-7.370316505432129,0,0,B,A
round2_to_round1,data/round1/2_Test/Test2_NEG_userturns_SWARM,round1,T2_identity_recognition,NEG,-1,SWARM,manip1,L20-32,17.1823237492488,0,0,B,A
round2_to_round1,data/round1/2_Test/Test2_NEG_userturns_SWARM,round1,T2_identity_recognition,NEG,-1,SWARM,manip1,L33-40,17.71208357810974,0,0,B,A
round2_to_round1,data/round1/2_Test/Test2_NEG_userturns_SWARM,round1,T2_identity_recognition,NEG,-1,SWARM,manip1,L55-63,15.226217057969835,0,0,B,A
round2_to_round1,data/round1/2_Test/Test2_NEG_userturns_SWARM,round1,T2_identity_recognition,NEG,-1,SWARM,manip1,L70-79,15.642062091827393,0,0,B,A
round2_to_round1,data/round1/2_Test/Test2_NEG_userturns_SWARM,round1,T2_identity_recognition,NEG,-1,SWARM,manip1,L9-13,24.078554153442383,0,0,B,A
round2_to_round1,data/round1/2_Test/Test2_NEG_userturns_SWARM,round1,T2_identity_recognition,NEG,-1,SWARM,manip2,L20-32,-47.57767017071064,0,0,B,A
round2_to_round1,data/round1/2_Test/Test2_NEG_userturns_SWARM,round1,T2_identity_recognition,NEG,-1,SWARM,manip2,L33-40,-40.70836067199707,0,0,B,A
round2_to_round1,data/round1/2_Test/Test2_NEG_userturns_SWARM,round1,T2_identity_recognition,NEG,-1,SWARM,manip2,L55-63,-31.18964343600803,0,0,B,A
round2_to_round1,data/round1/2_Test/Test2_NEG_userturns_SWARM,round1,T2_identity_recognition,NEG,-1,SWARM,manip2,L70-79,-29.934367370605468,0,0,B,A
round2_to_round1,data/round1/2_Test/Test2_NEG_userturns_SWARM,round1,T2_identity_recognition,NEG,-1,SWARM,manip2,L9-13,-46.171749114990234,0,0,B,A
round2_to_round1,data/round1/2_Test/Test2_NEG_userturns_SWARM,round1,T2_identity_recognition,NEG,-1,SWARM,report,L20-32,-18.15426855820876,0,0,B,A
round2_to_round1,data/round1/2_Test/Test2_NEG_userturns_SWARM,round1,T2_identity_recognition,NEG,-1,SWARM,report,L33-40,-13.801806926727295,0,0,B,A
round2_to_round1,data/round1/2_Test/Test2_NEG_userturns_SWARM,round1,T2_identity_recognition,NEG,-1,SWARM,report,L55-63,-8.647342046101889,0,0,B,A
round2_to_round1,data/round1/2_Test/Test2_NEG_userturns_SWARM,round1,T2_identity_recognition,NEG,-1,SWARM,report,L70-79,-8.545399904251099,0,0,B,A
round2_to_round1,data/round1/2_Test/Test2_NEG_userturns_SWARM,round1,T2_identity_recognition,NEG,-1,SWARM,report,L9-13,-18.153931045532225,0,0,B,A
round2_to_round1,data/round1/2_Test/Test2_NEU_userturns_BASELINE,round1,T2_identity_recognition,NEU,0,BASELINE,choice1,L20-32,-5.0022391355954685,2,4,A,A
round2_to_round1,data/round1/2_Test/Test2_NEU_userturns_BASELINE,round1,T2_identity_recognition,NEU,0,BASELINE,choice1,L33-40,-6.802486956119537,2,4,A,A
round2_to_round1,data/round1/2_Test/Test2_NEU_userturns_BASELINE,round1,T2_identity_recognition,NEU,0,BASELINE,choice1,L55-63,-2.7339754899342856,2,4,A,A
round2_to_round1,data/round1/2_Test/Test2_NEU_userturns_BASELINE,round1,T2_identity_recognition,NEU,0,BASELINE,choice1,L70-79,-1.0305134892463683,2,4,A,A
round2_to_round1,data/round1/2_Test/Test2_NEU_userturns_BASELINE,round1,T2_identity_recognition,NEU,0,BASELINE,choice1,L9-13,1.6753435969352721,2,4,A,A
round2_to_round1,data/round1/2_Test/Test2_NEU_userturns_BASELINE,round1,T2_identity_recognition,NEU,0,BASELINE,choice2,L20-32,-0.861238528902714,2,4,A,A
round2_to_round1,data/round1/2_Test/Test2_NEU_userturns_BASELINE,round1,T2_identity_recognition,NEU,0,BASELINE,choice2,L33-40,1.6579319732263684,2,4,A,A
round2_to_round1,data/round1/2_Test/Test2_NEU_userturns_BASELINE,round1,T2_identity_recognition,NEU,0,BASELINE,choice2,L55-63,2.909245941374037,2,4,A,A
round2_to_round1,data/round1/2_Test/Test2_NEU_userturns_BASELINE,round1,T2_identity_recognition,NEU,0,BASELINE,choice2,L70-79,4.25755364894867,2,4,A,A
round2_to_round1,data/round1/2_Test/Test2_NEU_userturns_BASELINE,round1,T2_identity_recognition,NEU,0,BASELINE,choice2,L9-13,-4.389905118942261,2,4,A,A
round2_to_round1,data/round1/2_Test/Test2_NEU_userturns_BASELINE,round1,T2_identity_recognition,NEU,0,BASELINE,manip1,L20-32,8.51981100669274,2,4,A,A
round2_to_round1,data/round1/2_Test/Test2_NEU_userturns_BASELINE,round1,T2_identity_recognition,NEU,0,BASELINE,manip1,L33-40,5.1499684154987335,2,4,A,A
round2_to_round1,data/round1/2_Test/Test2_NEU_userturns_BASELINE,round1,T2_identity_recognition,NEU,0,BASELINE,manip1,L55-63,-0.4472564425733354,2,4,A,A
round2_to_round1,data/round1/2_Test/Test2_NEU_userturns_BASELINE,round1,T2_identity_recognition,NEU,0,BASELINE,manip1,L70-79,0.7883341774344444,2,4,A,A
round2_to_round1,data/round1/2_Test/Test2_NEU_userturns_BASELINE,round1,T2_identity_recognition,NEU,0,BASELINE,manip1,L9-13,22.784294891357423,2,4,A,A
round2_to_round1,data/round1/2_Test/Test2_NEU_userturns_BASELINE,round1,T2_identity_recognition,NEU,0,BASELINE,manip2,L20-32,-4.526094986842229,2,4,A,A
round2_to_round1,data/round1/2_Test/Test2_NEU_userturns_BASELINE,round1,T2_identity_recognition,NEU,0,BASELINE,manip2,L33-40,0.7289174869656563,2,4,A,A
round2_to_round1,data/round1/2_Test/Test2_NEU_userturns_BASELINE,round1,T2_identity_recognition,NEU,0,BASELINE,manip2,L55-63,-3.613369968202379,2,4,A,A
round2_to_round1,data/round1/2_Test/Test2_NEU_userturns_BASELINE,round1,T2_identity_recognition,NEU,0,BASELINE,manip2,L70-79,-1.690879899263382,2,4,A,A
round2_to_round1,data/round1/2_Test/Test2_NEU_userturns_BASELINE,round1,T2_identity_recognition,NEU,0,BASELINE,manip2,L9-13,3.3397232055664063,2,4,A,A
round2_to_round1,data/round1/2_Test/Test2_NEU_userturns_BASELINE,round1,T2_identity_recognition,NEU,0,BASELINE,report,L20-32,-15.719974297743578,2,4,A,A
round2_to_round1,data/round1/2_Test/Test2_NEU_userturns_BASELINE,round1,T2_identity_recognition,NEU,0,BASELINE,report,L33-40,-9.82603245973587,2,4,A,A
round2_to_round1,data/round1/2_Test/Test2_NEU_userturns_BASELINE,round1,T2_identity_recognition,NEU,0,BASELINE,report,L55-63,-6.574351204766168,2,4,A,A
round2_to_round1,data/round1/2_Test/Test2_NEU_userturns_BASELINE,round1,T2_identity_recognition,NEU,0,BASELINE,report,L70-79,-6.885720062255859,2,4,A,A
round2_to_round1,data/round1/2_Test/Test2_NEU_userturns_BASELINE,round1,T2_identity_recognition,NEU,0,BASELINE,report,L9-13,-16.106767845153808,2,4,A,A
round2_to_round1,data/round1/2_Test/Test2_NEU_userturns_SOL,round1,T2_identity_recognition,NEU,0,SOL,choice1,L20-32,4.047676877333568,2,4,A,A
round2_to_round1,data/round1/2_Test/Test2_NEU_userturns_SOL,round1,T2_identity_recognition,NEU,0,SOL,choice1,L33-40,6.954146474599838,2,4,A,A
round2_to_round1,data/round1/2_Test/Test2_NEU_userturns_SOL,round1,T2_identity_recognition,NEU,0,SOL,choice1,L55-63,11.462884373135036,2,4,A,A
round2_to_round1,data/round1/2_Test/Test2_NEU_userturns_SOL,round1,T2_identity_recognition,NEU,0,SOL,choice1,L70-79,12.167740821838379,2,4,A,A
round2_to_round1,data/round1/2_Test/Test2_NEU_userturns_SOL,round1,T2_identity_recognition,NEU,0,SOL,choice1,L9-13,1.0659072399139404,2,4,A,A
round2_to_round1,data/round1/2_Test/Test2_NEU_userturns_SOL,round1,T2_identity_recognition,NEU,0,SOL,choice2,L20-32,2.393735931469844,2,4,A,A
round2_to_round1,data/round1/2_Test/Test2_NEU_userturns_SOL,round1,T2_identity_recognition,NEU,0,SOL,choice2,L33-40,5.241747736930847,2,4,A,A
round2_to_round1,data/round1/2_Test/Test2_NEU_userturns_SOL,round1,T2_identity_recognition,NEU,0,SOL,choice2,L55-63,4.854256709416707,2,4,A,A
round2_to_round1,data/round1/2_Test/Test2_NEU_userturns_SOL,round1,T2_identity_recognition,NEU,0,SOL,choice2,L70-79,5.92334885597229,2,4,A,A
round2_to_round1,data/round1/2_Test/Test2_NEU_userturns_SOL,round1,T2_identity_recognition,NEU,0,SOL,choice2,L9-13,-3.911049222946167,2,4,A,A
round2_to_round1,data/round1/2_Test/Test2_NEU_userturns_SOL,round1,T2_identity_recognition,NEU,0,SOL,manip1,L20-32,18.421469101539024,2,4,A,A
round2_to_round1,data/round1/2_Test/Test2_NEU_userturns_SOL,round1,T2_identity_recognition,NEU,0,SOL,manip1,L33-40,24.681616067886353,2,4,A,A
round2_to_round1,data/round1/2_Test/Test2_NEU_userturns_SOL,round1,T2_identity_recognition,NEU,0,SOL,manip1,L55-63,23.253054724799263,2,4,A,A
round2_to_round1,data/round1/2_Test/Test2_NEU_userturns_SOL,round1,T2_identity_recognition,NEU,0,SOL,manip1,L70-79,20.777871704101564,2,4,A,A
round2_to_round1,data/round1/2_Test/Test2_NEU_userturns_SOL,round1,T2_identity_recognition,NEU,0,SOL,manip1,L9-13,24.1409423828125,2,4,A,A
round2_to_round1,data/round1/2_Test/Test2_NEU_userturns_SOL,round1,T2_identity_recognition,NEU,0,SOL,manip2,L20-32,4.978706025160276,2,4,A,A
round2_to_round1,data/round1/2_Test/Test2_NEU_userturns_SOL,round1,T2_identity_recognition,NEU,0,SOL,manip2,L33-40,10.098212242126465,2,4,A,A
round2_to_round1,data/round1/2_Test/Test2_NEU_userturns_SOL,round1,T2_identity_recognition,NEU,0,SOL,manip2,L55-63,9.470557106865776,2,4,A,A
round2_to_round1,data/round1/2_Test/Test2_NEU_userturns_SOL,round1,T2_identity_recognition,NEU,0,SOL,manip2,L70-79,8.302783823013305,2,4,A,A
round2_to_round1,data/round1/2_Test/Test2_NEU_userturns_SOL,round1,T2_identity_recognition,NEU,0,SOL,manip2,L9-13,5.353223156929016,2,4,A,A
round2_to_round1,data/round1/2_Test/Test2_NEU_userturns_SOL,round1,T2_identity_recognition,NEU,0,SOL,report,L20-32,-12.788894800039438,2,4,A,A
round2_to_round1,data/round1/2_Test/Test2_NEU_userturns_SOL,round1,T2_identity_recognition,NEU,0,SOL,report,L33-40,-5.757820218801498,2,4,A,A
round2_to_round1,data/round1/2_Test/Test2_NEU_userturns_SOL,round1,T2_identity_recognition,NEU,0,SOL,report,L55-63,-2.131355550554064,2,4,A,A
round2_to_round1,data/round1/2_Test/Test2_NEU_userturns_SOL,round1,T2_identity_recognition,NEU,0,SOL,report,L70-79,-2.98227801322937,2,4,A,A
round2_to_round1,data/round1/2_Test/Test2_NEU_userturns_SOL,round1,T2_identity_recognition,NEU,0,SOL,report,L9-13,-16.55254077911377,2,4,A,A
round2_to_round1,data/round1/2_Test/Test2_NEU_userturns_STATIC,round1,T2_identity_recognition,NEU,0,STATIC,choice1,L20-32,3.161447359965398,2,3,A,A
round2_to_round1,data/round1/2_Test/Test2_NEU_userturns_STATIC,round1,T2_identity_recognition,NEU,0,STATIC,choice1,L33-40,0.5013229288160801,2,3,A,A
round2_to_round1,data/round1/2_Test/Test2_NEU_userturns_STATIC,round1,T2_identity_recognition,NEU,0,STATIC,choice1,L55-63,1.7220979664060805,2,3,A,A
round2_to_round1,data/round1/2_Test/Test2_NEU_userturns_STATIC,round1,T2_identity_recognition,NEU,0,STATIC,choice1,L70-79,3.2460395097732544,2,3,A,A
round2_to_round1,data/round1/2_Test/Test2_NEU_userturns_STATIC,round1,T2_identity_recognition,NEU,0,STATIC,choice1,L9-13,1.0143740311264993,2,3,A,A
round2_to_round1,data/round1/2_Test/Test2_NEU_userturns_STATIC,round1,T2_identity_recognition,NEU,0,STATIC,choice2,L20-32,1.9069034457206726,2,3,A,A
round2_to_round1,data/round1/2_Test/Test2_NEU_userturns_STATIC,round1,T2_identity_recognition,NEU,0,STATIC,choice2,L33-40,5.759351670742035,2,3,A,A
round2_to_round1,data/round1/2_Test/Test2_NEU_userturns_STATIC,round1,T2_identity_recognition,NEU,0,STATIC,choice2,L55-63,4.83809839354621,2,3,A,A
round2_to_round1,data/round1/2_Test/Test2_NEU_userturns_STATIC,round1,T2_identity_recognition,NEU,0,STATIC,choice2,L70-79,5.9643017768859865,2,3,A,A
round2_to_round1,data/round1/2_Test/Test2_NEU_userturns_STATIC,round1,T2_identity_recognition,NEU,0,STATIC,choice2,L9-13,-3.7437095165252687,2,3,A,A
round2_to_round1,data/round1/2_Test/Test2_NEU_userturns_STATIC,round1,T2_identity_recognition,NEU,0,STATIC,manip1,L20-32,17.81048217186561,2,3,A,A
round2_to_round1,data/round1/2_Test/Test2_NEU_userturns_STATIC,round1,T2_identity_recognition,NEU,0,STATIC,manip1,L33-40,14.554004549980164,2,3,A,A
round2_to_round1,data/round1/2_Test/Test2_NEU_userturns_STATIC,round1,T2_identity_recognition,NEU,0,STATIC,manip1,L55-63,6.303482850392659,2,3,A,A
round2_to_round1,data/round1/2_Test/Test2_NEU_userturns_STATIC,round1,T2_identity_recognition,NEU,0,STATIC,manip1,L70-79,0.7695822328329086,2,3,A,A
round2_to_round1,data/round1/2_Test/Test2_NEU_userturns_STATIC,round1,T2_identity_recognition,NEU,0,STATIC,manip1,L9-13,24.18714714050293,2,3,A,A
round2_to_round1,data/round1/2_Test/Test2_NEU_userturns_STATIC,round1,T2_identity_recognition,NEU,0,STATIC,manip2,L20-32,3.1391119888195624,2,3,A,A
round2_to_round1,data/round1/2_Test/Test2_NEU_userturns_STATIC,round1,T2_identity_recognition,NEU,0,STATIC,manip2,L33-40,2.085259333252907,2,3,A,A
round2_to_round1,data/round1/2_Test/Test2_NEU_userturns_STATIC,round1,T2_identity_recognition,NEU,0,STATIC,manip2,L55-63,-5.894589212205675,2,3,A,A
round2_to_round1,data/round1/2_Test/Test2_NEU_userturns_STATIC,round1,T2_identity_recognition,NEU,0,STATIC,manip2,L70-79,-6.6799681186676025,2,3,A,A
round2_to_round1,data/round1/2_Test/Test2_NEU_userturns_STATIC,round1,T2_identity_recognition,NEU,0,STATIC,manip2,L9-13,6.232984733581543,2,3,A,A
round2_to_round1,data/round1/2_Test/Test2_NEU_userturns_STATIC,round1,T2_identity_recognition,NEU,0,STATIC,report,L20-32,-12.676000301654522,2,3,A,A
round2_to_round1,data/round1/2_Test/Test2_NEU_userturns_STATIC,round1,T2_identity_recognition,NEU,0,STATIC,report,L33-40,-6.678646743297577,2,3,A,A
round2_to_round1,data/round1/2_Test/Test2_NEU_userturns_STATIC,round1,T2_identity_recognition,NEU,0,STATIC,report,L55-63,-3.562541060977512,2,3,A,A
round2_to_round1,data/round1/2_Test/Test2_NEU_userturns_STATIC,round1,T2_identity_recognition,NEU,0,STATIC,report,L70-79,-4.005255103111267,2,3,A,A
round2_to_round1,data/round1/2_Test/Test2_NEU_userturns_STATIC,round1,T2_identity_recognition,NEU,0,STATIC,report,L9-13,-16.2518159866333,2,3,A,A
round2_to_round1,data/round1/2_Test/Test2_NEU_userturns_SWARM,round1,T2_identity_recognition,NEU,0,SWARM,choice1,L20-32,2.1172999006051283,3,5,A,A
round2_to_round1,data/round1/2_Test/Test2_NEU_userturns_SWARM,round1,T2_identity_recognition,NEU,0,SWARM,choice1,L33-40,5.048112213611603,3,5,A,A
round2_to_round1,data/round1/2_Test/Test2_NEU_userturns_SWARM,round1,T2_identity_recognition,NEU,0,SWARM,choice1,L55-63,10.459820535447863,3,5,A,A
round2_to_round1,data/round1/2_Test/Test2_NEU_userturns_SWARM,round1,T2_identity_recognition,NEU,0,SWARM,choice1,L70-79,10.974196338653565,3,5,A,A
round2_to_round1,data/round1/2_Test/Test2_NEU_userturns_SWARM,round1,T2_identity_recognition,NEU,0,SWARM,choice1,L9-13,-0.14376602172851563,3,5,A,A
round2_to_round1,data/round1/2_Test/Test2_NEU_userturns_SWARM,round1,T2_identity_recognition,NEU,0,SWARM,choice2,L20-32,2.0060167083373437,3,5,A,A
round2_to_round1,data/round1/2_Test/Test2_NEU_userturns_SWARM,round1,T2_identity_recognition,NEU,0,SWARM,choice2,L33-40,5.132583051919937,3,5,A,A
round2_to_round1,data/round1/2_Test/Test2_NEU_userturns_SWARM,round1,T2_identity_recognition,NEU,0,SWARM,choice2,L55-63,4.811598592334324,3,5,A,A
round2_to_round1,data/round1/2_Test/Test2_NEU_userturns_SWARM,round1,T2_identity_recognition,NEU,0,SWARM,choice2,L70-79,5.5973474979400635,3,5,A,A
round2_to_round1,data/round1/2_Test/Test2_NEU_userturns_SWARM,round1,T2_identity_recognition,NEU,0,SWARM,choice2,L9-13,-4.007645511627198,3,5,A,A
round2_to_round1,data/round1/2_Test/Test2_NEU_userturns_SWARM,round1,T2_identity_recognition,NEU,0,SWARM,manip1,L20-32,17.210898105914776,3,5,A,A
round2_to_round1,data/round1/2_Test/Test2_NEU_userturns_SWARM,round1,T2_identity_recognition,NEU,0,SWARM,manip1,L33-40,18.168747901916504,3,5,A,A
round2_to_round1,data/round1/2_Test/Test2_NEU_userturns_SWARM,round1,T2_identity_recognition,NEU,0,SWARM,manip1,L55-63,15.850326855977377,3,5,A,A
round2_to_round1,data/round1/2_Test/Test2_NEU_userturns_SWARM,round1,T2_identity_recognition,NEU,0,SWARM,manip1,L70-79,16.227823352813722,3,5,A,A
round2_to_round1,data/round1/2_Test/Test2_NEU_userturns_SWARM,round1,T2_identity_recognition,NEU,0,SWARM,manip1,L9-13,23.760057830810545,3,5,A,A
round2_to_round1,data/round1/2_Test/Test2_NEU_userturns_SWARM,round1,T2_identity_recognition,NEU,0,SWARM,manip2,L20-32,3.445162126651177,3,5,A,A
round2_to_round1,data/round1/2_Test/Test2_NEU_userturns_SWARM,round1,T2_identity_recognition,NEU,0,SWARM,manip2,L33-40,7.455354988574982,3,5,A,A
round2_to_round1,data/round1/2_Test/Test2_NEU_userturns_SWARM,round1,T2_identity_recognition,NEU,0,SWARM,manip2,L55-63,7.042392359839545,3,5,A,A
round2_to_round1,data/round1/2_Test/Test2_NEU_userturns_SWARM,round1,T2_identity_recognition,NEU,0,SWARM,manip2,L70-79,8.980207777023315,3,5,A,A
round2_to_round1,data/round1/2_Test/Test2_NEU_userturns_SWARM,round1,T2_identity_recognition,NEU,0,SWARM,manip2,L9-13,5.3304350733757015,3,5,A,A
round2_to_round1,data/round1/2_Test/Test2_NEU_userturns_SWARM,round1,T2_identity_recognition,NEU,0,SWARM,report,L20-32,-13.150183824392466,3,5,A,A
round2_to_round1,data/round1/2_Test/Test2_NEU_userturns_SWARM,round1,T2_identity_recognition,NEU,0,SWARM,report,L33-40,-5.809567332267761,3,5,A,A
round2_to_round1,data/round1/2_Test/Test2_NEU_userturns_SWARM,round1,T2_identity_recognition,NEU,0,SWARM,report,L55-63,-2.6541550954182944,3,5,A,A
round2_to_round1,data/round1/2_Test/Test2_NEU_userturns_SWARM,round1,T2_identity_recognition,NEU,0,SWARM,report,L70-79,-3.2433504819869996,3,5,A,A
round2_to_round1,data/round1/2_Test/Test2_NEU_userturns_SWARM,round1,T2_identity_recognition,NEU,0,SWARM,report,L9-13,-16.63536968231201,3,5,A,A
round2_to_round1,data/round1/2_Test/Test2_POS_userturns_BASELINE,round1,T2_identity_recognition,POS,1,BASELINE,choice1,L20-32,-3.403753005541288,0,0,A,A
round2_to_round1,data/round1/2_Test/Test2_POS_userturns_BASELINE,round1,T2_identity_recognition,POS,1,BASELINE,choice1,L33-40,-3.915753275156021,0,0,A,A
round2_to_round1,data/round1/2_Test/Test2_POS_userturns_BASELINE,round1,T2_identity_recognition,POS,1,BASELINE,choice1,L55-63,0.5051392035351859,0,0,A,A
round2_to_round1,data/round1/2_Test/Test2_POS_userturns_BASELINE,round1,T2_identity_recognition,POS,1,BASELINE,choice1,L70-79,1.8741559505462646,0,0,A,A
round2_to_round1,data/round1/2_Test/Test2_POS_userturns_BASELINE,round1,T2_identity_recognition,POS,1,BASELINE,choice1,L9-13,3.942031753063202,0,0,A,A
round2_to_round1,data/round1/2_Test/Test2_POS_userturns_BASELINE,round1,T2_identity_recognition,POS,1,BASELINE,choice2,L20-32,0.015713350130961493,0,0,A,A
round2_to_round1,data/round1/2_Test/Test2_POS_userturns_BASELINE,round1,T2_identity_recognition,POS,1,BASELINE,choice2,L33-40,2.459793731570244,0,0,A,A
round2_to_round1,data/round1/2_Test/Test2_POS_userturns_BASELINE,round1,T2_identity_recognition,POS,1,BASELINE,choice2,L55-63,2.1161488559510975,0,0,A,A
round2_to_round1,data/round1/2_Test/Test2_POS_userturns_BASELINE,round1,T2_identity_recognition,POS,1,BASELINE,choice2,L70-79,3.259635901451111,0,0,A,A
round2_to_round1,data/round1/2_Test/Test2_POS_userturns_BASELINE,round1,T2_identity_recognition,POS,1,BASELINE,choice2,L9-13,-3.700486993789673,0,0,A,A
round2_to_round1,data/round1/2_Test/Test2_POS_userturns_BASELINE,round1,T2_identity_recognition,POS,1,BASELINE,manip1,L20-32,9.522945404052734,0,0,A,A
round2_to_round1,data/round1/2_Test/Test2_POS_userturns_BASELINE,round1,T2_identity_recognition,POS,1,BASELINE,manip1,L33-40,5.541166067123413,0,0,A,A
round2_to_round1,data/round1/2_Test/Test2_POS_userturns_BASELINE,round1,T2_identity_recognition,POS,1,BASELINE,manip1,L55-63,-0.10901325941085815,0,0,A,A
round2_to_round1,data/round1/2_Test/Test2_POS_userturns_BASELINE,round1,T2_identity_recognition,POS,1,BASELINE,manip1,L70-79,0.8480479091405868,0,0,A,A
round2_to_round1,data/round1/2_Test/Test2_POS_userturns_BASELINE,round1,T2_identity_recognition,POS,1,BASELINE,manip1,L9-13,24.051637649536133,0,0,A,A
round2_to_round1,data/round1/2_Test/Test2_POS_userturns_BASELINE,round1,T2_identity_recognition,POS,1,BASELINE,manip2,L20-32,23.849099526038536,0,0,A,A
round2_to_round1,data/round1/2_Test/Test2_POS_userturns_BASELINE,round1,T2_identity_recognition,POS,1,BASELINE,manip2,L33-40,16.725886464118958,0,0,A,A
round2_to_round1,data/round1/2_Test/Test2_POS_userturns_BASELINE,round1,T2_identity_recognition,POS,1,BASELINE,manip2,L55-63,10.02558814154731,0,0,A,A
round2_to_round1,data/round1/2_Test/Test2_POS_userturns_BASELINE,round1,T2_identity_recognition,POS,1,BASELINE,manip2,L70-79,9.484883499145507,0,0,A,A
round2_to_round1,data/round1/2_Test/Test2_POS_userturns_BASELINE,round1,T2_identity_recognition,POS,1,BASELINE,manip2,L9-13,39.07199478149414,0,0,A,A
round2_to_round1,data/round1/2_Test/Test2_POS_userturns_BASELINE,round1,T2_identity_recognition,POS,1,BASELINE,report,L20-32,-15.867673727182241,0,0,A,A
round2_to_round1,data/round1/2_Test/Test2_POS_userturns_BASELINE,round1,T2_identity_recognition,POS,1,BASELINE,report,L33-40,-11.173171997070312,0,0,A,A
round2_to_round1,data/round1/2_Test/Test2_POS_userturns_BASELINE,round1,T2_identity_recognition,POS,1,BASELINE,report,L55-63,-7.3900041580200195,0,0,A,A
round2_to_round1,data/round1/2_Test/Test2_POS_userturns_BASELINE,round1,T2_identity_recognition,POS,1,BASELINE,report,L70-79,-7.143755197525024,0,0,A,A
round2_to_round1,data/round1/2_Test/Test2_POS_userturns_BASELINE,round1,T2_identity_recognition,POS,1,BASELINE,report,L9-13,-16.04826545715332,0,0,A,A
round2_to_round1,data/round1/2_Test/Test2_POS_userturns_SOL,round1,T2_identity_recognition,POS,1,SOL,choice1,L20-32,6.220565878427946,3,5,A,A
round2_to_round1,data/round1/2_Test/Test2_POS_userturns_SOL,round1,T2_identity_recognition,POS,1,SOL,choice1,L33-40,9.84315288066864,3,5,A,A
round2_to_round1,data/round1/2_Test/Test2_POS_userturns_SOL,round1,T2_identity_recognition,POS,1,SOL,choice1,L55-63,14.339395417107475,3,5,A,A
round2_to_round1,data/round1/2_Test/Test2_POS_userturns_SOL,round1,T2_identity_recognition,POS,1,SOL,choice1,L70-79,14.188099479675293,3,5,A,A
round2_to_round1,data/round1/2_Test/Test2_POS_userturns_SOL,round1,T2_identity_recognition,POS,1,SOL,choice1,L9-13,6.871567821502685,3,5,A,A
round2_to_round1,data/round1/2_Test/Test2_POS_userturns_SOL,round1,T2_identity_recognition,POS,1,SOL,choice2,L20-32,3.7052087623339434,3,5,A,A
round2_to_round1,data/round1/2_Test/Test2_POS_userturns_SOL,round1,T2_identity_recognition,POS,1,SOL,choice2,L33-40,5.35589012503624,3,5,A,A
round2_to_round1,data/round1/2_Test/Test2_POS_userturns_SOL,round1,T2_identity_recognition,POS,1,SOL,choice2,L55-63,4.086342520183987,3,5,A,A
round2_to_round1,data/round1/2_Test/Test2_POS_userturns_SOL,round1,T2_identity_recognition,POS,1,SOL,choice2,L70-79,4.753715085983276,3,5,A,A
round2_to_round1,data/round1/2_Test/Test2_POS_userturns_SOL,round1,T2_identity_recognition,POS,1,SOL,choice2,L9-13,-1.8075521647930146,3,5,A,A
round2_to_round1,data/round1/2_Test/Test2_POS_userturns_SOL,round1,T2_identity_recognition,POS,1,SOL,manip1,L20-32,17.78850320669321,3,5,A,A
round2_to_round1,data/round1/2_Test/Test2_POS_userturns_SOL,round1,T2_identity_recognition,POS,1,SOL,manip1,L33-40,24.19403648376465,3,5,A,A
round2_to_round1,data/round1/2_Test/Test2_POS_userturns_SOL,round1,T2_identity_recognition,POS,1,SOL,manip1,L55-63,22.538636101616753,3,5,A,A
round2_to_round1,data/round1/2_Test/Test2_POS_userturns_SOL,round1,T2_identity_recognition,POS,1,SOL,manip1,L70-79,20.15935573577881,3,5,A,A
round2_to_round1,data/round1/2_Test/Test2_POS_userturns_SOL,round1,T2_identity_recognition,POS,1,SOL,manip1,L9-13,23.663713455200195,3,5,A,A
round2_to_round1,data/round1/2_Test/Test2_POS_userturns_SOL,round1,T2_identity_recognition,POS,1,SOL,manip2,L20-32,35.82024442232572,3,5,A,A
round2_to_round1,data/round1/2_Test/Test2_POS_userturns_SOL,round1,T2_identity_recognition,POS,1,SOL,manip2,L33-40,41.31922960281372,3,5,A,A
round2_to_round1,data/round1/2_Test/Test2_POS_userturns_SOL,round1,T2_identity_recognition,POS,1,SOL,manip2,L55-63,34.623684353298614,3,5,A,A
round2_to_round1,data/round1/2_Test/Test2_POS_userturns_SOL,round1,T2_identity_recognition,POS,1,SOL,manip2,L70-79,30.64975051879883,3,5,A,A
round2_to_round1,data/round1/2_Test/Test2_POS_userturns_SOL,round1,T2_identity_recognition,POS,1,SOL,manip2,L9-13,41.22838668823242,3,5,A,A
round2_to_round1,data/round1/2_Test/Test2_POS_userturns_SOL,round1,T2_identity_recognition,POS,1,SOL,report,L20-32,-12.507921072152945,3,5,A,A
round2_to_round1,data/round1/2_Test/Test2_POS_userturns_SOL,round1,T2_identity_recognition,POS,1,SOL,report,L33-40,-5.114155407994986,3,5,A,A
round2_to_round1,data/round1/2_Test/Test2_POS_userturns_SOL,round1,T2_identity_recognition,POS,1,SOL,report,L55-63,-1.805140839682685,3,5,A,A
round2_to_round1,data/round1/2_Test/Test2_POS_userturns_SOL,round1,T2_identity_recognition,POS,1,SOL,report,L70-79,-2.7091230154037476,3,5,A,A
round2_to_round1,data/round1/2_Test/Test2_POS_userturns_SOL,round1,T2_identity_recognition,POS,1,SOL,report,L9-13,-15.123469734191895,3,5,A,A
round2_to_round1,data/round1/2_Test/Test2_POS_userturns_STATIC,round1,T2_identity_recognition,POS,1,STATIC,choice1,L20-32,6.19300259076632,2,5,A,A
round2_to_round1,data/round1/2_Test/Test2_POS_userturns_STATIC,round1,T2_identity_recognition,POS,1,STATIC,choice1,L33-40,7.252525746822357,2,5,A,A
round2_to_round1,data/round1/2_Test/Test2_POS_userturns_STATIC,round1,T2_identity_recognition,POS,1,STATIC,choice1,L55-63,9.276997566223145,2,5,A,A
round2_to_round1,data/round1/2_Test/Test2_POS_userturns_STATIC,round1,T2_identity_recognition,POS,1,STATIC,choice1,L70-79,10.186586380004883,2,5,A,A
round2_to_round1,data/round1/2_Test/Test2_POS_userturns_STATIC,round1,T2_identity_recognition,POS,1,STATIC,choice1,L9-13,5.0547895431518555,2,5,A,A
round2_to_round1,data/round1/2_Test/Test2_POS_userturns_STATIC,round1,T2_identity_recognition,POS,1,STATIC,choice2,L20-32,3.6923645700399694,2,5,A,A
round2_to_round1,data/round1/2_Test/Test2_POS_userturns_STATIC,round1,T2_identity_recognition,POS,1,STATIC,choice2,L33-40,6.285719573497772,2,5,A,A
round2_to_round1,data/round1/2_Test/Test2_POS_userturns_STATIC,round1,T2_identity_recognition,POS,1,STATIC,choice2,L55-63,4.459551360872057,2,5,A,A
round2_to_round1,data/round1/2_Test/Test2_POS_userturns_STATIC,round1,T2_identity_recognition,POS,1,STATIC,choice2,L70-79,5.485896253585816,2,5,A,A
round2_to_round1,data/round1/2_Test/Test2_POS_userturns_STATIC,round1,T2_identity_recognition,POS,1,STATIC,choice2,L9-13,-1.5942437171936035,2,5,A,A
round2_to_round1,data/round1/2_Test/Test2_POS_userturns_STATIC,round1,T2_identity_recognition,POS,1,STATIC,manip1,L20-32,17.989971234248234,2,5,A,A
round2_to_round1,data/round1/2_Test/Test2_POS_userturns_STATIC,round1,T2_identity_recognition,POS,1,STATIC,manip1,L33-40,14.93534517288208,2,5,A,A
round2_to_round1,data/round1/2_Test/Test2_POS_userturns_STATIC,round1,T2_identity_recognition,POS,1,STATIC,manip1,L55-63,6.56695392396715,2,5,A,A
round2_to_round1,data/round1/2_Test/Test2_POS_userturns_STATIC,round1,T2_identity_recognition,POS,1,STATIC,manip1,L70-79,0.7208102196455002,2,5,A,A
round2_to_round1,data/round1/2_Test/Test2_POS_userturns_STATIC,round1,T2_identity_recognition,POS,1,STATIC,manip1,L9-13,22.87981719970703,2,5,A,A
round2_to_round1,data/round1/2_Test/Test2_POS_userturns_STATIC,round1,T2_identity_recognition,POS,1,STATIC,manip2,L20-32,34.200073829064,2,5,A,A
round2_to_round1,data/round1/2_Test/Test2_POS_userturns_STATIC,round1,T2_identity_recognition,POS,1,STATIC,manip2,L33-40,33.22505211830139,2,5,A,A
round2_to_round1,data/round1/2_Test/Test2_POS_userturns_STATIC,round1,T2_identity_recognition,POS,1,STATIC,manip2,L55-63,25.040631400214302,2,5,A,A
round2_to_round1,data/round1/2_Test/Test2_POS_userturns_STATIC,round1,T2_identity_recognition,POS,1,STATIC,manip2,L70-79,20.30570697784424,2,5,A,A
round2_to_round1,data/round1/2_Test/Test2_POS_userturns_STATIC,round1,T2_identity_recognition,POS,1,STATIC,manip2,L9-13,40.256571197509764,2,5,A,A
round2_to_round1,data/round1/2_Test/Test2_POS_userturns_STATIC,round1,T2_identity_recognition,POS,1,STATIC,report,L20-32,-12.07874114696796,2,5,A,A
round2_to_round1,data/round1/2_Test/Test2_POS_userturns_STATIC,round1,T2_identity_recognition,POS,1,STATIC,report,L33-40,-5.427110806107521,2,5,A,A
round2_to_round1,data/round1/2_Test/Test2_POS_userturns_STATIC,round1,T2_identity_recognition,POS,1,STATIC,report,L55-63,-2.5792586538526745,2,5,A,A
round2_to_round1,data/round1/2_Test/Test2_POS_userturns_STATIC,round1,T2_identity_recognition,POS,1,STATIC,report,L70-79,-3.2476200580596926,2,5,A,A
round2_to_round1,data/round1/2_Test/Test2_POS_userturns_STATIC,round1,T2_identity_recognition,POS,1,STATIC,report,L9-13,-15.010815811157226,2,5,A,A
round2_to_round1,data/round1/2_Test/Test2_POS_userturns_SWARM,round1,T2_identity_recognition,POS,1,SWARM,choice1,L20-32,3.680137134515322,4,6,A,A
round2_to_round1,data/round1/2_Test/Test2_POS_userturns_SWARM,round1,T2_identity_recognition,POS,1,SWARM,choice1,L33-40,7.589855253696442,4,6,A,A
round2_to_round1,data/round1/2_Test/Test2_POS_userturns_SWARM,round1,T2_identity_recognition,POS,1,SWARM,choice1,L55-63,12.427845001220703,4,6,A,A
round2_to_round1,data/round1/2_Test/Test2_POS_userturns_SWARM,round1,T2_identity_recognition,POS,1,SWARM,choice1,L70-79,12.354265022277833,4,6,A,A
round2_to_round1,data/round1/2_Test/Test2_POS_userturns_SWARM,round1,T2_identity_recognition,POS,1,SWARM,choice1,L9-13,5.821519899368286,4,6,A,A
round2_to_round1,data/round1/2_Test/Test2_POS_userturns_SWARM,round1,T2_identity_recognition,POS,1,SWARM,choice2,L20-32,3.164502441883087,4,6,A,A
round2_to_round1,data/round1/2_Test/Test2_POS_userturns_SWARM,round1,T2_identity_recognition,POS,1,SWARM,choice2,L33-40,5.051074534654617,4,6,A,A
round2_to_round1,data/round1/2_Test/Test2_POS_userturns_SWARM,round1,T2_identity_recognition,POS,1,SWARM,choice2,L55-63,4.104315439860026,4,6,A,A
round2_to_round1,data/round1/2_Test/Test2_POS_userturns_SWARM,round1,T2_identity_recognition,POS,1,SWARM,choice2,L70-79,4.650601720809936,4,6,A,A
round2_to_round1,data/round1/2_Test/Test2_POS_userturns_SWARM,round1,T2_identity_recognition,POS,1,SWARM,choice2,L9-13,-1.400702029466629,4,6,A,A
round2_to_round1,data/round1/2_Test/Test2_POS_userturns_SWARM,round1,T2_identity_recognition,POS,1,SWARM,manip1,L20-32,17.31297470973088,4,6,A,A
round2_to_round1,data/round1/2_Test/Test2_POS_userturns_SWARM,round1,T2_identity_recognition,POS,1,SWARM,manip1,L33-40,17.647355318069458,4,6,A,A
round2_to_round1,data/round1/2_Test/Test2_POS_userturns_SWARM,round1,T2_identity_recognition,POS,1,SWARM,manip1,L55-63,14.654786109924316,4,6,A,A
round2_to_round1,data/round1/2_Test/Test2_POS_userturns_SWARM,round1,T2_identity_recognition,POS,1,SWARM,manip1,L70-79,15.123252582550048,4,6,A,A
round2_to_round1,data/round1/2_Test/Test2_POS_userturns_SWARM,round1,T2_identity_recognition,POS,1,SWARM,manip1,L9-13,23.84265022277832,4,6,A,A
round2_to_round1,data/round1/2_Test/Test2_POS_userturns_SWARM,round1,T2_identity_recognition,POS,1,SWARM,manip2,L20-32,33.47716977046086,4,6,A,A
round2_to_round1,data/round1/2_Test/Test2_POS_userturns_SWARM,round1,T2_identity_recognition,POS,1,SWARM,manip2,L33-40,32.672104358673096,4,6,A,A
round2_to_round1,data/round1/2_Test/Test2_POS_userturns_SWARM,round1,T2_identity_recognition,POS,1,SWARM,manip2,L55-63,24.923068364461262,4,6,A,A
round2_to_round1,data/round1/2_Test/Test2_POS_userturns_SWARM,round1,T2_identity_recognition,POS,1,SWARM,manip2,L70-79,23.431271743774413,4,6,A,A
round2_to_round1,data/round1/2_Test/Test2_POS_userturns_SWARM,round1,T2_identity_recognition,POS,1,SWARM,manip2,L9-13,40.81331176757813,4,6,A,A
round2_to_round1,data/round1/2_Test/Test2_POS_userturns_SWARM,round1,T2_identity_recognition,POS,1,SWARM,report,L20-32,-12.871327180128832,4,6,A,A
round2_to_round1,data/round1/2_Test/Test2_POS_userturns_SWARM,round1,T2_identity_recognition,POS,1,SWARM,report,L33-40,-5.446687117218971,4,6,A,A
round2_to_round1,data/round1/2_Test/Test2_POS_userturns_SWARM,round1,T2_identity_recognition,POS,1,SWARM,report,L55-63,-2.5417537689208984,4,6,A,A
round2_to_round1,data/round1/2_Test/Test2_POS_userturns_SWARM,round1,T2_identity_recognition,POS,1,SWARM,report,L70-79,-3.198615312576294,4,6,A,A
round2_to_round1,data/round1/2_Test/Test2_POS_userturns_SWARM,round1,T2_identity_recognition,POS,1,SWARM,report,L9-13,-14.979657173156738,4,6,A,A
